customer_id,tenure_months,monthly_charges,total_charges,age,num_support_calls,contract_type,internet_service,payment_method,tech_support,paperless_billing,has_partner,has_dependents,senior_citizen,churn
CUST-004365,61,66.22,3998.84,60.0,2,One year,No,Electronic check,No internet service,Yes,No,No,1,0
CUST-001129,47,48.7,2277.4,66.0,1,One year,Fiber optic,Bank transfer,Yes,No,Yes,No,1,1
CUST-002602,56,36.14,2010.97,61.0,1,Two year,Fiber optic,Electronic check,No,No,No,No,1,0
CUST-001747,27,105.35,2912.18,67.0,3,Month-to-month,No,Credit card,No,Yes,No,No,0,1
CUST-003286,9,47.66,433.19,22.0,2,Month-to-month,No,Mailed check,No,Yes,Yes,Yes,0,0
CUST-000787,50,66.16,3272.61,32.0,1,One year,DSL,Electronic check,No internet service,No,No,No,0,0
CUST-002834,28,106.3,3040.4,76.0,1,Month-to-month,DSL,Electronic check,Yes,No,Yes,No,1,1
CUST-000084,45,91.43,3975.44,47.0,0,Month-to-month,Fiber optic,Electronic check,Yes,Yes,No,Yes,0,1
CUST-002995,46,79.78,3777.18,69.0,1,Month-to-month,Fiber optic,Mailed check,Yes,No,Yes,No,0,1
CUST-001557,56,108.99,5976.24,54.0,2,Month-to-month,Fiber optic,Bank transfer,Yes,No,Yes,No,0,1
CUST-001315,21,49.32,1039.22,55.0,1,Two year,No,Electronic check,No,Yes,No,No,0,0
CUST-000625,16,79.53,1246.66,30.0,0,Month-to-month,Fiber optic,Credit card,No internet service,No,No,Yes,0,1
CUST-005755,29,55.68,1640.91,45.0,0,Month-to-month,Fiber optic,Electronic check,Yes,Yes,Yes,Yes,0,1
CUST-003148,72,15.0,1095.38,18.0,0,Month-to-month,Fiber optic,Bank transfer,No internet service,Yes,Yes,Yes,0,0
CUST-005476,18,62.81,1157.54,44.0,1,Month-to-month,Fiber optic,Bank transfer,No internet service,No,No,Yes,1,1
CUST-002586,26,40.31,1023.74,32.0,3,Month-to-month,Fiber optic,Bank transfer,No,Yes,No,No,0,1
CUST-000323,66,48.81,3434.85,46.0,2,Two year,No,Electronic check,Yes,Yes,Yes,No,0,0
CUST-004445,30,31.34,925.02,28.0,0,Month-to-month,No,Bank transfer,Yes,Yes,No,No,0,0
CUST-003265,46,46.28,1964.05,72.0,1,One year,Fiber optic,Mailed check,No,No,Yes,No,0,0
CUST-001569,71,32.31,2475.39,67.0,1,Two year,DSL,Electronic check,Yes,Yes,Yes,No,0,0
CUST-003727,38,114.17,4493.39,58.0,3,Month-to-month,DSL,Credit card,Yes,Yes,Yes,No,0,0
CUST-002091,23,54.34,1276.69,31.0,2,Month-to-month,Fiber optic,Electronic check,Yes,Yes,No,No,0,0
CUST-005682,27,56.79,1469.44,52.0,3,Month-to-month,No,Electronic check,No,No,Yes,No,0,1
CUST-004588,44,74.44,3441.79,36.0,1,One year,Fiber optic,Credit card,Yes,Yes,Yes,No,0,0
CUST-000408,68,84.1,5474.68,78.0,0,Two year,DSL,Mailed check,No internet service,Yes,No,No,0,0
CUST-005842,40,21.83,853.98,30.0,0,Month-to-month,No,Credit card,Yes,No,No,No,0,1
CUST-004764,31,94.48,2741.02,70.0,0,Month-to-month,No,Electronic check,No internet service,Yes,No,Yes,0,1
CUST-005629,2,53.76,103.21,65.0,1,Month-to-month,DSL,Credit card,Yes,No,No,No,0,0
CUST-000393,43,79.63,3549.0,21.0,0,Two year,DSL,Credit card,Yes,No,Yes,Yes,0,0
CUST-003682,15,79.57,1188.68,73.0,0,Month-to-month,No,Mailed check,No,Yes,No,No,0,1
CUST-005595,25,60.13,1495.23,46.0,0,One year,No,Mailed check,No internet service,Yes,Yes,Yes,0,1
CUST-005926,54,35.46,1933.59,20.0,2,Month-to-month,No,Credit card,No,No,Yes,No,0,1
CUST-001419,34,67.22,2129.89,27.0,1,Month-to-month,Fiber optic,Credit card,No,No,Yes,Yes,0,0
CUST-002166,23,39.45,958.88,55.0,1,Month-to-month,DSL,Credit card,No,No,Yes,No,0,1
CUST-001883,61,112.02,7015.08,68.0,2,Two year,DSL,Electronic check,No,Yes,Yes,Yes,0,0
CUST-003966,57,28.5,,18.0,0,Month-to-month,Fiber optic,Bank transfer,Yes,No,Yes,No,0,0
CUST-002439,4,63.36,264.01,60.0,3,Two year,Fiber optic,Electronic check,No,Yes,No,No,0,0
CUST-003075,54,60.29,3323.02,69.0,0,Month-to-month,DSL,Credit card,Yes,Yes,No,No,0,1
CUST-004454,44,70.08,3363.86,63.0,0,One year,No,Electronic check,No,No,Yes,No,0,0
CUST-002034,71,37.27,2592.77,18.0,3,Month-to-month,DSL,Electronic check,No,Yes,No,No,0,0
CUST-002525,23,80.6,1891.19,66.0,2,Month-to-month,Fiber optic,Mailed check,Yes,Yes,Yes,No,1,1
CUST-004441,25,59.88,1397.06,56.0,0,Month-to-month,No,Electronic check,No,Yes,No,Yes,0,1
CUST-000604,60,56.63,3463.63,26.0,2,Month-to-month,DSL,Electronic check,No,No,No,No,0,1
CUST-004938,21,60.12,1297.18,69.0,0,Month-to-month,DSL,Mailed check,Yes,No,No,No,0,1
CUST-004006,18,62.73,1162.68,62.0,2,Month-to-month,Fiber optic,Credit card,No,No,Yes,No,0,1
CUST-004685,53,58.62,3174.99,77.0,2,Two year,No,Bank transfer,Yes,No,Yes,Yes,0,0
CUST-004280,34,54.61,1929.96,61.0,1,Two year,DSL,Credit card,Yes,No,No,No,0,0
CUST-004028,50,108.08,5472.53,50.0,0,Month-to-month,DSL,Mailed check,Yes,Yes,Yes,No,0,0
CUST-005969,4,29.34,113.38,23.0,0,Month-to-month,DSL,Electronic check,No internet service,No,Yes,Yes,1,0
CUST-003487,69,64.1,4439.88,70.0,1,Two year,Fiber optic,Electronic check,No,Yes,No,No,0,1
CUST-001514,18,65.48,1205.53,39.0,1,Two year,No,Electronic check,No,Yes,Yes,No,0,0
CUST-004391,59,97.98,5640.72,31.0,1,Two year,Fiber optic,Bank transfer,No,Yes,Yes,No,0,0
CUST-002977,65,105.61,7056.85,79.0,2,Month-to-month,Fiber optic,Credit card,No internet service,Yes,No,No,0,0
CUST-001194,38,57.39,2158.76,46.0,0,Month-to-month,Fiber optic,Mailed check,No internet service,Yes,Yes,No,0,0
CUST-001321,20,45.24,902.04,31.0,1,One year,Fiber optic,Credit card,No,No,No,No,1,0
CUST-001862,61,42.98,2690.28,60.0,0,One year,DSL,Credit card,No,No,Yes,No,0,0
CUST-002803,4,76.31,285.74,70.0,1,Two year,Fiber optic,Electronic check,Yes,Yes,No,No,1,1
CUST-000811,64,134.99,8857.71,27.0,1,Two year,Fiber optic,Electronic check,No,No,No,No,0,0
CUST-005725,23,80.89,1871.55,32.0,0,Month-to-month,Fiber optic,Credit card,Yes,Yes,Yes,No,0,0
CUST-000805,57,48.18,2806.48,59.0,2,Month-to-month,DSL,Electronic check,Yes,Yes,No,No,0,0
CUST-004296,32,87.96,2878.32,70.0,0,One year,DSL,Electronic check,Yes,No,Yes,Yes,1,0
CUST-004958,67,53.01,3491.07,,2,Month-to-month,Fiber optic,Electronic check,No,Yes,Yes,No,1,1
CUST-000079,48,54.47,2651.36,78.0,0,Month-to-month,No,Bank transfer,No internet service,Yes,No,No,0,1
CUST-004635,55,96.65,5536.02,44.0,1,Two year,DSL,Bank transfer,,No,No,No,0,0
CUST-003940,39,61.6,2650.46,35.0,5,Month-to-month,Fiber optic,Electronic check,Yes,No,Yes,No,0,1
CUST-001433,41,76.21,3079.19,27.0,3,Month-to-month,Fiber optic,Mailed check,No,No,Yes,No,0,0
CUST-005999,7,40.16,,27.0,1,Month-to-month,DSL,Bank transfer,No internet service,No,Yes,Yes,0,0
CUST-001600,22,27.53,,42.0,4,One year,Fiber optic,Electronic check,,Yes,Yes,Yes,0,0
CUST-000228,39,78.67,3222.13,34.0,2,One year,DSL,Bank transfer,No internet service,Yes,Yes,No,1,0
CUST-003844,67,62.63,4136.91,38.0,1,Month-to-month,Fiber optic,Bank transfer,Yes,Yes,No,No,0,0
CUST-003317,29,58.31,1734.38,54.0,0,Month-to-month,No,Credit card,No,Yes,Yes,Yes,0,0
CUST-003296,15,61.84,866.97,77.0,1,Month-to-month,DSL,Mailed check,Yes,Yes,No,No,0,0
CUST-004856,61,56.13,3374.58,61.0,1,One year,DSL,Credit card,Yes,Yes,Yes,No,0,0
CUST-003901,69,74.99,5139.59,20.0,1,One year,DSL,Electronic check,Yes,No,No,Yes,0,0
CUST-005005,69,79.83,5775.74,54.0,0,Month-to-month,Fiber optic,Mailed check,Yes,Yes,Yes,No,1,1
CUST-003885,30,68.35,2100.4,63.0,0,Month-to-month,Fiber optic,Electronic check,No,Yes,No,No,1,1
CUST-004724,21,54.67,1198.03,36.0,0,Month-to-month,DSL,Credit card,No,Yes,Yes,No,0,1
CUST-001075,11,44.05,525.19,19.0,1,Month-to-month,Fiber optic,Bank transfer,No,Yes,No,No,0,1
CUST-005956,15,50.55,824.46,36.0,1,Month-to-month,Fiber optic,Mailed check,Yes,Yes,No,Yes,0,0
CUST-002776,38,45.08,1576.97,69.0,0,Month-to-month,Fiber optic,Electronic check,No,Yes,No,No,1,0
CUST-000681,10,18.68,196.69,,3,Month-to-month,DSL,Electronic check,No,No,Yes,Yes,0,0
CUST-002549,9,65.41,548.52,19.0,1,Month-to-month,Fiber optic,Electronic check,No,No,Yes,No,0,1
CUST-003407,46,58.9,2702.64,21.0,3,One year,No,Electronic check,No internet service,Yes,Yes,No,1,0
CUST-002098,54,85.51,4809.88,29.0,0,Month-to-month,Fiber optic,Mailed check,No,No,No,Yes,0,0
CUST-005564,6,115.22,633.97,67.0,3,One year,Fiber optic,Electronic check,Yes,Yes,No,Yes,0,0
CUST-001221,40,47.87,1947.02,55.0,1,Two year,DSL,Bank transfer,No internet service,No,Yes,No,0,0
CUST-001912,0,86.7,0.0,45.0,2,Month-to-month,DSL,Bank transfer,No internet service,No,No,No,0,0
CUST-004558,54,59.89,3282.14,75.0,3,Month-to-month,No,Mailed check,No,Yes,Yes,Yes,0,0
CUST-000037,60,90.7,5572.23,60.0,0,One year,Fiber optic,Electronic check,Yes,No,No,Yes,1,0
CUST-002364,55,63.95,3755.94,62.0,0,Two year,No,Credit card,No,Yes,Yes,No,0,0
CUST-001215,8,62.1,479.99,73.0,2,Month-to-month,No,Electronic check,No internet service,Yes,No,Yes,0,0
CUST-002132,37,73.95,2976.11,64.0,3,Month-to-month,Fiber optic,Bank transfer,No,No,No,Yes,1,0
CUST-005306,28,69.96,1906.84,24.0,0,Month-to-month,Fiber optic,Credit card,Yes,Yes,No,No,0,1
CUST-000233,55,43.1,2352.84,79.0,0,One year,Fiber optic,Credit card,No,Yes,No,Yes,0,0
CUST-003311,29,103.78,2974.83,71.0,0,One year,No,Credit card,No internet service,No,Yes,No,0,0
CUST-005008,52,78.22,3892.53,39.0,0,Month-to-month,DSL,Bank transfer,No,Yes,No,No,0,1
CUST-004104,5,44.5,225.55,,0,Two year,DSL,Electronic check,Yes,Yes,Yes,No,1,0
CUST-005376,12,65.21,770.23,72.0,2,Month-to-month,DSL,Electronic check,No internet service,No,Yes,No,1,1
CUST-005384,4,15.0,66.15,72.0,0,One year,Fiber optic,Electronic check,No internet service,No,Yes,No,0,0
CUST-004055,27,48.43,1243.34,,1,Month-to-month,DSL,Electronic check,No,No,No,No,0,0
CUST-001643,43,42.55,1926.16,18.0,2,Month-to-month,Fiber optic,Electronic check,Yes,Yes,No,No,0,0
CUST-002312,37,68.51,2608.73,68.0,1,Two year,Fiber optic,Bank transfer,Yes,Yes,No,No,0,1
CUST-004982,13,53.05,680.45,63.0,0,One year,DSL,Credit card,Yes,No,No,No,0,0
CUST-000696,52,80.77,3980.53,27.0,1,Two year,No,Mailed check,No,No,No,No,0,0
CUST-005957,52,60.54,3472.79,30.0,0,One year,Fiber optic,Electronic check,No,Yes,No,No,0,0
CUST-002550,47,100.42,4803.22,39.0,2,Two year,Fiber optic,Credit card,No,Yes,No,No,0,0
CUST-002929,47,39.08,1804.83,76.0,0,Month-to-month,DSL,Electronic check,No,Yes,No,Yes,1,0
CUST-000093,28,83.39,2293.95,46.0,2,One year,DSL,Credit card,No,Yes,Yes,No,1,0
CUST-001397,47,110.92,4893.21,29.0,2,One year,DSL,Electronic check,Yes,No,No,No,1,0
CUST-004086,19,67.36,1204.38,40.0,2,Month-to-month,Fiber optic,Electronic check,No internet service,Yes,Yes,No,0,0
CUST-005585,54,67.4,3597.22,73.0,0,Month-to-month,DSL,Electronic check,No,No,Yes,Yes,0,0
CUST-002516,50,69.02,3235.47,57.0,0,Month-to-month,DSL,Electronic check,No internet service,No,No,Yes,0,0
CUST-003574,69,67.69,4816.83,58.0,2,Month-to-month,Fiber optic,Electronic check,No,Yes,No,No,1,1
CUST-005883,16,62.79,1026.65,65.0,0,Month-to-month,No,Mailed check,Yes,Yes,Yes,No,0,0
CUST-004782,25,36.07,914.02,34.0,3,Two year,DSL,Mailed check,No,Yes,No,No,0,0
CUST-001498,34,23.62,785.64,59.0,1,One year,Fiber optic,Mailed check,Yes,No,Yes,Yes,0,0
CUST-000324,71,106.11,8088.53,51.0,1,Two year,DSL,Credit card,No,Yes,Yes,No,0,0
CUST-005562,57,58.89,3083.22,79.0,0,Two year,Fiber optic,Electronic check,Yes,Yes,No,No,0,0
CUST-000544,60,59.43,3207.82,67.0,5,Two year,DSL,Electronic check,Yes,Yes,Yes,Yes,0,0
CUST-005371,53,30.08,1535.91,23.0,0,Month-to-month,Fiber optic,Bank transfer,No,Yes,No,No,1,1
CUST-000023,67,78.28,5380.22,74.0,1,One year,No,Bank transfer,No,Yes,Yes,No,0,0
CUST-002131,71,57.62,4111.68,40.0,2,Month-to-month,No,Mailed check,No,Yes,Yes,No,0,1
CUST-001817,18,86.66,1525.87,60.0,1,Two year,Fiber optic,Electronic check,No,Yes,No,No,1,0
CUST-002941,68,33.02,2253.0,54.0,0,Month-to-month,Fiber optic,Credit card,Yes,No,No,Yes,0,1
CUST-001721,54,68.64,3877.14,36.0,2,Month-to-month,DSL,Credit card,No,No,No,No,0,1
CUST-002133,29,15.0,432.14,18.0,3,Month-to-month,Fiber optic,Electronic check,No,Yes,No,No,0,1
CUST-003599,45,93.82,4238.9,46.0,0,Month-to-month,No,Mailed check,Yes,Yes,No,Yes,0,0
CUST-000565,17,59.21,994.15,26.0,0,Two year,Fiber optic,Bank transfer,No,Yes,Yes,Yes,0,0
CUST-003995,24,46.07,1135.14,36.0,2,One year,Fiber optic,Electronic check,Yes,No,No,No,0,0
CUST-003839,69,65.74,4687.79,35.0,1,Month-to-month,Fiber optic,Bank transfer,No,Yes,No,No,0,1
CUST-005256,4,70.0,257.02,45.0,3,One year,Fiber optic,Electronic check,No internet service,No,Yes,Yes,0,0
CUST-001864,60,86.15,4867.71,33.0,2,One year,Fiber optic,Electronic check,No,Yes,Yes,No,0,0
CUST-003903,0,73.69,0.0,68.0,1,Month-to-month,DSL,Electronic check,Yes,Yes,Yes,No,1,0
CUST-000156,9,89.24,881.84,22.0,0,Month-to-month,Fiber optic,Electronic check,No,No,No,No,0,0
CUST-002480,47,88.18,4330.01,44.0,2,One year,DSL,Electronic check,No,No,Yes,No,1,0
CUST-003279,53,89.85,4701.44,33.0,0,Month-to-month,Fiber optic,Electronic check,No,No,Yes,No,0,0
CUST-003618,31,37.86,1179.71,50.0,1,One year,DSL,Electronic check,Yes,Yes,Yes,Yes,0,0
CUST-000177,11,70.88,748.33,55.0,2,Two year,Fiber optic,Electronic check,No internet service,Yes,No,Yes,1,0
CUST-001669,52,63.65,3437.56,24.0,2,Month-to-month,DSL,Electronic check,No,Yes,No,Yes,0,1
CUST-000439,29,28.07,889.18,49.0,2,Two year,No,Bank transfer,Yes,Yes,Yes,No,0,0
CUST-003718,49,53.14,2514.02,31.0,0,Month-to-month,DSL,Electronic check,No,Yes,Yes,No,0,0
CUST-001188,41,83.32,3194.76,38.0,0,Two year,Fiber optic,Electronic check,Yes,Yes,No,No,0,0
CUST-000263,67,32.46,2290.43,20.0,0,Month-to-month,Fiber optic,Electronic check,No,Yes,No,No,0,0
CUST-001835,10,27.55,,48.0,1,One year,No,Credit card,No,Yes,No,No,0,0
CUST-004306,53,57.76,2998.39,61.0,0,Two year,Fiber optic,Bank transfer,No internet service,No,No,No,0,0
CUST-001448,53,72.81,3925.8,38.0,1,Month-to-month,Fiber optic,Electronic check,No,Yes,Yes,No,0,1
CUST-000221,33,49.79,1645.72,69.0,1,One year,DSL,Credit card,No,Yes,No,No,0,0
CUST-000254,48,46.92,2317.48,62.0,0,One year,Fiber optic,Electronic check,No,Yes,No,No,0,0
CUST-000308,23,43.68,1045.8,26.0,0,Month-to-month,No,Electronic check,Yes,No,Yes,No,0,1
CUST-001084,14,89.19,1308.18,47.0,4,Month-to-month,Fiber optic,Electronic check,Yes,No,Yes,No,0,1
CUST-004568,22,15.0,301.33,34.0,1,Month-to-month,DSL,Mailed check,No,Yes,No,No,0,1
CUST-000747,22,49.17,1080.06,,0,Month-to-month,Fiber optic,Mailed check,Yes,Yes,Yes,No,0,1
CUST-000031,16,65.71,1053.97,43.0,1,Month-to-month,No,Electronic check,No internet service,Yes,No,Yes,0,1
CUST-000553,23,83.32,2040.83,21.0,2,Month-to-month,DSL,Mailed check,Yes,No,No,Yes,0,0
CUST-002031,12,48.76,568.23,64.0,0,One year,No,Bank transfer,Yes,No,Yes,Yes,0,0
CUST-004419,7,15.0,101.43,27.0,0,Month-to-month,DSL,Electronic check,No internet service,Yes,No,No,0,0
CUST-002874,27,61.25,1696.95,72.0,2,Month-to-month,DSL,Mailed check,No,Yes,Yes,Yes,0,0
CUST-001964,59,96.38,5365.61,36.0,0,Month-to-month,No,Electronic check,No internet service,Yes,Yes,Yes,0,1
CUST-002344,42,53.23,2203.42,40.0,2,Month-to-month,No,Bank transfer,No internet service,Yes,Yes,No,1,0
CUST-005556,7,19.57,129.69,77.0,1,One year,DSL,Electronic check,Yes,Yes,No,Yes,0,0
CUST-005779,9,94.44,833.94,27.0,0,Two year,No,Bank transfer,Yes,Yes,Yes,No,0,0
CUST-000167,12,39.6,498.04,66.0,0,One year,DSL,Electronic check,Yes,No,Yes,Yes,0,0
CUST-000763,68,47.52,3418.74,53.0,2,Two year,Fiber optic,Credit card,No,Yes,Yes,No,0,1
CUST-002328,1,87.58,92.65,31.0,0,Month-to-month,DSL,Bank transfer,No,No,No,Yes,0,1
CUST-001261,67,96.94,6184.96,66.0,0,One year,DSL,Bank transfer,No,Yes,Yes,No,0,0
CUST-000319,56,29.87,1777.78,53.0,0,Month-to-month,DSL,Mailed check,No,Yes,Yes,No,0,0
CUST-004322,33,57.35,1912.07,33.0,1,Month-to-month,No,Electronic check,Yes,No,No,Yes,1,0
CUST-002789,60,65.42,3974.92,50.0,0,One year,No,Credit card,No,Yes,Yes,No,0,0
CUST-000296,62,28.68,1751.24,67.0,3,Month-to-month,DSL,Credit card,No,No,No,Yes,0,0
CUST-003872,63,53.69,3296.93,30.0,2,Month-to-month,No,Mailed check,Yes,Yes,No,No,0,0
CUST-000530,43,30.47,1088.42,73.0,4,Month-to-month,Fiber optic,Electronic check,No,Yes,Yes,No,0,1
CUST-003740,16,23.84,393.12,62.0,0,One year,Fiber optic,Credit card,No,Yes,Yes,Yes,0,1
CUST-002877,68,112.3,7627.76,49.0,1,Month-to-month,Fiber optic,Credit card,Yes,Yes,No,No,0,0
CUST-005576,42,57.04,2393.92,54.0,0,One year,Fiber optic,Credit card,No internet service,Yes,No,Yes,1,1
CUST-004083,57,101.95,6177.87,42.0,2,Month-to-month,Fiber optic,Electronic check,No,Yes,Yes,No,0,0
CUST-000346,72,55.01,4382.86,68.0,3,Month-to-month,Fiber optic,Electronic check,Yes,Yes,No,No,1,0
CUST-000080,68,67.97,4943.95,32.0,1,Month-to-month,DSL,Mailed check,No,Yes,No,No,0,0
CUST-002780,22,129.26,2840.62,33.0,2,Month-to-month,No,Mailed check,Yes,Yes,No,No,0,0
CUST-002847,28,58.04,1717.31,69.0,1,Month-to-month,No,Electronic check,Yes,Yes,No,No,0,0
CUST-003970,34,76.66,2391.89,78.0,2,Month-to-month,No,Bank transfer,No internet service,No,Yes,No,0,1
CUST-005806,31,78.84,,64.0,0,Two year,Fiber optic,Bank transfer,No,Yes,Yes,No,1,1
CUST-001357,9,53.95,532.45,51.0,0,Two year,DSL,Electronic check,No internet service,Yes,No,No,0,0
CUST-005357,54,60.2,3345.42,66.0,1,Month-to-month,Fiber optic,Mailed check,No,Yes,Yes,No,0,0
CUST-001039,60,70.86,4483.64,69.0,1,Month-to-month,No,Credit card,No,No,Yes,No,0,0
CUST-000865,50,85.98,4554.5,26.0,2,One year,DSL,Mailed check,No,No,Yes,No,0,1
CUST-002142,70,65.98,4787.68,35.0,2,Two year,Fiber optic,Electronic check,Yes,No,Yes,No,0,0
CUST-005640,54,39.71,2309.26,48.0,1,Month-to-month,Fiber optic,Mailed check,No,Yes,Yes,No,0,0
CUST-001730,56,47.63,2622.72,51.0,0,Two year,No,Electronic check,No internet service,No,No,No,1,0
CUST-002694,68,15.0,1019.18,61.0,0,One year,DSL,Credit card,No,Yes,No,No,0,0
CUST-005346,36,75.17,2616.16,31.0,3,One year,No,Bank transfer,Yes,Yes,Yes,No,1,0
CUST-004359,70,60.17,4304.82,71.0,1,Month-to-month,DSL,Electronic check,Yes,No,Yes,No,0,0
CUST-004051,28,37.8,1034.05,66.0,2,One year,DSL,Mailed check,No,Yes,Yes,No,0,0
CUST-000157,40,95.95,3867.26,38.0,1,Month-to-month,DSL,Credit card,No,Yes,No,No,0,0
CUST-000576,67,39.08,2623.49,65.0,1,One year,No,Electronic check,No,Yes,No,Yes,0,0
CUST-000325,16,43.09,632.8,70.0,0,One year,Fiber optic,Bank transfer,No,No,Yes,Yes,0,0
CUST-004211,51,59.73,2879.39,50.0,0,Month-to-month,Fiber optic,Mailed check,Yes,Yes,No,Yes,0,0
CUST-005962,60,96.73,6048.17,29.0,2,Month-to-month,No,Mailed check,No internet service,Yes,Yes,Yes,0,1
CUST-003252,11,28.71,285.78,31.0,2,Month-to-month,Fiber optic,Electronic check,Yes,Yes,Yes,No,0,1
CUST-004836,10,63.5,620.94,25.0,1,One year,Fiber optic,Credit card,No internet service,No,Yes,No,1,1
CUST-005439,40,68.18,2583.93,67.0,0,One year,DSL,Mailed check,No internet service,No,No,Yes,0,0
CUST-004669,31,86.29,2745.54,67.0,1,Month-to-month,Fiber optic,Electronic check,No,Yes,Yes,No,0,0
CUST-000960,11,38.59,446.11,64.0,1,Month-to-month,Fiber optic,Electronic check,No internet service,No,Yes,No,1,1
CUST-002721,48,51.3,2445.77,66.0,0,Two year,Fiber optic,Bank transfer,No internet service,Yes,No,No,0,0
CUST-000706,0,31.35,0.0,55.0,1,One year,No,Bank transfer,No internet service,Yes,No,No,0,0
CUST-003297,66,65.26,4139.72,50.0,1,Month-to-month,Fiber optic,Bank transfer,No,Yes,Yes,No,0,1
CUST-000401,56,66.41,3527.22,57.0,3,Month-to-month,DSL,Mailed check,Yes,Yes,Yes,Yes,1,1
CUST-005513,63,99.89,5866.61,24.0,3,Two year,Fiber optic,Bank transfer,Yes,No,No,No,1,1
CUST-002650,64,38.63,2493.23,60.0,1,Month-to-month,DSL,Mailed check,No,No,No,Yes,0,1
CUST-004761,61,85.45,4836.9,73.0,0,Month-to-month,Fiber optic,Bank transfer,No,Yes,No,No,0,0
CUST-002373,29,68.37,1875.79,42.0,0,Month-to-month,DSL,Bank transfer,No,Yes,Yes,No,0,0
CUST-003819,65,45.04,2709.53,43.0,1,One year,Fiber optic,Bank transfer,No internet service,Yes,No,Yes,0,0
CUST-004969,59,92.05,5830.33,37.0,3,Month-to-month,DSL,Electronic check,Yes,No,Yes,No,0,0
CUST-005743,33,15.0,500.82,21.0,1,One year,DSL,Credit card,No,Yes,Yes,No,0,0
CUST-001647,48,56.17,2809.14,56.0,2,Two year,Fiber optic,Mailed check,No internet service,Yes,No,No,0,1
CUST-003809,44,45.55,1911.23,40.0,1,One year,DSL,Mailed check,No internet service,No,Yes,Yes,0,1
CUST-005744,1,56.84,57.4,37.0,1,Month-to-month,Fiber optic,Credit card,No,No,Yes,Yes,1,1
CUST-002932,11,23.77,251.56,54.0,3,One year,Fiber optic,Mailed check,No internet service,Yes,No,Yes,0,1
CUST-002389,63,48.63,2985.0,37.0,1,Month-to-month,Fiber optic,Electronic check,No internet service,No,Yes,Yes,0,1
CUST-004827,39,68.34,2674.74,77.0,1,Month-to-month,Fiber optic,Electronic check,No,No,Yes,No,0,1
CUST-002228,21,27.99,575.8,46.0,2,Month-to-month,DSL,Credit card,Yes,No,No,No,0,0
CUST-000538,39,57.42,2187.83,55.0,0,Month-to-month,Fiber optic,Mailed check,No internet service,Yes,No,Yes,0,0
CUST-002375,72,98.77,6430.89,70.0,1,Month-to-month,DSL,Mailed check,Yes,Yes,Yes,No,0,0
CUST-005628,32,92.59,3109.11,30.0,0,Two year,Fiber optic,Electronic check,No,No,Yes,No,0,0
CUST-001235,25,62.65,1554.14,20.0,1,Two year,DSL,Credit card,Yes,Yes,Yes,Yes,0,0
CUST-001684,26,39.93,1060.02,56.0,3,Month-to-month,Fiber optic,Electronic check,No internet service,Yes,Yes,No,0,0
CUST-001755,23,60.12,1380.56,35.0,2,Month-to-month,DSL,Electronic check,Yes,No,No,No,0,0
CUST-001212,33,18.97,609.21,32.0,2,One year,Fiber optic,Electronic check,No,Yes,No,No,0,0
CUST-004385,52,41.57,2265.01,33.0,1,One year,Fiber optic,Credit card,No internet service,Yes,Yes,No,0,0
CUST-000977,41,98.81,4022.7,32.0,2,Two year,DSL,Electronic check,Yes,Yes,No,No,0,1
CUST-002042,54,49.5,2538.4,66.0,2,One year,Fiber optic,Electronic check,Yes,Yes,No,Yes,1,1
CUST-004899,42,72.05,3064.13,59.0,2,One year,No,Bank transfer,Yes,No,Yes,No,0,0
CUST-002348,14,74.57,975.45,42.0,1,One year,Fiber optic,Electronic check,No,No,No,Yes,0,1
CUST-002836,70,68.74,4561.19,32.0,1,One year,DSL,Credit card,No,Yes,Yes,No,1,0
CUST-004416,34,80.52,2705.07,67.0,0,Month-to-month,DSL,Electronic check,Yes,Yes,Yes,Yes,0,1
CUST-000050,55,71.48,3551.52,62.0,1,Month-to-month,Fiber optic,Mailed check,No,Yes,Yes,No,0,0
CUST-004058,14,73.42,1046.42,73.0,3,Month-to-month,Fiber optic,Bank transfer,No,Yes,No,No,1,1
CUST-001319,28,77.06,2273.43,,1,One year,No,Bank transfer,Yes,No,No,No,0,0
CUST-001468,56,53.36,2916.24,50.0,1,One year,No,Bank transfer,Yes,Yes,No,Yes,0,0
CUST-002337,59,86.81,5026.32,53.0,1,One year,DSL,Electronic check,No,Yes,No,No,0,0
CUST-002765,39,49.7,1978.39,77.0,2,Month-to-month,DSL,Bank transfer,No,Yes,No,No,0,1
CUST-003543,56,63.81,3393.53,77.0,2,One year,DSL,Mailed check,Yes,No,No,No,0,0
CUST-004678,47,54.87,2371.28,75.0,2,Month-to-month,No,Mailed check,No,No,No,No,0,0
CUST-003477,38,108.95,4068.97,65.0,2,Two year,Fiber optic,Credit card,Yes,Yes,No,No,0,0
CUST-001650,13,97.2,1312.95,29.0,1,Month-to-month,No,Credit card,No internet service,Yes,No,No,0,1
CUST-001268,69,15.27,1066.68,68.0,1,Month-to-month,Fiber optic,Bank transfer,Yes,No,No,No,1,0
CUST-004686,69,99.33,6864.06,,3,Month-to-month,Fiber optic,Credit card,Yes,Yes,Yes,Yes,0,0
CUST-002691,44,52.88,2325.35,57.0,1,One year,Fiber optic,Credit card,No,No,No,No,0,1
CUST-005537,61,75.13,4846.11,75.0,0,Month-to-month,DSL,Mailed check,Yes,No,No,No,0,0
CUST-004824,36,70.59,2445.8,61.0,1,One year,Fiber optic,Electronic check,No,No,Yes,No,0,1
CUST-003021,9,59.83,506.97,38.0,3,Two year,Fiber optic,Mailed check,No internet service,No,Yes,Yes,0,0
CUST-003765,29,56.87,1686.06,19.0,0,Month-to-month,No,Mailed check,No internet service,No,Yes,No,0,1
CUST-002232,68,47.53,3147.87,53.0,0,Month-to-month,No,Mailed check,Yes,Yes,No,No,0,0
CUST-002809,13,79.59,1016.51,52.0,1,One year,Fiber optic,Electronic check,No,No,No,No,1,0
CUST-005047,45,38.29,1751.72,73.0,1,Month-to-month,Fiber optic,Credit card,Yes,Yes,Yes,No,0,0
CUST-005655,16,82.63,1324.83,32.0,1,One year,Fiber optic,Mailed check,No internet service,Yes,Yes,Yes,0,1
CUST-004649,19,81.68,1534.63,68.0,0,Two year,DSL,Mailed check,No,Yes,Yes,No,0,0
CUST-005066,38,71.21,2468.34,28.0,1,Two year,Fiber optic,Mailed check,No,Yes,Yes,No,0,0
CUST-000578,65,30.15,,58.0,3,One year,DSL,Mailed check,No,Yes,Yes,Yes,1,0
CUST-003184,45,36.8,1681.51,42.0,0,Month-to-month,Fiber optic,Electronic check,Yes,Yes,Yes,No,0,1
CUST-001158,28,66.54,1881.05,20.0,1,One year,Fiber optic,Bank transfer,No,Yes,No,Yes,1,0
CUST-002463,42,75.94,3085.87,66.0,2,One year,Fiber optic,Credit card,No internet service,Yes,Yes,No,0,0
CUST-004371,12,63.88,741.16,77.0,1,Month-to-month,DSL,Mailed check,No,Yes,No,No,0,1
CUST-004266,25,85.82,2096.58,50.0,1,Two year,Fiber optic,Bank transfer,Yes,No,No,No,1,0
CUST-000469,68,47.17,3272.18,38.0,1,Month-to-month,Fiber optic,Bank transfer,No,Yes,No,No,0,0
CUST-002095,56,85.62,4469.25,25.0,3,Month-to-month,DSL,Bank transfer,Yes,Yes,No,No,0,0
CUST-003333,61,75.72,4465.06,42.0,1,Month-to-month,Fiber optic,Bank transfer,Yes,Yes,No,Yes,0,0
CUST-002304,66,73.4,4908.7,46.0,0,Month-to-month,Fiber optic,Electronic check,No,No,Yes,Yes,0,1
CUST-000926,39,74.87,2662.48,27.0,3,Month-to-month,Fiber optic,Credit card,Yes,Yes,No,Yes,0,0
CUST-001350,4,53.41,200.28,23.0,0,One year,DSL,Credit card,Yes,No,Yes,No,0,0
CUST-001383,65,80.33,5450.87,18.0,1,One year,No,Credit card,No,Yes,No,No,0,0
CUST-005144,46,100.34,4490.92,68.0,1,Month-to-month,Fiber optic,Electronic check,Yes,Yes,No,No,1,1
CUST-000239,45,89.42,4306.08,70.0,0,Month-to-month,Fiber optic,Bank transfer,No,No,Yes,Yes,1,0
CUST-000199,70,66.3,4663.29,33.0,0,One year,DSL,Bank transfer,Yes,Yes,No,No,0,0
CUST-004743,23,59.88,1465.32,39.0,1,Two year,DSL,Credit card,Yes,Yes,No,No,0,1
CUST-001706,71,49.86,3613.4,63.0,0,Month-to-month,DSL,Mailed check,No,Yes,Yes,No,0,1
CUST-001954,70,104.82,7670.34,50.0,3,One year,DSL,Credit card,No internet service,No,Yes,No,0,0
CUST-003470,16,30.46,483.69,25.0,0,Two year,Fiber optic,Credit card,Yes,No,No,Yes,0,0
CUST-003383,66,63.45,4204.34,22.0,1,Month-to-month,DSL,Credit card,No,Yes,No,Yes,0,0
CUST-001550,20,70.73,1412.8,66.0,3,One year,No,Bank transfer,No,Yes,Yes,No,0,0
CUST-005849,4,68.96,276.47,23.0,0,Two year,Fiber optic,Electronic check,Yes,Yes,Yes,No,0,0
CUST-000465,70,18.54,1296.36,79.0,1,Two year,No,Mailed check,Yes,Yes,Yes,No,0,0
CUST-001803,18,45.47,789.12,47.0,2,Two year,Fiber optic,Bank transfer,Yes,Yes,Yes,No,0,0
CUST-000101,14,92.29,1352.14,48.0,0,Month-to-month,DSL,Electronic check,Yes,Yes,Yes,No,0,0
CUST-004189,65,23.86,1495.1,63.0,0,One year,Fiber optic,Mailed check,Yes,Yes,Yes,No,1,0
CUST-001536,11,44.57,472.76,75.0,1,One year,DSL,Bank transfer,Yes,No,Yes,No,0,1
CUST-000472,31,33.81,1098.41,70.0,0,Month-to-month,No,Electronic check,Yes,Yes,No,Yes,0,0
CUST-002072,29,25.23,681.89,54.0,0,Two year,DSL,Credit card,No internet service,No,Yes,No,1,0
CUST-004402,29,98.4,2903.34,69.0,2,Two year,Fiber optic,Credit card,No internet service,Yes,Yes,No,0,0
CUST-000410,12,84.55,1017.68,63.0,1,One year,No,Electronic check,No,Yes,No,No,0,0
CUST-002022,48,116.63,5600.0,23.0,0,Month-to-month,DSL,Bank transfer,Yes,Yes,Yes,No,0,0
CUST-003758,5,75.97,395.25,67.0,2,One year,No,Electronic check,Yes,No,No,No,0,0
CUST-005586,16,75.11,1124.29,71.0,1,One year,DSL,Bank transfer,Yes,Yes,Yes,No,0,0
CUST-005153,50,90.9,4317.18,23.0,3,Month-to-month,Fiber optic,Electronic check,No,Yes,Yes,No,1,1
CUST-003208,30,73.88,2110.98,66.0,0,One year,Fiber optic,Credit card,Yes,Yes,Yes,No,0,0
CUST-004128,39,47.79,1882.36,64.0,0,Month-to-month,Fiber optic,Electronic check,No,Yes,No,No,0,0
CUST-004671,50,51.45,2577.18,70.0,2,One year,No,Electronic check,No internet service,Yes,Yes,No,0,0
CUST-002960,67,94.67,6571.46,79.0,2,Two year,No,Mailed check,No internet service,Yes,No,No,1,0
CUST-001867,55,65.63,3873.35,28.0,4,Two year,Fiber optic,Electronic check,No internet service,Yes,Yes,No,0,0
CUST-004480,34,88.09,2859.61,38.0,1,One year,Fiber optic,Bank transfer,No,Yes,No,Yes,0,1
CUST-002996,22,69.3,1590.6,72.0,0,Month-to-month,Fiber optic,Electronic check,Yes,No,No,No,0,1
CUST-004354,35,103.5,3994.66,44.0,0,Month-to-month,Fiber optic,Credit card,No internet service,No,No,No,0,0
CUST-000881,62,93.72,6196.48,68.0,2,Two year,DSL,Credit card,No,Yes,Yes,Yes,1,0
CUST-005715,31,53.59,1606.13,39.0,1,Month-to-month,Fiber optic,Mailed check,No internet service,Yes,No,Yes,0,1
CUST-002754,72,99.28,6726.7,56.0,2,One year,DSL,Credit card,Yes,No,Yes,Yes,0,0
CUST-002505,8,73.08,545.41,21.0,3,Month-to-month,DSL,Electronic check,No internet service,No,Yes,No,0,1
CUST-004647,5,92.14,506.51,40.0,1,One year,Fiber optic,Credit card,No,Yes,No,No,1,1
CUST-001888,4,48.19,199.11,62.0,0,Month-to-month,No,Mailed check,No,Yes,Yes,No,0,1
CUST-004830,25,76.98,1922.67,75.0,2,Month-to-month,DSL,Mailed check,Yes,Yes,No,No,0,1
CUST-002138,39,63.78,2328.35,19.0,2,Two year,Fiber optic,Electronic check,Yes,No,No,No,0,0
CUST-003164,9,43.93,420.72,19.0,1,Month-to-month,Fiber optic,Bank transfer,No,No,No,No,0,0
CUST-001665,28,94.51,2744.6,61.0,0,Month-to-month,No,Credit card,Yes,No,No,No,1,1
CUST-000599,46,97.67,4877.43,36.0,0,Two year,Fiber optic,Bank transfer,No,Yes,No,No,0,1
CUST-003334,5,93.28,491.7,44.0,2,Month-to-month,Fiber optic,Mailed check,Yes,Yes,No,No,0,0
CUST-000371,48,142.21,6474.53,55.0,2,One year,No,Bank transfer,No,Yes,No,Yes,1,0
CUST-002603,41,42.64,1713.18,20.0,0,Month-to-month,DSL,Electronic check,No internet service,No,No,Yes,1,1
CUST-001049,8,56.06,456.16,75.0,1,Two year,DSL,Electronic check,No,Yes,No,No,1,0
CUST-001870,3,89.35,,56.0,5,Two year,Fiber optic,Electronic check,No,No,Yes,No,0,0
CUST-002913,16,89.05,1573.01,63.0,1,One year,No,Mailed check,Yes,Yes,Yes,No,0,0
CUST-005067,1,73.34,74.88,76.0,1,One year,No,Bank transfer,No,Yes,No,No,0,0
CUST-001892,64,48.74,3055.94,58.0,2,Two year,No,Bank transfer,No internet service,Yes,No,Yes,0,0
CUST-001142,67,44.38,3176.46,58.0,2,One year,DSL,Bank transfer,Yes,Yes,No,Yes,0,0
CUST-002526,34,87.48,2975.88,48.0,3,Month-to-month,Fiber optic,Bank transfer,Yes,No,No,No,0,0
CUST-003834,10,63.81,638.5,34.0,0,Month-to-month,DSL,Bank transfer,No,Yes,Yes,Yes,0,1
CUST-004832,28,64.05,1812.86,36.0,1,Two year,DSL,Bank transfer,Yes,No,No,Yes,0,0
CUST-000132,6,65.1,392.22,18.0,3,One year,DSL,Electronic check,No,No,No,No,0,0
CUST-001170,45,111.26,4829.93,63.0,1,Month-to-month,No,Mailed check,No internet service,Yes,Yes,No,0,0
CUST-004874,13,74.8,928.97,77.0,0,Month-to-month,DSL,Electronic check,No,Yes,No,Yes,0,1
CUST-002833,39,52.82,1894.87,38.0,0,Month-to-month,DSL,Credit card,Yes,Yes,Yes,No,0,0
CUST-001769,14,19.69,287.25,72.0,0,Month-to-month,DSL,Electronic check,No internet service,No,Yes,No,0,1
CUST-005500,69,60.68,4185.7,78.0,3,Two year,Fiber optic,Bank transfer,No,No,Yes,Yes,0,0
CUST-000746,38,66.99,2630.94,43.0,2,Month-to-month,No,Mailed check,No,Yes,No,No,0,1
CUST-001879,7,64.56,441.89,77.0,1,Month-to-month,Fiber optic,Bank transfer,Yes,No,No,Yes,1,0
CUST-001322,40,89.53,3633.14,30.0,3,Month-to-month,DSL,Mailed check,No,Yes,No,No,0,1
CUST-003481,17,25.06,414.6,73.0,1,Month-to-month,DSL,Credit card,No,Yes,Yes,No,0,1
CUST-000501,47,33.02,1545.41,63.0,1,One year,No,Mailed check,No internet service,Yes,Yes,Yes,0,0
CUST-004096,39,77.67,2837.01,66.0,0,Month-to-month,No,Electronic check,No,No,Yes,No,0,1
CUST-002821,60,43.19,2654.22,65.0,1,Month-to-month,Fiber optic,Credit card,Yes,Yes,Yes,Yes,0,0
CUST-002486,17,34.73,595.8,71.0,2,Month-to-month,DSL,Credit card,No,No,No,No,0,1
CUST-004597,0,57.07,0.0,34.0,2,Month-to-month,Fiber optic,Credit card,No internet service,Yes,No,No,0,1
CUST-005307,54,35.54,1870.85,39.0,1,One year,DSL,Bank transfer,No internet service,Yes,Yes,No,0,0
CUST-000800,0,55.63,0.0,19.0,2,One year,DSL,Credit card,No,No,No,No,0,0
CUST-003789,23,50.37,1213.6,52.0,2,One year,No,Mailed check,Yes,No,Yes,Yes,0,0
CUST-003203,10,38.53,372.95,50.0,0,Month-to-month,DSL,Bank transfer,Yes,Yes,Yes,No,0,0
CUST-001905,17,95.01,1687.5,20.0,0,Month-to-month,DSL,Electronic check,No,Yes,No,Yes,0,0
CUST-002306,23,60.36,1383.75,71.0,1,One year,DSL,Electronic check,No internet service,Yes,Yes,No,1,0
CUST-002080,60,106.86,6012.77,41.0,4,Month-to-month,Fiber optic,Electronic check,No internet service,No,No,No,1,0
CUST-000168,24,51.94,1298.77,66.0,1,Month-to-month,No,Bank transfer,No internet service,Yes,Yes,Yes,0,1
CUST-003017,15,15.0,247.27,,1,One year,Fiber optic,Mailed check,No internet service,Yes,Yes,No,0,0
CUST-002523,29,18.6,535.92,30.0,3,Month-to-month,Fiber optic,Credit card,Yes,No,Yes,Yes,0,0
CUST-001609,9,18.68,163.95,57.0,1,Month-to-month,DSL,Electronic check,No,Yes,Yes,Yes,0,1
CUST-002642,14,62.94,862.97,49.0,2,Two year,Fiber optic,Electronic check,Yes,Yes,Yes,Yes,1,1
CUST-000476,61,63.99,3650.41,78.0,3,Month-to-month,DSL,Credit card,No,Yes,No,No,0,1
CUST-004879,55,40.61,2085.72,41.0,1,One year,Fiber optic,Mailed check,No,No,Yes,No,0,1
CUST-003742,68,48.94,3565.86,32.0,1,Month-to-month,Fiber optic,Credit card,No internet service,Yes,Yes,No,0,0
CUST-005304,17,70.8,1265.71,39.0,0,Two year,Fiber optic,Credit card,No,Yes,No,No,0,0
CUST-002842,55,72.94,4191.93,35.0,0,One year,Fiber optic,Bank transfer,Yes,Yes,Yes,No,0,1
CUST-002409,1,68.03,66.88,40.0,1,Month-to-month,DSL,Credit card,No internet service,Yes,No,No,0,0
CUST-005218,3,60.58,179.77,78.0,0,One year,DSL,Electronic check,Yes,No,Yes,Yes,0,0
CUST-000230,33,81.92,2730.91,55.0,1,Month-to-month,Fiber optic,Mailed check,No,Yes,Yes,No,0,1
CUST-005107,69,53.15,3674.23,50.0,1,One year,Fiber optic,Electronic check,Yes,Yes,Yes,No,0,1
CUST-002187,18,69.28,1195.15,28.0,2,Two year,No,Electronic check,Yes,Yes,No,Yes,0,0
CUST-003217,31,48.96,1535.07,60.0,3,Two year,No,Electronic check,Yes,Yes,No,No,1,0
CUST-001695,49,47.54,2367.97,39.0,1,One year,No,Credit card,Yes,No,No,No,0,1
CUST-002534,58,101.92,5553.77,64.0,2,Month-to-month,No,Electronic check,No internet service,Yes,Yes,No,0,0
CUST-005388,36,61.41,2020.91,23.0,0,Month-to-month,Fiber optic,Electronic check,No internet service,Yes,Yes,No,0,1
CUST-001788,34,42.34,1375.37,61.0,1,Month-to-month,DSL,Electronic check,No,Yes,No,No,0,1
CUST-001044,51,58.65,2892.28,,0,Two year,Fiber optic,Mailed check,No,No,No,No,0,0
CUST-003968,43,98.93,4616.7,29.0,0,Month-to-month,No,Electronic check,No,Yes,Yes,Yes,0,0
CUST-000017,9,35.76,313.8,50.0,0,One year,Fiber optic,Credit card,No,Yes,No,Yes,0,0
CUST-000534,42,17.6,764.96,61.0,1,Month-to-month,No,Electronic check,Yes,Yes,No,Yes,0,1
CUST-003316,46,71.03,3353.96,23.0,3,Month-to-month,DSL,Electronic check,Yes,Yes,Yes,No,0,0
CUST-001128,40,91.59,3778.48,61.0,0,Month-to-month,DSL,Credit card,No,Yes,No,No,1,1
CUST-003858,23,55.61,1284.21,43.0,3,One year,No,Electronic check,No,No,No,No,0,0
CUST-002346,23,114.38,2533.73,26.0,0,One year,Fiber optic,Mailed check,Yes,Yes,No,No,1,1
CUST-005084,37,93.73,3578.93,77.0,1,One year,DSL,Credit card,Yes,Yes,Yes,No,0,0
CUST-004945,52,44.68,2369.99,38.0,1,Two year,Fiber optic,Credit card,No internet service,Yes,No,No,0,0
CUST-001837,22,70.0,1529.43,68.0,1,Month-to-month,Fiber optic,Bank transfer,No,No,No,No,0,0
CUST-001496,40,27.65,1119.29,18.0,1,Month-to-month,Fiber optic,Mailed check,No,Yes,Yes,No,0,0
CUST-005077,0,75.12,0.0,71.0,2,Two year,DSL,Bank transfer,Yes,No,Yes,No,0,0
CUST-004629,25,44.8,981.68,73.0,1,Month-to-month,Fiber optic,Electronic check,Yes,No,Yes,Yes,0,1
CUST-005805,10,51.08,476.56,55.0,0,Month-to-month,DSL,Mailed check,Yes,No,No,No,0,0
CUST-002758,26,56.21,1532.91,63.0,2,Month-to-month,Fiber optic,Credit card,No,No,Yes,No,0,1
CUST-002436,46,109.55,4646.33,70.0,1,One year,No,Mailed check,Yes,No,No,No,0,0
CUST-000712,53,28.07,1502.12,45.0,1,One year,Fiber optic,Electronic check,No,Yes,Yes,No,1,0
CUST-004781,43,46.92,2008.03,24.0,0,Month-to-month,DSL,Bank transfer,No,Yes,No,No,0,0
CUST-003101,9,57.46,517.2,66.0,1,Month-to-month,No,Credit card,No,No,No,Yes,0,0
CUST-003285,34,87.6,2904.88,63.0,0,One year,DSL,Credit card,No,No,Yes,Yes,0,0
CUST-004619,65,68.35,4527.45,23.0,1,Month-to-month,Fiber optic,Electronic check,No,No,No,No,0,1
CUST-004601,69,75.54,4853.96,35.0,4,Month-to-month,Fiber optic,Bank transfer,No,No,Yes,No,0,1
CUST-004944,2,77.96,155.88,74.0,0,One year,Fiber optic,Bank transfer,No internet service,Yes,Yes,No,0,0
CUST-002892,26,77.69,1904.82,55.0,1,Month-to-month,Fiber optic,Bank transfer,Yes,Yes,No,Yes,0,0
CUST-005701,27,48.7,1393.11,26.0,0,Month-to-month,Fiber optic,Mailed check,No internet service,No,No,No,0,1
CUST-000676,42,64.03,2638.54,76.0,3,One year,Fiber optic,Electronic check,Yes,Yes,No,No,0,0
CUST-003080,32,66.17,2145.16,77.0,1,One year,Fiber optic,Electronic check,No internet service,No,No,No,0,0
CUST-003658,24,107.96,2605.1,79.0,1,Month-to-month,Fiber optic,Electronic check,No internet service,Yes,No,No,0,0
CUST-002441,0,66.89,0.0,22.0,1,Two year,Fiber optic,Bank transfer,Yes,No,Yes,Yes,1,0
CUST-001720,6,53.8,327.26,61.0,2,Month-to-month,DSL,Mailed check,No,Yes,Yes,No,1,1
CUST-000014,52,75.56,3698.69,41.0,2,Month-to-month,DSL,Bank transfer,No,No,No,No,0,1
CUST-001223,47,74.03,3568.18,45.0,3,One year,Fiber optic,Bank transfer,No internet service,Yes,Yes,No,0,0
CUST-000915,33,86.66,2635.28,30.0,1,Month-to-month,Fiber optic,Bank transfer,No,Yes,No,No,0,1
CUST-002045,72,93.17,6683.98,74.0,0,One year,No,Credit card,Yes,Yes,No,No,0,0
CUST-001501,19,112.7,2385.51,51.0,1,Month-to-month,Fiber optic,Mailed check,Yes,No,Yes,Yes,0,0
CUST-002575,24,69.28,1550.68,56.0,0,Two year,No,Bank transfer,No,Yes,Yes,No,0,0
CUST-005272,17,56.2,876.89,65.0,2,One year,DSL,Mailed check,No,Yes,Yes,No,0,0
CUST-000969,2,26.94,53.7,76.0,1,Month-to-month,DSL,Mailed check,No internet service,Yes,No,Yes,0,0
CUST-001038,31,70.49,2241.35,43.0,0,Month-to-month,DSL,Bank transfer,No internet service,Yes,Yes,Yes,0,1
CUST-002887,4,55.43,214.94,78.0,0,Month-to-month,Fiber optic,Credit card,Yes,No,Yes,No,0,1
CUST-000065,23,85.49,1983.77,48.0,4,Month-to-month,Fiber optic,Electronic check,No internet service,Yes,Yes,No,0,1
CUST-000755,31,130.66,4110.18,56.0,1,Month-to-month,Fiber optic,Bank transfer,No,Yes,No,No,0,0
CUST-004949,26,66.52,1638.71,35.0,0,Two year,Fiber optic,Credit card,,No,Yes,Yes,0,0
CUST-004322,33,57.35,1912.07,33.0,1,Month-to-month,No,Electronic check,Yes,No,No,Yes,1,0
CUST-001820,22,29.26,575.3,68.0,1,One year,Fiber optic,Electronic check,Yes,Yes,Yes,No,0,0
CUST-001488,8,84.13,688.52,65.0,1,Two year,Fiber optic,Mailed check,Yes,Yes,Yes,Yes,0,0
CUST-000506,38,113.13,4160.4,72.0,2,Month-to-month,Fiber optic,Credit card,No,Yes,No,Yes,0,1
CUST-002792,52,69.88,3399.99,50.0,2,Month-to-month,Fiber optic,Mailed check,No,No,No,No,0,1
CUST-005679,3,52.48,146.62,30.0,2,Month-to-month,DSL,Electronic check,No,Yes,No,No,0,0
CUST-004961,36,106.26,3825.4,68.0,0,Month-to-month,Fiber optic,Electronic check,No internet service,No,Yes,Yes,0,0
CUST-003700,11,31.6,321.91,43.0,2,One year,Fiber optic,Bank transfer,No,No,No,No,0,0
CUST-003933,53,50.36,2785.4,,1,Month-to-month,Fiber optic,Credit card,No internet service,Yes,No,Yes,0,1
CUST-000710,49,48.81,2601.52,43.0,2,Month-to-month,Fiber optic,Credit card,No,No,Yes,No,0,1
CUST-002154,51,46.65,2247.52,33.0,1,One year,Fiber optic,Bank transfer,No,No,No,No,0,0
CUST-000088,56,102.53,5490.11,41.0,3,Month-to-month,Fiber optic,Bank transfer,No,Yes,Yes,Yes,0,1
CUST-002451,64,103.19,6175.53,79.0,1,Two year,Fiber optic,Electronic check,Yes,No,No,No,0,0
CUST-000889,19,63.41,1245.33,65.0,1,Month-to-month,No,Electronic check,Yes,No,Yes,No,0,0
CUST-003660,40,95.36,3847.63,44.0,1,One year,DSL,Mailed check,No,Yes,No,Yes,0,0
CUST-002918,62,91.83,5718.09,40.0,2,Month-to-month,No,Electronic check,Yes,Yes,Yes,Yes,0,0
CUST-003214,41,48.06,1888.96,,0,Two year,No,Bank transfer,Yes,Yes,No,No,0,0
CUST-001451,2,83.06,169.47,75.0,2,One year,No,Electronic check,No,Yes,Yes,Yes,1,0
CUST-001421,72,39.32,2445.3,24.0,2,One year,DSL,Mailed check,No internet service,Yes,Yes,No,0,0
CUST-001199,45,73.74,3246.28,57.0,2,Month-to-month,Fiber optic,Electronic check,No,Yes,No,No,0,1
CUST-000783,8,84.23,698.44,40.0,3,One year,Fiber optic,Mailed check,No,No,Yes,No,0,0
CUST-000626,24,44.34,1003.75,20.0,1,Two year,Fiber optic,Bank transfer,No,No,Yes,No,1,0
CUST-001047,43,73.19,3185.61,79.0,1,Month-to-month,DSL,Mailed check,Yes,No,Yes,No,0,0
CUST-000877,54,71.69,3808.84,31.0,2,Two year,DSL,Bank transfer,No,Yes,No,No,0,0
CUST-000420,67,44.86,3128.12,32.0,2,Two year,DSL,Bank transfer,No,No,Yes,Yes,0,0
CUST-005620,1,88.56,92.19,34.0,3,Month-to-month,Fiber optic,Bank transfer,No,Yes,Yes,Yes,0,1
CUST-002572,53,41.37,2254.87,36.0,1,Month-to-month,Fiber optic,Credit card,No,No,Yes,Yes,0,0
CUST-000373,27,77.12,2074.95,56.0,0,Month-to-month,DSL,Electronic check,Yes,No,Yes,No,0,0
CUST-003414,43,59.13,2559.26,33.0,0,Month-to-month,No,Mailed check,Yes,No,Yes,Yes,0,1
CUST-001652,3,76.69,238.66,71.0,2,Month-to-month,DSL,Credit card,No internet service,Yes,Yes,No,0,0
CUST-001101,34,46.89,1665.5,52.0,4,One year,Fiber optic,Electronic check,No internet service,Yes,Yes,No,0,0
CUST-003114,26,51.66,1297.61,66.0,0,Month-to-month,DSL,Electronic check,No,No,Yes,Yes,0,0
CUST-002655,41,60.32,2418.42,53.0,3,One year,No,Bank transfer,,Yes,No,No,0,0
CUST-003956,38,89.85,3786.43,37.0,2,One year,DSL,Credit card,No,No,Yes,No,0,0
CUST-005831,11,100.17,1039.46,49.0,1,One year,DSL,Bank transfer,Yes,Yes,Yes,No,0,0
CUST-005193,6,96.29,589.8,53.0,1,Month-to-month,DSL,Bank transfer,No,Yes,No,No,0,0
CUST-000655,38,45.01,1557.6,24.0,1,Month-to-month,Fiber optic,Credit card,Yes,Yes,Yes,Yes,0,1
CUST-005704,22,81.54,1665.1,52.0,2,One year,DSL,Bank transfer,No,Yes,Yes,No,0,0
CUST-000705,41,70.93,2728.2,22.0,0,Month-to-month,Fiber optic,Electronic check,Yes,No,Yes,Yes,0,1
CUST-005143,40,63.52,2606.82,71.0,2,Month-to-month,DSL,Bank transfer,No,No,Yes,Yes,0,1
CUST-002149,62,67.49,3924.55,21.0,1,One year,No,Electronic check,No internet service,Yes,No,No,0,0
CUST-004630,10,56.15,514.17,59.0,2,Month-to-month,Fiber optic,Electronic check,No,No,Yes,Yes,0,0
CUST-001379,39,66.09,2131.04,62.0,1,Month-to-month,DSL,Bank transfer,No internet service,No,Yes,No,0,0
CUST-001197,71,90.43,6434.77,53.0,0,Month-to-month,Fiber optic,Mailed check,No,Yes,Yes,No,0,1
CUST-004676,40,64.57,2521.04,41.0,0,Month-to-month,No,Electronic check,No,Yes,Yes,No,0,0
CUST-004317,30,40.78,1117.74,77.0,0,Month-to-month,Fiber optic,Credit card,No,Yes,Yes,No,0,0
CUST-005420,58,33.31,1831.97,29.0,2,Month-to-month,Fiber optic,Electronic check,No,Yes,No,No,0,1
CUST-003047,55,46.24,2503.99,19.0,0,Two year,Fiber optic,Bank transfer,No internet service,No,No,Yes,0,0
CUST-000181,11,72.18,774.94,25.0,0,One year,DSL,Bank transfer,No,Yes,Yes,No,0,0
CUST-005033,10,60.44,564.78,65.0,1,Month-to-month,Fiber optic,Credit card,Yes,Yes,Yes,No,0,0
CUST-001181,67,44.78,3124.33,22.0,1,Month-to-month,No,Electronic check,No internet service,Yes,No,No,0,1
CUST-003516,12,101.58,1143.28,60.0,4,One year,DSL,Credit card,No,No,Yes,No,0,0
CUST-000964,69,109.77,6931.08,76.0,1,Month-to-month,No,Credit card,No,Yes,No,No,0,0
CUST-000561,3,101.02,310.93,55.0,0,Month-to-month,No,Mailed check,No internet service,No,Yes,Yes,0,0
CUST-003768,58,108.38,5770.84,39.0,1,One year,DSL,Mailed check,No internet service,Yes,Yes,No,0,0
CUST-004853,5,59.5,318.51,69.0,1,Month-to-month,Fiber optic,Mailed check,No internet service,Yes,No,Yes,0,0
CUST-001073,38,57.05,2099.15,53.0,1,Month-to-month,Fiber optic,Bank transfer,No,No,Yes,No,0,1
CUST-001310,38,46.2,1719.49,29.0,3,Month-to-month,DSL,Mailed check,Yes,Yes,Yes,No,0,0
CUST-001183,32,93.17,2961.79,54.0,3,Month-to-month,Fiber optic,Credit card,Yes,No,No,No,0,0
CUST-004342,34,50.25,1705.56,75.0,3,Month-to-month,Fiber optic,Electronic check,No internet service,Yes,Yes,Yes,0,0
CUST-003551,38,81.55,2995.02,18.0,4,Two year,Fiber optic,Mailed check,No,Yes,Yes,No,0,0
CUST-001718,30,89.8,2977.48,47.0,1,Month-to-month,Fiber optic,Electronic check,No internet service,No,No,No,0,1
CUST-000259,42,67.16,2704.36,56.0,1,Month-to-month,DSL,Electronic check,No,Yes,Yes,No,0,0
CUST-000279,6,82.6,470.35,29.0,0,One year,Fiber optic,Credit card,No,Yes,Yes,No,0,0
CUST-005192,36,26.93,850.84,22.0,1,Month-to-month,No,Electronic check,No internet service,Yes,Yes,Yes,0,1
CUST-001411,40,50.99,1967.13,20.0,3,One year,Fiber optic,Credit card,Yes,Yes,Yes,Yes,0,0
CUST-000198,24,48.26,1186.21,65.0,3,Month-to-month,Fiber optic,Electronic check,No,No,No,No,0,0
CUST-005533,32,45.29,,73.0,0,Month-to-month,DSL,Bank transfer,No,Yes,No,No,0,0
CUST-002288,68,15.57,1021.84,35.0,1,Month-to-month,No,Mailed check,No internet service,No,Yes,No,0,0
CUST-004060,10,65.86,660.12,73.0,0,Month-to-month,DSL,Mailed check,Yes,Yes,Yes,No,0,0
CUST-001244,63,73.42,4905.53,78.0,1,Month-to-month,Fiber optic,Electronic check,No internet service,Yes,Yes,No,0,1
CUST-004581,70,89.01,6037.32,49.0,2,Two year,Fiber optic,Bank transfer,Yes,Yes,Yes,No,0,0
CUST-002988,65,107.68,7050.78,70.0,0,Two year,Fiber optic,Electronic check,No,No,No,Yes,1,0
CUST-004562,1,102.72,114.62,40.0,0,One year,No,Mailed check,Yes,Yes,No,Yes,0,0
CUST-000683,69,94.79,6218.91,33.0,1,One year,Fiber optic,Bank transfer,No,Yes,No,No,0,0
CUST-005811,47,45.48,2119.64,61.0,0,Month-to-month,DSL,Mailed check,No,Yes,Yes,No,0,0
CUST-005645,3,105.99,309.5,62.0,4,Two year,No,Credit card,Yes,No,No,No,0,0
CUST-003822,40,77.22,3283.5,74.0,0,One year,Fiber optic,Electronic check,Yes,Yes,Yes,No,0,1
CUST-001400,62,90.54,5593.73,50.0,1,Month-to-month,Fiber optic,Electronic check,No,Yes,No,No,0,1
CUST-004806,34,79.05,2492.03,58.0,1,One year,No,Mailed check,No,Yes,No,Yes,0,0
CUST-005828,8,66.14,519.49,77.0,1,Two year,Fiber optic,Credit card,Yes,Yes,Yes,No,0,0
CUST-004347,11,41.31,433.5,18.0,2,Month-to-month,Fiber optic,Electronic check,Yes,Yes,No,No,0,0
CUST-001253,57,74.99,4221.06,41.0,2,Month-to-month,DSL,Electronic check,No,Yes,No,No,0,0
CUST-003126,60,92.53,5623.1,65.0,0,One year,DSL,Electronic check,No,No,Yes,No,0,0
CUST-002619,69,79.01,5239.15,30.0,1,Two year,Fiber optic,Mailed check,,No,No,No,1,0
CUST-005490,34,94.82,3213.48,25.0,2,Month-to-month,No,Electronic check,Yes,Yes,Yes,Yes,0,0
CUST-001406,25,58.75,1493.27,47.0,2,Month-to-month,No,Bank transfer,Yes,No,No,No,0,1
CUST-005937,41,101.16,3916.29,63.0,0,One year,No,Electronic check,Yes,Yes,Yes,No,0,0
CUST-002819,51,92.93,4962.24,19.0,2,Month-to-month,DSL,Electronic check,No,Yes,No,No,0,0
CUST-002323,47,77.18,3626.44,55.0,1,One year,No,Electronic check,No,Yes,Yes,Yes,0,1
CUST-005889,20,58.07,1136.43,22.0,1,Month-to-month,DSL,Electronic check,Yes,Yes,Yes,Yes,0,1
CUST-003113,67,86.92,5557.54,65.0,2,Two year,DSL,Bank transfer,No,No,Yes,No,0,0
CUST-002263,37,66.78,2535.29,26.0,2,One year,DSL,Mailed check,No,Yes,Yes,Yes,0,0
CUST-002181,17,106.16,1750.47,66.0,1,One year,Fiber optic,Electronic check,No,No,Yes,No,1,1
CUST-000015,57,83.15,4759.76,39.0,1,Month-to-month,No,Bank transfer,No,Yes,No,Yes,0,0
CUST-005445,25,65.69,1612.51,39.0,1,Month-to-month,No,Credit card,,No,Yes,No,0,1
CUST-000351,3,46.49,153.27,23.0,0,Month-to-month,Fiber optic,Electronic check,Yes,Yes,Yes,Yes,0,0
CUST-001220,47,44.03,1926.55,73.0,4,One year,Fiber optic,Electronic check,No,Yes,Yes,No,0,1
CUST-005917,18,95.84,1787.45,43.0,1,Two year,DSL,Credit card,No,No,No,No,0,0
CUST-004172,36,61.56,2342.48,33.0,2,One year,DSL,Electronic check,No,Yes,No,No,0,0
CUST-003116,45,61.04,2686.42,35.0,1,Two year,Fiber optic,Mailed check,No,Yes,Yes,No,0,0
CUST-003836,14,30.04,423.03,25.0,0,Month-to-month,No,Mailed check,Yes,Yes,Yes,No,0,1
CUST-001756,25,50.18,1304.22,68.0,0,Month-to-month,Fiber optic,Electronic check,Yes,No,No,No,0,1
CUST-002213,8,104.63,848.56,66.0,2,Month-to-month,No,Bank transfer,No internet service,Yes,No,No,0,0
CUST-003838,70,116.78,8136.62,52.0,2,Two year,No,Mailed check,Yes,Yes,Yes,No,0,0
CUST-003944,9,52.84,480.86,44.0,2,Month-to-month,DSL,Bank transfer,No,Yes,Yes,Yes,0,0
CUST-001871,15,53.45,842.39,62.0,1,One year,No,Electronic check,No,Yes,No,No,1,0
CUST-005071,42,69.85,2894.83,40.0,0,Month-to-month,Fiber optic,Mailed check,Yes,Yes,No,No,1,1
CUST-002226,64,15.0,923.55,33.0,2,Two year,Fiber optic,Credit card,No internet service,No,No,No,0,0
CUST-000535,11,100.53,1116.43,40.0,1,Month-to-month,DSL,Mailed check,Yes,No,No,No,0,0
CUST-002775,22,69.17,1566.36,22.0,0,Month-to-month,DSL,Credit card,No,Yes,Yes,Yes,0,0
CUST-003089,34,61.33,1958.33,47.0,0,Month-to-month,Fiber optic,Electronic check,Yes,Yes,Yes,Yes,0,0
CUST-002873,15,40.96,603.84,66.0,2,Month-to-month,DSL,Electronic check,Yes,Yes,No,No,0,1
CUST-004999,36,87.45,3129.06,55.0,1,Two year,DSL,Bank transfer,No,Yes,No,No,0,0
CUST-003109,17,31.39,478.59,72.0,5,One year,DSL,Electronic check,No,Yes,Yes,No,0,0
CUST-005895,58,20.44,1230.43,32.0,4,Month-to-month,No,Credit card,Yes,No,Yes,No,0,0
CUST-002991,46,33.51,1512.56,37.0,1,Month-to-month,Fiber optic,Bank transfer,No,No,Yes,No,0,1
CUST-001407,63,15.0,975.09,42.0,2,One year,Fiber optic,Credit card,Yes,Yes,No,Yes,0,0
CUST-002223,30,48.82,1484.88,37.0,0,One year,DSL,Bank transfer,No,No,No,No,0,0
CUST-004599,53,27.55,1491.92,21.0,1,One year,DSL,Electronic check,Yes,No,No,Yes,0,0
CUST-003560,4,63.92,229.55,65.0,0,Two year,DSL,Credit card,No,Yes,No,Yes,0,0
CUST-002029,25,71.36,1786.05,37.0,1,One year,Fiber optic,Mailed check,Yes,Yes,Yes,No,0,1
CUST-001454,41,80.28,3458.12,75.0,1,Month-to-month,Fiber optic,Electronic check,Yes,No,No,Yes,0,0
CUST-000008,14,96.63,1341.72,21.0,1,Two year,DSL,Mailed check,No,Yes,No,No,0,0
CUST-003322,57,88.16,4714.88,50.0,0,Two year,No,Mailed check,Yes,Yes,No,No,0,0
CUST-005583,5,15.36,75.02,57.0,0,Month-to-month,No,Bank transfer,No,No,Yes,No,0,1
CUST-003382,70,113.71,,23.0,0,Month-to-month,No,Mailed check,No,Yes,No,Yes,0,1
CUST-002742,37,52.3,1825.53,46.0,1,Month-to-month,DSL,Bank transfer,Yes,Yes,Yes,No,1,0
CUST-000794,31,80.81,2390.87,72.0,2,Two year,Fiber optic,Electronic check,Yes,Yes,No,Yes,1,0
CUST-002925,13,93.42,1176.19,41.0,1,Month-to-month,Fiber optic,Bank transfer,No,Yes,Yes,No,0,0
CUST-001032,53,44.9,2141.92,57.0,0,Month-to-month,Fiber optic,Electronic check,No internet service,Yes,Yes,No,1,1
CUST-005075,27,60.34,1632.08,46.0,4,Month-to-month,DSL,Credit card,Yes,Yes,No,No,0,1
CUST-000426,63,69.14,4692.15,22.0,0,Month-to-month,DSL,Credit card,No,No,Yes,No,0,0
CUST-000033,40,100.25,3960.53,38.0,1,Two year,DSL,Electronic check,No internet service,No,No,No,0,0
CUST-004127,6,91.53,546.25,58.0,2,Two year,Fiber optic,Bank transfer,No,No,No,No,1,0
CUST-000044,4,61.87,257.48,76.0,2,One year,No,Credit card,No internet service,No,No,No,0,0
CUST-004534,2,85.99,171.94,30.0,2,One year,Fiber optic,Bank transfer,No internet service,Yes,Yes,No,0,0
CUST-001891,17,83.95,1409.69,48.0,1,One year,Fiber optic,Credit card,No,No,No,No,0,0
CUST-002276,15,31.6,,66.0,2,Two year,No,Electronic check,No internet service,No,No,No,1,0
CUST-003678,39,37.96,1497.15,62.0,2,Month-to-month,DSL,Electronic check,No,Yes,No,No,0,1
CUST-004769,3,15.0,45.4,65.0,3,One year,Fiber optic,Credit card,No,Yes,No,Yes,0,0
CUST-005314,29,36.58,1063.79,72.0,3,Month-to-month,No,Bank transfer,Yes,No,No,No,0,1
CUST-005452,61,73.29,4281.27,76.0,2,One year,DSL,Electronic check,No internet service,Yes,Yes,No,0,0
CUST-004072,60,82.68,4661.23,30.0,0,Month-to-month,Fiber optic,Credit card,No internet service,No,No,No,1,1
CUST-002596,36,64.06,2280.91,18.0,0,Month-to-month,DSL,Mailed check,Yes,Yes,No,No,0,0
CUST-000063,70,34.75,2529.93,79.0,3,Month-to-month,No,Bank transfer,No internet service,Yes,Yes,Yes,0,0
CUST-002378,72,39.16,2651.42,55.0,0,One year,DSL,Electronic check,Yes,Yes,No,Yes,1,0
CUST-002273,33,28.26,854.11,59.0,0,Month-to-month,DSL,Electronic check,No,Yes,Yes,Yes,0,0
CUST-003606,23,57.04,1246.66,55.0,5,Month-to-month,DSL,Electronic check,No,Yes,No,Yes,0,1
CUST-005178,6,83.36,517.12,53.0,0,Month-to-month,No,Electronic check,No internet service,No,No,No,0,1
CUST-001694,11,84.68,959.15,48.0,1,Month-to-month,No,Electronic check,Yes,Yes,No,No,0,1
CUST-003162,11,90.43,1022.17,59.0,2,Month-to-month,DSL,Bank transfer,No,Yes,Yes,Yes,0,0
CUST-003209,17,114.05,1837.48,44.0,2,One year,No,Mailed check,Yes,Yes,Yes,No,0,0
CUST-002670,57,74.46,4154.86,73.0,0,Month-to-month,Fiber optic,Electronic check,No,Yes,No,No,0,0
CUST-005372,26,77.98,,20.0,1,One year,DSL,Electronic check,No,Yes,No,No,0,0
CUST-003264,38,78.85,3102.2,66.0,1,Two year,Fiber optic,Bank transfer,No internet service,Yes,No,Yes,0,0
CUST-001545,43,83.95,3412.7,52.0,2,Two year,Fiber optic,Mailed check,No,No,Yes,No,0,0
CUST-003749,66,30.4,1922.17,26.0,1,Month-to-month,Fiber optic,Electronic check,Yes,No,Yes,No,0,1
CUST-000586,50,81.42,4255.13,51.0,2,Month-to-month,Fiber optic,Credit card,No,Yes,No,No,0,0
CUST-002420,18,44.33,762.15,32.0,0,Month-to-month,Fiber optic,Credit card,No internet service,No,Yes,Yes,1,1
CUST-003833,48,111.81,5148.83,43.0,3,Month-to-month,Fiber optic,Credit card,No,Yes,No,Yes,0,1
CUST-002215,28,65.05,1845.9,78.0,1,Two year,DSL,Bank transfer,Yes,Yes,Yes,No,0,0
CUST-002440,26,49.4,1319.97,50.0,1,Month-to-month,Fiber optic,Mailed check,No,Yes,No,No,0,1
CUST-002582,21,54.92,1196.0,50.0,0,Month-to-month,No,Bank transfer,No,Yes,Yes,No,1,0
CUST-001330,32,86.69,2989.26,38.0,1,One year,DSL,Electronic check,Yes,No,Yes,No,0,0
CUST-005184,56,37.21,2339.07,18.0,2,Month-to-month,No,Electronic check,No,No,No,Yes,0,0
CUST-002244,51,99.84,4971.61,24.0,3,Two year,Fiber optic,Electronic check,No,No,Yes,No,0,0
CUST-003882,41,66.1,2779.65,72.0,0,Month-to-month,Fiber optic,Credit card,Yes,Yes,No,No,0,0
CUST-005719,33,65.75,2244.89,79.0,0,Month-to-month,DSL,Electronic check,Yes,Yes,Yes,No,0,0
CUST-003859,32,73.89,2448.88,38.0,1,One year,Fiber optic,Electronic check,No internet service,No,Yes,No,0,1
CUST-003210,70,63.93,4519.51,42.0,1,Two year,DSL,Electronic check,No,Yes,No,Yes,1,0
CUST-005006,36,84.21,3361.16,42.0,2,Month-to-month,Fiber optic,Credit card,No,Yes,Yes,No,0,1
CUST-003792,18,15.0,286.08,47.0,1,One year,DSL,Electronic check,Yes,No,No,No,0,0
CUST-002317,31,62.57,1824.12,55.0,1,One year,Fiber optic,Electronic check,Yes,Yes,No,No,0,0
CUST-000473,34,82.74,2996.61,46.0,1,Two year,DSL,Bank transfer,Yes,No,Yes,No,0,0
CUST-001480,11,46.2,484.54,39.0,0,One year,DSL,Electronic check,No,No,No,No,0,0
CUST-005355,59,48.73,3110.5,38.0,0,Month-to-month,Fiber optic,Credit card,No internet service,Yes,No,Yes,0,1
CUST-000297,32,53.78,1741.15,61.0,2,Month-to-month,Fiber optic,Mailed check,No,Yes,Yes,No,1,0
CUST-000303,65,92.43,6020.7,42.0,4,Month-to-month,DSL,Bank transfer,No internet service,Yes,Yes,No,0,1
CUST-005041,11,104.47,1124.2,62.0,0,One year,DSL,Bank transfer,No,Yes,No,No,0,0
CUST-002851,28,63.6,1811.97,75.0,1,One year,No,Credit card,Yes,No,Yes,No,1,0
CUST-000810,3,80.8,243.41,49.0,4,Month-to-month,No,Credit card,No,Yes,Yes,No,0,0
CUST-001295,37,48.29,1742.77,25.0,2,One year,No,Electronic check,No internet service,Yes,No,Yes,1,0
CUST-003043,38,55.13,2105.34,56.0,0,One year,DSL,Bank transfer,No,No,No,Yes,1,0
CUST-005579,28,56.98,1434.54,57.0,1,One year,Fiber optic,Mailed check,No,Yes,No,No,0,0
CUST-003012,3,19.42,63.14,49.0,3,One year,Fiber optic,Credit card,Yes,Yes,Yes,No,0,0
CUST-001168,72,69.27,4972.18,39.0,3,One year,Fiber optic,Electronic check,Yes,No,Yes,No,0,0
CUST-000240,10,65.98,677.85,42.0,0,One year,DSL,Electronic check,No,Yes,No,No,0,0
CUST-004840,55,91.47,5479.54,42.0,2,Month-to-month,No,Electronic check,No internet service,Yes,No,Yes,0,0
CUST-003055,34,69.52,2348.24,67.0,1,Month-to-month,Fiber optic,Electronic check,Yes,Yes,No,No,0,0
CUST-002704,5,93.77,464.68,37.0,1,One year,No,Electronic check,No,Yes,Yes,Yes,0,1
CUST-001859,53,83.33,4255.91,67.0,4,Month-to-month,No,Electronic check,Yes,Yes,No,No,0,1
CUST-002676,70,76.74,4892.76,42.0,2,Month-to-month,DSL,Electronic check,Yes,Yes,No,Yes,0,0
CUST-005571,50,36.83,1898.79,69.0,3,Two year,Fiber optic,Credit card,Yes,Yes,No,Yes,0,0
CUST-004339,36,28.48,963.96,28.0,1,Two year,Fiber optic,Credit card,Yes,Yes,No,Yes,0,0
CUST-004397,18,66.61,1168.13,38.0,1,Month-to-month,DSL,Electronic check,No,Yes,No,No,0,1
CUST-004088,71,95.37,6955.61,51.0,1,Month-to-month,Fiber optic,Electronic check,Yes,No,Yes,Yes,1,1
CUST-001612,48,65.53,2985.12,78.0,1,Month-to-month,Fiber optic,Electronic check,No,Yes,No,Yes,0,0
CUST-004559,47,33.46,1560.59,25.0,1,One year,DSL,Bank transfer,No internet service,No,Yes,No,0,0
CUST-003352,7,32.98,240.15,78.0,3,One year,No,Electronic check,No internet service,Yes,Yes,Yes,0,0
CUST-005732,61,15.0,911.0,59.0,2,Two year,DSL,Bank transfer,Yes,Yes,No,No,0,0
CUST-002008,57,51.96,2917.36,43.0,2,One year,DSL,Mailed check,No,No,No,Yes,1,0
CUST-003492,27,102.15,2921.2,62.0,0,One year,Fiber optic,Credit card,No,Yes,No,No,1,0
CUST-005034,1,80.63,82.37,19.0,2,One year,DSL,Bank transfer,No,Yes,No,No,1,1
CUST-000333,60,15.0,909.31,32.0,3,One year,Fiber optic,Bank transfer,No internet service,Yes,Yes,No,0,0
CUST-000622,12,58.68,696.82,22.0,1,One year,No,Credit card,No internet service,Yes,No,Yes,0,0
CUST-002387,71,82.37,5760.23,75.0,0,Month-to-month,No,Credit card,No,No,No,No,0,0
CUST-005837,2,53.94,115.61,61.0,1,Month-to-month,DSL,Electronic check,No,Yes,No,Yes,0,0
CUST-005866,52,56.27,2842.78,,1,Month-to-month,No,Electronic check,No,Yes,No,No,0,1
CUST-003459,28,74.63,2239.74,34.0,3,One year,Fiber optic,Credit card,Yes,No,No,No,1,0
CUST-005081,37,43.76,,70.0,1,One year,Fiber optic,Credit card,No,No,No,No,0,0
CUST-003105,22,44.82,978.65,47.0,4,Month-to-month,No,Credit card,No internet service,No,Yes,No,0,1
CUST-005040,25,81.47,1940.08,,1,Month-to-month,DSL,Electronic check,No internet service,Yes,No,No,0,1
CUST-002370,3,94.79,290.4,29.0,1,Month-to-month,Fiber optic,Bank transfer,No,No,No,No,1,1
CUST-000879,45,51.83,2250.27,69.0,5,Month-to-month,Fiber optic,Bank transfer,No,Yes,Yes,Yes,0,1
CUST-000247,30,40.32,1205.28,70.0,2,Month-to-month,Fiber optic,Credit card,Yes,Yes,Yes,Yes,0,1
CUST-004623,5,59.49,277.43,19.0,2,Month-to-month,Fiber optic,Bank transfer,No internet service,Yes,Yes,No,0,0
CUST-003929,54,103.66,5454.44,44.0,1,Month-to-month,No,Electronic check,No,No,Yes,No,0,1
CUST-003815,5,64.61,323.07,40.0,2,Two year,Fiber optic,Bank transfer,No internet service,No,No,Yes,0,1
CUST-003207,59,106.87,5879.06,69.0,0,Month-to-month,DSL,Electronic check,No,Yes,No,Yes,0,0
CUST-004697,6,90.7,547.11,19.0,1,Month-to-month,DSL,Electronic check,No internet service,No,No,No,1,0
CUST-001671,41,62.11,2760.04,25.0,1,Two year,DSL,Electronic check,No,Yes,Yes,Yes,0,0
CUST-005515,50,31.81,1612.34,44.0,2,One year,Fiber optic,Bank transfer,No internet service,Yes,Yes,Yes,0,1
CUST-000691,58,63.4,3641.53,74.0,0,Month-to-month,Fiber optic,Electronic check,No,Yes,No,Yes,0,0
CUST-003630,33,53.72,1710.09,40.0,0,Month-to-month,Fiber optic,Electronic check,Yes,No,No,No,0,1
CUST-005194,27,98.01,2407.43,38.0,0,Two year,Fiber optic,Electronic check,No,No,No,No,0,0
CUST-002623,67,71.16,4592.12,66.0,0,Month-to-month,No,Mailed check,No,Yes,No,No,0,0
CUST-001942,63,53.89,3647.12,,1,Month-to-month,DSL,Credit card,No,No,Yes,No,0,0
CUST-001108,68,61.22,4098.22,22.0,1,One year,No,Credit card,Yes,Yes,No,Yes,0,0
CUST-003826,24,103.67,2496.7,23.0,1,Two year,DSL,Bank transfer,No internet service,No,Yes,No,0,0
CUST-003167,19,56.89,1059.34,55.0,1,One year,Fiber optic,Mailed check,No,No,No,No,0,1
CUST-000598,45,60.33,2571.32,42.0,1,One year,Fiber optic,Bank transfer,No,No,No,No,1,1
CUST-001765,68,91.98,5867.61,75.0,1,One year,DSL,Electronic check,Yes,No,No,Yes,0,0
CUST-000315,48,86.81,4452.11,40.0,1,Month-to-month,Fiber optic,Electronic check,No,Yes,Yes,No,1,1
CUST-002715,33,25.18,901.47,21.0,0,One year,Fiber optic,Bank transfer,No internet service,No,No,No,1,1
CUST-004169,49,79.24,3568.86,59.0,2,Month-to-month,Fiber optic,Bank transfer,No,Yes,Yes,No,0,1
CUST-000149,4,70.74,292.13,66.0,3,Month-to-month,Fiber optic,Bank transfer,Yes,Yes,No,No,1,1
CUST-005162,20,49.06,951.66,64.0,1,Month-to-month,DSL,Mailed check,No,No,Yes,No,0,1
CUST-004651,71,92.92,6395.66,64.0,1,Month-to-month,No,Mailed check,Yes,Yes,Yes,Yes,0,0
CUST-000290,58,18.9,1102.1,29.0,0,Month-to-month,Fiber optic,Electronic check,Yes,No,Yes,Yes,0,0
CUST-000453,1,64.41,58.2,73.0,3,One year,Fiber optic,Electronic check,No internet service,Yes,No,No,0,0
CUST-001420,69,28.39,2015.49,47.0,1,Month-to-month,Fiber optic,Credit card,Yes,Yes,No,No,0,0
CUST-004902,45,35.32,1553.2,73.0,3,Month-to-month,Fiber optic,Credit card,Yes,Yes,Yes,Yes,0,1
CUST-005448,31,62.59,1835.88,69.0,1,Month-to-month,Fiber optic,Bank transfer,No,No,Yes,No,0,0
CUST-005247,68,70.81,4550.91,64.0,0,Month-to-month,DSL,Electronic check,No,Yes,Yes,No,0,0
CUST-001873,68,114.42,8075.6,49.0,0,One year,Fiber optic,Credit card,No,Yes,No,No,0,0
CUST-003491,46,63.78,2927.26,21.0,2,Month-to-month,No,Mailed check,Yes,Yes,Yes,Yes,0,1
CUST-004077,43,28.63,1219.31,56.0,2,Month-to-month,Fiber optic,Electronic check,Yes,Yes,Yes,No,0,1
CUST-003958,7,55.64,380.99,70.0,1,One year,Fiber optic,Credit card,No,No,Yes,No,1,0
CUST-004680,23,51.88,1183.44,61.0,1,Month-to-month,DSL,Mailed check,No,No,No,No,0,0
CUST-004628,55,49.76,2635.84,21.0,2,Month-to-month,Fiber optic,Electronic check,No,No,Yes,No,0,1
CUST-003674,47,63.55,2867.8,72.0,0,Two year,Fiber optic,Credit card,No internet service,Yes,No,No,0,0
CUST-002388,69,26.84,1891.89,20.0,0,Month-to-month,Fiber optic,Credit card,No,Yes,No,No,0,1
CUST-001209,70,72.13,5288.5,69.0,3,One year,DSL,Mailed check,No,Yes,No,No,0,1
CUST-004376,23,58.0,,57.0,1,Month-to-month,Fiber optic,Electronic check,No,Yes,No,No,0,1
CUST-000808,28,46.06,1352.6,44.0,2,Month-to-month,DSL,Bank transfer,Yes,Yes,Yes,Yes,0,0
CUST-004897,42,116.73,,73.0,1,Month-to-month,Fiber optic,Bank transfer,No internet service,Yes,No,No,0,1
CUST-002617,3,82.97,254.02,66.0,1,Month-to-month,Fiber optic,Electronic check,Yes,Yes,Yes,No,0,0
CUST-000742,46,114.34,5315.02,50.0,1,Month-to-month,Fiber optic,Mailed check,No internet service,No,No,No,0,1
CUST-002706,51,79.62,4093.67,32.0,2,Month-to-month,DSL,Bank transfer,No,No,No,No,1,0
CUST-005509,64,101.58,6468.13,41.0,0,Month-to-month,No,Electronic check,No,Yes,Yes,Yes,0,1
CUST-004604,15,73.13,1134.35,43.0,2,Month-to-month,No,Credit card,No internet service,Yes,No,No,0,1
CUST-002227,68,63.67,4416.21,43.0,0,Month-to-month,Fiber optic,Mailed check,No,Yes,Yes,No,0,0
CUST-005098,68,72.59,4729.11,55.0,2,Month-to-month,Fiber optic,Bank transfer,Yes,No,No,No,0,0
CUST-001608,17,71.81,1209.68,19.0,5,Month-to-month,No,Bank transfer,No,Yes,Yes,Yes,1,0
CUST-001323,64,21.56,1373.79,71.0,2,One year,DSL,Mailed check,No,Yes,Yes,No,0,0
CUST-001595,12,47.4,529.18,32.0,4,Month-to-month,No,Electronic check,No,Yes,No,Yes,0,0
CUST-000349,12,51.07,609.49,66.0,1,Month-to-month,No,Credit card,Yes,No,Yes,No,0,0
CUST-005429,62,86.84,5341.35,56.0,2,Month-to-month,DSL,Mailed check,No,No,Yes,Yes,0,0
CUST-005091,27,41.74,1135.75,58.0,1,One year,DSL,Bank transfer,Yes,No,Yes,No,1,1
CUST-003692,14,62.14,884.27,51.0,1,Month-to-month,Fiber optic,Credit card,No,Yes,Yes,Yes,0,1
CUST-000381,68,92.19,6348.21,58.0,1,Month-to-month,No,Bank transfer,No,Yes,No,Yes,0,0
CUST-004269,36,78.44,2650.65,43.0,2,Month-to-month,DSL,Electronic check,Yes,Yes,No,Yes,1,1
CUST-003471,54,60.47,3450.78,66.0,1,Month-to-month,No,Mailed check,No internet service,Yes,No,No,0,0
CUST-003653,37,86.11,3218.24,52.0,4,One year,DSL,Mailed check,No,Yes,No,No,0,0
CUST-000422,55,15.0,799.51,28.0,2,One year,DSL,Credit card,No,Yes,Yes,Yes,1,0
CUST-004998,49,24.06,1073.52,29.0,1,One year,DSL,Bank transfer,Yes,No,No,No,0,0
CUST-005347,34,75.08,2555.85,32.0,4,Month-to-month,Fiber optic,Electronic check,No,Yes,No,Yes,0,1
CUST-004985,3,79.59,267.96,65.0,2,One year,No,Electronic check,No,Yes,No,Yes,1,1
CUST-003573,24,51.02,1130.38,33.0,4,Two year,No,Bank transfer,No internet service,Yes,No,No,1,0
CUST-005286,20,78.13,1558.65,57.0,0,Month-to-month,DSL,Bank transfer,,No,Yes,No,1,0
CUST-000124,62,53.14,3309.54,78.0,0,Month-to-month,DSL,Electronic check,No,Yes,No,No,1,0
CUST-000102,58,77.17,4803.9,31.0,0,Month-to-month,DSL,Electronic check,Yes,Yes,Yes,No,0,0
CUST-004894,35,60.24,2242.67,32.0,0,Month-to-month,DSL,Electronic check,Yes,No,No,No,0,0
CUST-004446,22,58.59,1259.49,29.0,2,Month-to-month,Fiber optic,Mailed check,No internet service,No,No,Yes,0,1
CUST-002579,41,26.47,1098.37,48.0,2,One year,DSL,Credit card,No internet service,No,Yes,No,0,0
CUST-002299,65,51.46,3207.41,39.0,1,Two year,Fiber optic,Mailed check,No internet service,Yes,Yes,No,0,0
CUST-000486,24,95.71,2258.47,38.0,0,Month-to-month,Fiber optic,Bank transfer,No,No,Yes,No,1,0
CUST-003694,28,58.73,1731.81,66.0,0,Two year,Fiber optic,Electronic check,Yes,No,No,Yes,1,0
CUST-002264,7,35.71,262.88,,2,One year,Fiber optic,Electronic check,No internet service,Yes,No,Yes,0,0
CUST-001533,13,64.7,836.06,24.0,1,One year,DSL,Electronic check,No internet service,No,Yes,Yes,0,0
CUST-000135,22,116.92,2633.93,41.0,1,Month-to-month,DSL,Credit card,No,No,Yes,No,0,0
CUST-003313,16,43.67,688.16,24.0,4,Month-to-month,No,Credit card,Yes,No,Yes,No,0,0
CUST-003246,56,37.88,2110.95,49.0,0,Month-to-month,Fiber optic,Credit card,No,No,Yes,Yes,1,0
CUST-005114,17,40.58,675.69,57.0,0,Month-to-month,Fiber optic,Electronic check,Yes,Yes,Yes,No,0,1
CUST-002114,54,38.77,2139.96,73.0,1,Month-to-month,DSL,Bank transfer,No internet service,No,No,Yes,0,0
CUST-001728,32,56.03,1808.58,35.0,0,Month-to-month,DSL,Mailed check,,No,No,No,0,0
CUST-004148,62,90.98,5927.98,46.0,1,Two year,DSL,Bank transfer,No,Yes,Yes,No,0,0
CUST-001022,63,15.0,840.39,45.0,1,Month-to-month,No,Electronic check,Yes,No,Yes,No,0,1
CUST-001919,38,115.93,4286.82,68.0,2,Two year,DSL,Bank transfer,No,No,No,Yes,0,0
CUST-004870,13,30.58,412.08,52.0,0,Month-to-month,Fiber optic,Electronic check,Yes,No,Yes,No,0,1
CUST-002333,60,27.32,1614.01,19.0,1,One year,Fiber optic,Mailed check,Yes,No,No,No,1,1
CUST-001941,18,38.97,631.82,18.0,1,One year,DSL,Electronic check,No,Yes,No,No,0,0
CUST-001562,18,30.67,528.68,27.0,1,Month-to-month,DSL,Mailed check,No,Yes,No,Yes,0,0
CUST-003690,29,74.81,,42.0,0,Month-to-month,Fiber optic,Mailed check,Yes,No,No,No,0,0
CUST-001564,40,15.0,607.42,63.0,1,Month-to-month,Fiber optic,Bank transfer,No internet service,Yes,Yes,No,0,1
CUST-004367,10,69.1,686.47,20.0,5,Two year,DSL,Mailed check,Yes,Yes,No,Yes,0,0
CUST-002718,42,29.24,1172.9,66.0,1,Two year,Fiber optic,Credit card,No internet service,Yes,No,No,0,1
CUST-003628,61,21.49,1326.11,29.0,3,Two year,DSL,Bank transfer,No,Yes,Yes,No,0,0
CUST-002412,67,48.29,3280.38,45.0,0,Two year,DSL,Electronic check,Yes,No,Yes,Yes,1,0
CUST-000144,72,21.87,1607.43,73.0,0,One year,Fiber optic,Bank transfer,Yes,No,No,No,0,0
CUST-000380,0,68.46,0.0,41.0,2,Month-to-month,No,Bank transfer,Yes,No,No,Yes,0,0
CUST-004690,0,73.23,0.0,18.0,2,One year,DSL,Credit card,No internet service,No,Yes,No,0,0
CUST-001438,23,50.25,1137.96,44.0,0,Month-to-month,Fiber optic,Mailed check,No,No,Yes,Yes,1,0
CUST-003366,45,50.99,2035.92,37.0,2,Month-to-month,Fiber optic,Credit card,No,Yes,Yes,No,0,0
CUST-000121,48,53.72,2743.5,19.0,0,Month-to-month,Fiber optic,Credit card,Yes,Yes,No,No,1,0
CUST-001789,55,63.73,3261.37,50.0,0,Month-to-month,DSL,Mailed check,No,No,No,No,0,0
CUST-000611,33,58.34,1869.55,39.0,1,Month-to-month,Fiber optic,Mailed check,Yes,No,No,Yes,0,1
CUST-000730,53,72.87,3600.26,23.0,2,Month-to-month,DSL,Bank transfer,Yes,Yes,Yes,No,1,0
CUST-002338,3,92.71,267.79,51.0,1,Month-to-month,DSL,Bank transfer,Yes,No,No,No,0,1
CUST-000418,21,75.51,1656.07,60.0,2,One year,DSL,Mailed check,Yes,Yes,No,Yes,0,0
CUST-004966,16,115.97,1983.32,76.0,1,Month-to-month,DSL,Electronic check,No,Yes,Yes,No,0,0
CUST-005813,70,100.2,7350.84,49.0,1,Month-to-month,DSL,Mailed check,No internet service,No,No,No,0,0
CUST-001302,51,79.99,4086.74,31.0,0,One year,Fiber optic,Electronic check,No,No,No,No,0,0
CUST-002559,43,59.81,2509.23,34.0,2,Two year,DSL,Mailed check,No internet service,No,Yes,No,0,0
CUST-001344,13,59.01,754.47,30.0,0,Month-to-month,Fiber optic,Electronic check,Yes,No,No,No,0,1
CUST-005635,43,40.83,1666.22,29.0,1,One year,Fiber optic,Bank transfer,No,Yes,Yes,No,0,1
CUST-005789,72,74.68,5469.13,62.0,1,One year,Fiber optic,Electronic check,No,No,No,No,0,0
CUST-003194,54,77.28,4404.89,75.0,1,Month-to-month,Fiber optic,Electronic check,No,Yes,No,Yes,1,0
CUST-005800,9,61.34,583.32,57.0,2,One year,Fiber optic,Electronic check,No,Yes,Yes,Yes,0,0
CUST-000248,57,27.55,1535.69,48.0,3,Month-to-month,DSL,Electronic check,Yes,Yes,No,No,0,1
CUST-001074,34,76.74,2700.43,34.0,3,Month-to-month,Fiber optic,Electronic check,Yes,No,Yes,No,1,0
CUST-004054,0,83.51,0.0,38.0,1,Month-to-month,DSL,Credit card,No internet service,No,Yes,Yes,0,1
CUST-000447,69,70.65,4863.11,68.0,1,Month-to-month,DSL,Bank transfer,Yes,Yes,No,No,0,0
CUST-004472,35,58.17,2020.5,38.0,2,Month-to-month,No,Bank transfer,Yes,No,Yes,Yes,0,0
CUST-004702,39,63.91,2513.0,70.0,2,Two year,No,Mailed check,No,Yes,No,No,0,0
CUST-001272,68,58.57,4173.03,43.0,1,One year,No,Credit card,No,Yes,Yes,No,0,1
CUST-002292,17,74.68,1180.28,29.0,2,Month-to-month,Fiber optic,Electronic check,No,No,Yes,Yes,0,1
CUST-004815,21,32.54,688.14,71.0,1,One year,DSL,Bank transfer,No,No,No,Yes,0,0
CUST-002275,31,55.15,1622.45,70.0,1,Two year,DSL,Electronic check,No,Yes,No,No,0,0
CUST-003570,58,83.95,4781.49,68.0,5,Month-to-month,Fiber optic,Bank transfer,No internet service,Yes,No,Yes,0,1
CUST-001002,40,70.22,2819.89,65.0,1,Month-to-month,DSL,Credit card,No internet service,Yes,Yes,No,0,1
CUST-004080,65,55.17,3756.12,50.0,1,Two year,DSL,Bank transfer,No,Yes,Yes,No,0,0
CUST-002519,72,108.94,7473.26,54.0,0,Two year,DSL,Credit card,Yes,Yes,Yes,No,0,0
CUST-003484,29,61.44,1863.73,22.0,1,One year,DSL,Mailed check,No internet service,Yes,Yes,No,0,0
CUST-003381,57,109.02,5888.44,38.0,2,One year,No,Bank transfer,No internet service,No,Yes,No,0,0
CUST-005909,37,50.62,1874.5,71.0,0,Month-to-month,Fiber optic,Mailed check,Yes,Yes,No,No,0,1
CUST-001554,33,38.74,1288.8,57.0,3,Month-to-month,DSL,Bank transfer,No,No,No,No,0,0
CUST-000414,1,69.44,66.6,44.0,2,One year,Fiber optic,Mailed check,Yes,Yes,No,Yes,1,0
CUST-000752,6,71.69,437.26,70.0,3,Month-to-month,No,Mailed check,No,No,Yes,No,0,0
CUST-001760,28,46.42,1264.43,54.0,2,Month-to-month,No,Electronic check,No,No,No,No,0,0
CUST-001741,54,71.89,4179.09,75.0,2,Month-to-month,DSL,Electronic check,Yes,Yes,No,No,0,0
CUST-000654,40,70.08,3023.39,79.0,2,One year,DSL,Electronic check,No,No,No,No,1,0
CUST-000812,49,55.83,2912.49,77.0,2,Month-to-month,Fiber optic,Electronic check,No internet service,Yes,Yes,Yes,0,0
CUST-004586,15,27.43,427.62,44.0,2,One year,No,Mailed check,No,No,No,No,0,1
CUST-001780,3,42.93,141.01,58.0,1,Month-to-month,Fiber optic,Credit card,No,No,No,No,0,1
CUST-005663,32,65.56,2144.58,32.0,0,One year,DSL,Bank transfer,Yes,No,Yes,Yes,0,0
CUST-005980,44,77.85,3599.81,30.0,3,Month-to-month,Fiber optic,Electronic check,Yes,Yes,No,No,0,1
CUST-004605,34,32.44,1093.04,66.0,2,Month-to-month,Fiber optic,Bank transfer,No,Yes,No,No,0,0
CUST-001881,19,69.37,1301.92,58.0,1,One year,Fiber optic,Bank transfer,No,No,Yes,No,0,1
CUST-000589,61,57.19,3620.18,,1,Month-to-month,No,Electronic check,Yes,No,Yes,No,1,0
CUST-004283,31,25.9,810.6,35.0,3,Month-to-month,No,Electronic check,No,Yes,Yes,No,0,0
CUST-005841,72,23.01,1835.5,38.0,1,Month-to-month,DSL,Electronic check,No,Yes,Yes,No,0,1
CUST-001818,9,71.26,636.49,68.0,2,Month-to-month,DSL,Mailed check,No internet service,Yes,No,No,1,0
CUST-001620,19,73.96,1422.26,37.0,2,Month-to-month,Fiber optic,Electronic check,No,No,No,No,0,1
CUST-004962,71,46.61,3458.14,29.0,3,Month-to-month,Fiber optic,Mailed check,No,No,No,No,0,1
CUST-002860,14,93.12,1306.19,58.0,4,One year,DSL,Electronic check,Yes,No,Yes,No,0,0
CUST-004059,43,58.07,2497.35,77.0,1,Two year,No,Electronic check,No,Yes,Yes,No,0,0
CUST-001027,20,97.74,1977.73,20.0,3,Month-to-month,Fiber optic,Mailed check,Yes,Yes,No,No,0,1
CUST-005395,2,45.63,92.72,71.0,1,One year,Fiber optic,Bank transfer,Yes,Yes,No,Yes,0,1
CUST-001902,52,46.65,2490.67,36.0,1,One year,Fiber optic,Bank transfer,Yes,Yes,No,No,1,1
CUST-004788,22,69.27,1559.73,58.0,0,Month-to-month,Fiber optic,Credit card,No,Yes,No,No,1,0
CUST-002855,5,46.8,218.85,49.0,1,Month-to-month,Fiber optic,Electronic check,No internet service,No,No,No,0,0
CUST-002876,48,39.72,2079.05,43.0,1,Month-to-month,Fiber optic,Electronic check,No,No,No,No,0,1
CUST-000208,19,140.79,2802.74,42.0,0,Month-to-month,Fiber optic,Electronic check,Yes,Yes,Yes,No,0,1
CUST-004074,23,25.51,603.0,70.0,3,Month-to-month,DSL,Credit card,No,Yes,No,No,0,0
CUST-005128,49,41.16,1947.37,39.0,1,Two year,Fiber optic,Electronic check,Yes,Yes,Yes,No,1,0
CUST-000425,14,39.51,549.57,78.0,0,One year,DSL,Electronic check,No,No,No,No,0,0
CUST-004253,24,49.52,1154.8,37.0,3,Month-to-month,DSL,Credit card,Yes,No,No,No,0,0
CUST-002858,52,65.7,3531.59,,1,One year,Fiber optic,Credit card,No,Yes,No,No,0,0
CUST-005669,49,51.1,2629.73,33.0,0,One year,DSL,Bank transfer,No,No,No,No,0,0
CUST-001973,24,84.63,2054.18,72.0,1,Two year,Fiber optic,Electronic check,No,No,Yes,Yes,1,0
CUST-005290,60,109.41,6662.08,,1,Month-to-month,DSL,Bank transfer,No,Yes,Yes,Yes,0,0
CUST-000110,20,52.69,1073.92,63.0,0,Two year,DSL,Electronic check,Yes,No,Yes,No,0,0
CUST-003094,66,48.91,3407.84,54.0,4,Month-to-month,Fiber optic,Bank transfer,No,Yes,Yes,Yes,1,0
CUST-003290,29,83.97,2307.36,69.0,3,One year,Fiber optic,Credit card,Yes,Yes,No,Yes,0,0
CUST-002805,70,20.46,1383.44,54.0,1,Two year,Fiber optic,Electronic check,No,No,Yes,No,0,0
CUST-001225,70,91.31,6726.48,64.0,1,One year,DSL,Bank transfer,No,Yes,Yes,No,1,0
CUST-001186,10,46.66,428.6,45.0,3,Two year,Fiber optic,Mailed check,No internet service,Yes,No,No,0,0
CUST-004553,40,76.63,2950.29,62.0,2,Month-to-month,DSL,Mailed check,No,Yes,No,No,1,1
CUST-005724,15,25.94,368.65,50.0,3,Month-to-month,DSL,Bank transfer,No internet service,No,Yes,No,0,0
CUST-005415,16,43.91,681.83,33.0,4,Month-to-month,DSL,Credit card,No,No,No,Yes,0,0
CUST-002689,71,81.56,5129.9,79.0,0,One year,DSL,Mailed check,Yes,Yes,No,No,0,0
CUST-001616,57,44.52,2562.49,38.0,0,Month-to-month,No,Mailed check,Yes,Yes,Yes,No,0,0
CUST-004984,14,67.95,999.72,28.0,1,One year,DSL,Mailed check,No,No,No,Yes,0,0
CUST-003593,41,87.99,3614.85,58.0,1,Month-to-month,DSL,Credit card,No,Yes,Yes,Yes,0,1
CUST-002018,52,44.25,2370.07,27.0,1,Month-to-month,No,Mailed check,No,No,No,No,0,1
CUST-005462,51,55.35,2788.08,49.0,0,Month-to-month,Fiber optic,Bank transfer,No internet service,Yes,Yes,Yes,0,0
CUST-001623,1,73.99,73.65,47.0,2,Month-to-month,Fiber optic,Bank transfer,Yes,No,Yes,No,0,0
CUST-001046,17,84.38,1475.58,77.0,2,Month-to-month,DSL,Mailed check,No internet service,Yes,No,No,0,0
CUST-001487,0,93.91,0.0,,0,One year,DSL,Bank transfer,No internet service,Yes,Yes,No,0,0
CUST-000437,67,58.62,3898.19,57.0,1,Two year,Fiber optic,Credit card,Yes,No,Yes,No,1,0
CUST-002794,5,51.41,241.74,33.0,1,Month-to-month,Fiber optic,Electronic check,No,Yes,No,No,0,1
CUST-001219,32,74.4,2200.09,19.0,4,Month-to-month,No,Electronic check,No,Yes,Yes,No,0,1
CUST-004405,65,52.88,3274.12,63.0,3,One year,DSL,Electronic check,No,Yes,Yes,Yes,0,0
CUST-000107,48,96.49,4951.92,33.0,1,Month-to-month,No,Mailed check,No,Yes,No,No,1,0
CUST-002902,63,15.53,977.68,22.0,3,Two year,DSL,Electronic check,Yes,Yes,Yes,Yes,0,0
CUST-000029,32,72.61,2311.1,32.0,1,Two year,Fiber optic,Bank transfer,Yes,No,No,No,0,0
CUST-003090,25,80.34,,36.0,1,Two year,Fiber optic,Mailed check,Yes,Yes,Yes,No,0,0
CUST-002456,61,58.31,3653.35,52.0,2,One year,DSL,Electronic check,No,No,Yes,No,0,0
CUST-000907,12,30.43,342.97,39.0,3,Month-to-month,DSL,Credit card,Yes,Yes,Yes,No,1,0
CUST-001566,70,52.49,3540.14,61.0,1,One year,Fiber optic,Electronic check,No,No,Yes,Yes,0,0
CUST-005002,45,46.67,2069.99,30.0,0,One year,Fiber optic,Electronic check,No,Yes,No,No,1,0
CUST-000751,10,38.75,380.04,26.0,3,One year,Fiber optic,Mailed check,Yes,No,Yes,Yes,1,0
CUST-004236,68,109.77,7256.38,47.0,2,Month-to-month,No,Bank transfer,No,Yes,No,Yes,0,1
CUST-000584,29,63.5,1999.18,74.0,0,One year,No,Bank transfer,No internet service,Yes,No,No,0,0
CUST-005836,64,64.96,4335.21,31.0,5,Two year,Fiber optic,Credit card,No,Yes,Yes,No,0,0
CUST-004012,50,94.99,4617.79,58.0,2,Month-to-month,DSL,Credit card,No,No,Yes,No,0,1
CUST-004447,13,63.26,744.69,67.0,3,Month-to-month,Fiber optic,Mailed check,No,Yes,Yes,No,0,0
CUST-005014,48,66.05,3344.44,64.0,1,Month-to-month,DSL,Electronic check,No,No,No,No,0,0
CUST-004149,28,61.62,1811.51,50.0,1,Two year,No,Bank transfer,No,Yes,Yes,No,0,0
CUST-003869,51,61.92,3231.21,32.0,1,One year,No,Bank transfer,No,Yes,Yes,No,1,0
CUST-000893,71,86.36,6399.34,62.0,1,Month-to-month,No,Bank transfer,No internet service,Yes,Yes,No,0,0
CUST-003919,44,64.56,2792.37,55.0,1,Month-to-month,Fiber optic,Bank transfer,No,No,Yes,Yes,1,1
CUST-004302,9,94.26,870.97,50.0,1,Two year,DSL,Electronic check,Yes,Yes,Yes,No,0,0
CUST-004209,44,42.25,1824.23,33.0,1,Month-to-month,DSL,Electronic check,No internet service,No,No,No,0,0
CUST-001617,37,89.87,3096.42,68.0,0,One year,DSL,Electronic check,Yes,No,Yes,Yes,0,0
CUST-002763,2,71.22,159.6,44.0,2,One year,DSL,Mailed check,Yes,No,No,No,1,0
CUST-005894,39,82.49,3107.14,67.0,1,Month-to-month,Fiber optic,Electronic check,Yes,Yes,Yes,No,0,1
CUST-003897,1,59.08,62.91,60.0,1,One year,DSL,Mailed check,Yes,Yes,Yes,No,0,0
CUST-000179,36,105.4,3793.0,74.0,1,One year,Fiber optic,Bank transfer,No internet service,No,No,Yes,0,1
CUST-003161,64,76.61,4739.81,79.0,1,Month-to-month,No,Electronic check,No,Yes,No,No,0,0
CUST-003034,7,62.88,437.65,39.0,1,Month-to-month,Fiber optic,Electronic check,Yes,No,No,No,0,1
CUST-003494,67,36.66,2407.82,19.0,0,Month-to-month,DSL,Bank transfer,No internet service,No,No,No,0,1
CUST-002153,39,40.6,1625.91,67.0,0,Month-to-month,No,Electronic check,No,Yes,Yes,No,0,0
CUST-000994,38,29.46,1077.9,29.0,0,Two year,Fiber optic,Electronic check,No,No,No,No,0,0
CUST-003509,25,95.98,2324.77,19.0,0,Month-to-month,DSL,Credit card,No,No,Yes,No,0,0
CUST-003153,57,84.43,4770.67,28.0,0,Month-to-month,Fiber optic,Electronic check,Yes,Yes,No,Yes,0,1
CUST-003773,9,52.75,422.49,41.0,5,Month-to-month,Fiber optic,Bank transfer,Yes,Yes,No,Yes,0,1
CUST-002002,29,48.29,1474.05,30.0,2,Month-to-month,DSL,Mailed check,No internet service,Yes,Yes,No,0,1
CUST-003441,1,48.48,45.2,51.0,2,Month-to-month,DSL,Credit card,No,Yes,No,No,0,0
CUST-000090,31,45.95,1286.16,47.0,1,Month-to-month,Fiber optic,Credit card,No,Yes,No,No,0,1
CUST-004575,55,46.28,2599.97,20.0,1,One year,DSL,Credit card,No,No,Yes,Yes,0,1
CUST-003518,49,72.89,3579.87,40.0,2,Month-to-month,DSL,Bank transfer,No,Yes,No,No,0,0
CUST-001193,51,90.25,4771.63,49.0,1,One year,Fiber optic,Mailed check,No,Yes,No,No,1,0
CUST-002145,32,86.2,2833.04,60.0,1,Month-to-month,No,Electronic check,No internet service,No,No,No,0,0
CUST-000624,44,75.24,3290.75,54.0,0,Month-to-month,DSL,Mailed check,Yes,No,No,No,0,0
CUST-000069,34,114.15,4015.91,65.0,2,One year,Fiber optic,Bank transfer,No,Yes,Yes,No,0,0
CUST-003646,46,77.24,3319.22,53.0,2,One year,No,Credit card,Yes,Yes,No,Yes,1,0
CUST-002313,3,146.03,451.23,33.0,2,Two year,DSL,Credit card,No,No,No,No,0,0
CUST-003513,10,105.55,943.07,28.0,1,Month-to-month,Fiber optic,Bank transfer,No,Yes,Yes,Yes,0,0
CUST-002447,47,95.63,4208.47,44.0,2,Month-to-month,DSL,Electronic check,No,No,No,No,1,1
CUST-001242,70,52.23,3817.23,21.0,2,Month-to-month,Fiber optic,Credit card,Yes,Yes,Yes,No,1,1
CUST-000764,26,60.86,1511.68,24.0,1,Month-to-month,No,Electronic check,Yes,No,No,Yes,0,0
CUST-000293,24,42.14,1000.0,43.0,0,Month-to-month,Fiber optic,Electronic check,No,Yes,Yes,Yes,1,0
CUST-003608,45,81.25,3528.03,48.0,2,One year,Fiber optic,Mailed check,No,No,Yes,Yes,0,0
CUST-000445,48,40.87,1894.97,61.0,0,Month-to-month,DSL,Credit card,No,No,No,No,0,0
CUST-000468,13,85.62,1164.86,27.0,0,Month-to-month,Fiber optic,Electronic check,No,Yes,Yes,Yes,0,1
CUST-001672,19,69.74,1276.93,43.0,0,One year,Fiber optic,Bank transfer,Yes,Yes,Yes,No,0,0
CUST-001042,30,72.4,2120.2,71.0,2,Month-to-month,No,Bank transfer,No,No,No,Yes,0,0
CUST-000432,60,32.95,1955.66,63.0,1,Month-to-month,Fiber optic,Credit card,No,No,Yes,No,1,1
CUST-001057,56,72.09,4021.23,75.0,0,Month-to-month,Fiber optic,Bank transfer,No internet service,Yes,No,No,1,0
CUST-004075,1,56.65,59.42,19.0,1,Two year,Fiber optic,Electronic check,No internet service,No,Yes,No,0,0
CUST-004727,64,45.27,2733.3,18.0,2,Two year,No,Electronic check,Yes,No,Yes,Yes,0,0
CUST-005012,43,28.87,1259.28,53.0,0,Month-to-month,Fiber optic,Mailed check,No,No,Yes,No,0,0
CUST-000577,38,77.77,3005.73,54.0,1,One year,Fiber optic,Credit card,Yes,Yes,Yes,No,0,0
CUST-003240,15,34.96,512.17,20.0,1,Two year,DSL,Credit card,No,Yes,No,No,0,0
CUST-000245,6,80.68,480.46,47.0,2,Month-to-month,DSL,Credit card,No,Yes,Yes,No,1,0
CUST-004204,21,51.05,1095.54,76.0,1,Month-to-month,Fiber optic,Electronic check,No,Yes,Yes,No,0,1
CUST-000367,23,78.76,1928.5,21.0,0,Month-to-month,No,Mailed check,No,Yes,Yes,Yes,1,1
CUST-002457,68,105.11,6617.4,24.0,0,Month-to-month,No,Electronic check,No,Yes,Yes,No,0,1
CUST-005670,25,63.51,1683.28,57.0,0,Month-to-month,Fiber optic,Bank transfer,Yes,Yes,Yes,Yes,0,1
CUST-005531,68,82.87,5915.95,55.0,1,Month-to-month,No,Credit card,No internet service,No,Yes,Yes,0,0
CUST-002864,6,70.13,423.68,43.0,0,One year,DSL,Bank transfer,Yes,No,Yes,Yes,0,0
CUST-004541,45,95.61,4472.31,76.0,0,Two year,Fiber optic,Bank transfer,No,No,No,No,0,0
CUST-003268,9,44.22,426.55,42.0,2,Month-to-month,DSL,Electronic check,Yes,Yes,Yes,No,0,0
CUST-005520,31,77.62,2396.85,79.0,3,Month-to-month,DSL,Credit card,Yes,Yes,No,No,0,0
CUST-005897,69,23.15,1537.22,36.0,3,Month-to-month,Fiber optic,Electronic check,Yes,Yes,No,Yes,1,1
CUST-002063,52,56.42,2871.66,60.0,1,Month-to-month,DSL,Credit card,Yes,No,No,No,0,0
CUST-002357,16,77.01,1231.66,31.0,2,Month-to-month,DSL,Mailed check,No internet service,Yes,Yes,No,1,1
CUST-004486,39,33.41,1363.49,61.0,1,Month-to-month,DSL,Bank transfer,No,Yes,Yes,No,0,1
CUST-002687,41,128.37,4884.23,22.0,1,One year,DSL,Bank transfer,No internet service,Yes,Yes,Yes,0,0
CUST-000555,36,67.24,2363.36,20.0,3,One year,No,Bank transfer,Yes,No,No,Yes,1,0
CUST-003422,43,60.28,2604.85,31.0,1,Month-to-month,Fiber optic,Mailed check,Yes,No,Yes,Yes,0,1
CUST-005424,21,109.95,2359.34,67.0,0,Month-to-month,Fiber optic,Electronic check,No,No,Yes,No,0,1
CUST-001926,26,59.42,1550.03,28.0,2,Month-to-month,Fiber optic,Mailed check,No internet service,Yes,No,Yes,0,0
CUST-004129,30,80.64,2542.67,68.0,1,Two year,DSL,Mailed check,No,No,No,Yes,0,0
CUST-002302,41,59.03,2292.53,44.0,1,Month-to-month,DSL,Credit card,No,No,No,No,0,1
CUST-001983,54,21.77,1229.75,31.0,1,Month-to-month,Fiber optic,Electronic check,No,Yes,Yes,No,0,1
CUST-002893,66,89.13,5983.75,21.0,0,One year,No,Electronic check,No internet service,Yes,Yes,No,0,1
CUST-001666,54,112.26,6453.21,39.0,0,One year,No,Credit card,No,Yes,No,No,1,0
CUST-004166,33,74.49,2392.87,69.0,2,Two year,Fiber optic,Credit card,No,Yes,Yes,Yes,0,0
CUST-005604,44,115.72,5370.45,41.0,1,Month-to-month,No,Mailed check,No internet service,Yes,Yes,No,0,1
CUST-000151,20,53.23,974.21,28.0,0,Month-to-month,Fiber optic,Credit card,No,Yes,Yes,Yes,0,0
CUST-005447,29,16.0,432.41,66.0,2,Two year,Fiber optic,Mailed check,No,Yes,Yes,No,0,0
CUST-002879,71,79.31,5624.0,47.0,1,Two year,No,Bank transfer,No,No,Yes,No,0,0
CUST-003731,62,47.03,2910.08,72.0,0,Month-to-month,Fiber optic,Bank transfer,No internet service,Yes,Yes,No,1,1
CUST-001543,41,71.44,2760.37,36.0,2,Month-to-month,Fiber optic,Electronic check,Yes,Yes,No,No,0,1
CUST-004228,25,70.53,1898.12,18.0,0,One year,DSL,Credit card,No internet service,No,No,Yes,0,0
CUST-005769,40,65.23,2706.92,39.0,0,One year,DSL,Bank transfer,No internet service,Yes,No,No,0,0
CUST-001513,24,75.61,1896.6,31.0,4,One year,DSL,Bank transfer,No,Yes,No,Yes,0,0
CUST-003715,20,40.86,,20.0,2,Two year,DSL,Electronic check,Yes,No,Yes,Yes,0,0
CUST-003703,66,56.96,3715.9,69.0,0,Two year,Fiber optic,Mailed check,Yes,Yes,No,No,0,0
CUST-002513,55,24.94,1421.99,75.0,1,Month-to-month,Fiber optic,Electronic check,Yes,Yes,No,Yes,1,0
CUST-004882,36,15.0,521.05,28.0,1,Month-to-month,No,Bank transfer,No,No,Yes,No,0,1
CUST-005291,64,87.65,5936.56,29.0,1,Two year,Fiber optic,Credit card,Yes,Yes,No,No,0,0
CUST-003085,26,91.61,2237.28,69.0,3,One year,Fiber optic,Bank transfer,No internet service,Yes,Yes,No,0,0
CUST-000748,22,79.04,1756.91,37.0,1,One year,No,Mailed check,No,Yes,Yes,No,1,0
CUST-002829,9,50.11,433.21,67.0,4,Month-to-month,DSL,Mailed check,Yes,Yes,Yes,No,0,1
CUST-003065,40,70.08,2835.68,48.0,0,One year,Fiber optic,Electronic check,No,Yes,No,No,0,1
CUST-000996,38,46.11,1768.42,72.0,3,Month-to-month,No,Credit card,No,No,No,Yes,0,0
CUST-005833,17,75.87,1213.18,25.0,1,One year,No,Bank transfer,No,No,Yes,No,1,0
CUST-003045,64,51.16,3448.56,36.0,0,Month-to-month,Fiber optic,Electronic check,No,Yes,No,No,0,0
CUST-002236,18,120.79,2382.3,25.0,0,Month-to-month,No,Bank transfer,No,Yes,No,No,0,0
CUST-003103,32,57.43,1823.44,24.0,0,One year,DSL,Bank transfer,No internet service,Yes,No,No,0,0
CUST-001992,20,93.06,1842.12,73.0,2,Two year,DSL,Credit card,No,Yes,No,No,1,0
CUST-005471,33,69.49,2385.09,56.0,1,Two year,DSL,Electronic check,No internet service,Yes,Yes,No,0,0
CUST-002857,56,93.17,4926.87,44.0,0,Month-to-month,Fiber optic,Electronic check,No internet service,No,No,No,0,1
CUST-000491,63,135.36,8819.38,18.0,0,Two year,Fiber optic,Bank transfer,Yes,Yes,Yes,Yes,0,0
CUST-004351,41,25.96,1094.44,33.0,1,One year,Fiber optic,Bank transfer,No internet service,No,Yes,Yes,1,1
CUST-005660,9,59.93,549.46,22.0,0,Month-to-month,Fiber optic,Credit card,No internet service,No,No,Yes,0,1
CUST-001103,10,119.97,1160.9,41.0,2,Month-to-month,Fiber optic,Electronic check,No,No,No,No,0,0
CUST-000471,58,27.11,1598.35,28.0,0,Month-to-month,Fiber optic,Electronic check,Yes,Yes,No,No,0,1
CUST-002985,47,76.3,3260.01,78.0,2,Month-to-month,DSL,Mailed check,No,Yes,Yes,No,1,1
CUST-002465,14,20.92,283.34,53.0,3,Two year,DSL,Bank transfer,Yes,Yes,No,No,0,0
CUST-004694,51,22.83,1238.07,60.0,3,Two year,DSL,Credit card,Yes,Yes,No,No,0,0
CUST-000807,8,25.31,206.52,61.0,3,Two year,No,Electronic check,No,Yes,No,No,0,0
CUST-005691,42,37.46,1534.19,59.0,4,Month-to-month,Fiber optic,Electronic check,Yes,Yes,No,No,0,1
CUST-003392,58,129.11,7073.37,33.0,0,Month-to-month,DSL,Electronic check,Yes,No,Yes,Yes,0,0
CUST-001297,49,94.06,4773.96,20.0,0,Month-to-month,DSL,Credit card,No,No,Yes,Yes,0,0
CUST-000896,37,36.87,1318.58,24.0,2,Month-to-month,DSL,Credit card,No internet service,Yes,No,No,0,0
CUST-001523,10,49.45,484.79,61.0,1,Month-to-month,No,Electronic check,No internet service,No,Yes,No,0,1
CUST-003454,59,27.37,1545.23,73.0,2,Two year,DSL,Credit card,No,No,Yes,No,1,0
CUST-005731,9,80.12,692.36,46.0,3,One year,Fiber optic,Mailed check,Yes,Yes,Yes,No,1,0
CUST-004336,55,76.79,4120.76,76.0,1,Two year,Fiber optic,Bank transfer,Yes,Yes,No,Yes,0,1
CUST-000354,70,91.83,6856.26,26.0,1,Month-to-month,DSL,Electronic check,No internet service,Yes,Yes,No,0,1
CUST-000251,36,82.25,2794.48,72.0,1,Month-to-month,Fiber optic,Bank transfer,Yes,No,No,No,0,1
CUST-000185,32,44.4,1358.09,40.0,0,Month-to-month,DSL,Bank transfer,No internet service,Yes,Yes,No,0,0
CUST-002677,64,88.03,6367.24,67.0,0,Month-to-month,Fiber optic,Electronic check,No,No,Yes,Yes,1,0
CUST-002195,59,71.59,4236.02,18.0,0,Month-to-month,Fiber optic,Mailed check,Yes,No,Yes,Yes,0,1
CUST-003336,38,59.93,2135.83,62.0,2,Two year,Fiber optic,Bank transfer,No internet service,Yes,No,No,0,0
CUST-002484,25,88.96,2301.78,24.0,4,Two year,No,Mailed check,No internet service,Yes,No,No,0,0
CUST-000227,42,63.71,2702.26,73.0,2,One year,Fiber optic,Credit card,No internet service,Yes,Yes,Yes,0,0
CUST-002781,68,27.29,1856.1,27.0,5,Month-to-month,Fiber optic,Bank transfer,No,No,Yes,No,0,1
CUST-003805,61,50.15,2985.72,72.0,3,Month-to-month,Fiber optic,Mailed check,No,Yes,Yes,No,0,1
CUST-001192,12,62.79,849.08,35.0,2,Month-to-month,Fiber optic,Electronic check,Yes,No,Yes,Yes,1,1
CUST-001033,22,40.13,919.38,40.0,1,One year,No,Mailed check,Yes,No,No,No,0,0
CUST-003077,59,23.98,1406.45,68.0,2,Two year,DSL,Electronic check,No,Yes,No,No,0,0
CUST-005261,6,92.65,566.4,32.0,5,Month-to-month,DSL,Credit card,Yes,Yes,No,Yes,0,1
CUST-005480,72,42.13,2960.04,65.0,0,Month-to-month,Fiber optic,Credit card,Yes,Yes,No,No,0,0
CUST-003450,34,35.72,1322.78,66.0,1,Two year,DSL,Electronic check,No,No,No,No,0,0
CUST-005326,41,71.86,2988.06,24.0,2,Month-to-month,Fiber optic,Electronic check,No internet service,Yes,Yes,Yes,1,1
CUST-004584,42,60.69,2810.2,47.0,2,Month-to-month,Fiber optic,Credit card,No,Yes,Yes,No,0,1
CUST-002233,10,17.77,178.83,69.0,1,Month-to-month,Fiber optic,Credit card,Yes,Yes,Yes,No,1,1
CUST-002240,16,41.09,651.51,69.0,0,Month-to-month,Fiber optic,Bank transfer,No,No,No,No,0,0
CUST-003861,47,66.63,3213.56,77.0,2,Month-to-month,No,Bank transfer,No,Yes,Yes,Yes,0,1
CUST-003787,1,102.9,108.93,46.0,2,Month-to-month,Fiber optic,Electronic check,No internet service,Yes,No,No,0,1
CUST-000292,69,50.2,3322.79,76.0,3,Month-to-month,DSL,Electronic check,Yes,Yes,Yes,No,1,0
CUST-005183,65,78.55,5196.26,74.0,4,One year,No,Credit card,No,Yes,Yes,No,0,0
CUST-000549,49,89.37,4719.04,50.0,0,One year,DSL,Credit card,No,Yes,Yes,No,0,0
CUST-001507,35,73.33,2709.64,67.0,1,Month-to-month,Fiber optic,Bank transfer,Yes,Yes,Yes,No,1,1
CUST-005389,63,18.62,1218.5,57.0,1,Month-to-month,DSL,Credit card,No,Yes,No,Yes,0,1
CUST-001144,24,52.98,1278.94,32.0,0,Two year,Fiber optic,Electronic check,No,No,Yes,Yes,0,0
CUST-002900,37,44.72,1599.68,41.0,2,Two year,No,Mailed check,No,No,No,No,0,1
CUST-001086,58,65.13,3988.74,62.0,0,Month-to-month,DSL,Electronic check,Yes,Yes,No,No,0,0
CUST-004901,47,94.79,4453.87,43.0,3,Month-to-month,DSL,Credit card,No,No,Yes,No,0,0
CUST-005044,58,49.71,2926.98,68.0,0,Month-to-month,Fiber optic,Electronic check,Yes,Yes,Yes,Yes,0,0
CUST-004233,19,81.58,1554.43,52.0,1,One year,DSL,Credit card,Yes,No,Yes,Yes,0,0
CUST-002251,40,38.07,1453.42,31.0,2,Month-to-month,No,Mailed check,No,Yes,Yes,No,0,0
CUST-001351,28,54.74,1516.59,72.0,0,Month-to-month,Fiber optic,Bank transfer,Yes,Yes,No,No,0,1
CUST-003908,14,45.24,658.38,,1,Month-to-month,DSL,Bank transfer,No,Yes,Yes,No,0,1
CUST-001611,10,79.12,769.7,52.0,4,One year,No,Electronic check,Yes,Yes,Yes,No,0,0
CUST-001726,69,41.38,2695.03,31.0,2,Month-to-month,No,Credit card,No internet service,Yes,No,Yes,1,1
CUST-003757,39,58.79,2304.76,77.0,0,Month-to-month,DSL,Mailed check,No,Yes,Yes,No,1,1
CUST-003169,44,51.0,2293.4,66.0,0,Month-to-month,No,Mailed check,No,No,Yes,No,1,1
CUST-004046,33,25.43,884.84,20.0,0,Two year,DSL,Credit card,Yes,Yes,Yes,No,0,0
CUST-004144,9,56.65,557.08,40.0,0,Month-to-month,Fiber optic,Bank transfer,Yes,Yes,No,No,0,1
CUST-005227,56,50.64,,39.0,1,One year,DSL,Electronic check,No internet service,Yes,No,No,0,1
CUST-001119,36,74.98,2463.22,35.0,2,Month-to-month,Fiber optic,Electronic check,No,Yes,No,No,0,1
CUST-003357,63,51.34,3091.05,29.0,2,One year,No,Electronic check,Yes,Yes,Yes,No,0,0
CUST-005110,40,15.0,641.77,36.0,3,Month-to-month,Fiber optic,Mailed check,No,No,No,No,0,1
CUST-001090,36,26.44,973.85,18.0,2,Month-to-month,DSL,Mailed check,Yes,Yes,No,No,1,0
CUST-001700,19,35.56,679.85,41.0,1,Month-to-month,No,Mailed check,No,Yes,Yes,Yes,0,0
CUST-005942,14,39.17,539.42,78.0,1,One year,No,Bank transfer,No,Yes,Yes,No,0,0
CUST-005677,27,119.7,3188.81,45.0,2,One year,DSL,Bank transfer,No internet service,Yes,No,No,0,0
CUST-003639,45,102.19,,60.0,1,Month-to-month,Fiber optic,Mailed check,No,No,Yes,Yes,0,0
CUST-000932,18,37.69,649.07,58.0,1,Month-to-month,DSL,Bank transfer,Yes,No,No,No,0,1
CUST-000613,28,105.14,3190.75,76.0,1,One year,DSL,Mailed check,No internet service,Yes,Yes,Yes,1,0
CUST-003307,9,93.4,869.75,36.0,2,One year,DSL,Electronic check,No,Yes,No,No,0,0
CUST-002115,14,64.93,914.29,65.0,3,Month-to-month,Fiber optic,Bank transfer,No,Yes,No,No,0,1
CUST-001740,31,68.79,2019.04,,2,Two year,DSL,Mailed check,Yes,Yes,No,No,0,0
CUST-001172,28,84.39,2250.32,61.0,0,Month-to-month,DSL,Credit card,Yes,No,No,No,0,0
CUST-004774,19,35.94,716.95,65.0,3,One year,DSL,Bank transfer,No,No,No,No,1,1
CUST-004292,35,67.85,2080.26,36.0,4,One year,Fiber optic,Credit card,No internet service,Yes,Yes,No,0,0
CUST-001729,7,79.17,543.45,29.0,0,One year,Fiber optic,Mailed check,No internet service,No,No,No,1,0
CUST-005920,10,51.87,525.85,29.0,3,Month-to-month,Fiber optic,Bank transfer,No,Yes,No,Yes,0,0
CUST-005427,10,44.4,438.56,51.0,1,Month-to-month,DSL,Mailed check,No,Yes,No,No,1,0
CUST-000505,33,57.9,2004.44,53.0,1,Month-to-month,No,Mailed check,Yes,Yes,No,Yes,0,1
CUST-003783,55,54.06,2971.65,74.0,1,Month-to-month,DSL,Credit card,Yes,No,No,No,0,0
CUST-005028,51,26.46,1358.42,59.0,1,Two year,DSL,Mailed check,No,No,Yes,No,0,0
CUST-000272,11,56.43,655.62,52.0,2,Month-to-month,No,Electronic check,No internet service,No,Yes,No,0,0
CUST-002488,38,35.01,1316.53,62.0,1,Month-to-month,Fiber optic,Credit card,No,Yes,No,No,0,1
CUST-004532,51,76.13,3882.16,20.0,1,Two year,DSL,Credit card,No,No,Yes,No,0,0
CUST-002144,26,66.75,1716.3,20.0,1,One year,DSL,Credit card,Yes,Yes,Yes,No,0,1
CUST-005981,57,91.55,5237.17,71.0,1,Month-to-month,Fiber optic,Electronic check,No,Yes,No,No,0,0
CUST-002229,71,105.41,7832.29,41.0,0,Month-to-month,DSL,Credit card,No,No,No,Yes,0,0
CUST-000701,44,60.71,2634.73,23.0,1,Two year,DSL,Electronic check,No,No,No,No,0,0
CUST-003856,26,49.43,1183.43,25.0,1,Month-to-month,No,Bank transfer,Yes,No,Yes,No,0,0
CUST-003611,49,54.16,2832.04,31.0,1,Month-to-month,Fiber optic,Electronic check,Yes,Yes,Yes,No,0,1
CUST-000106,56,63.2,4056.54,35.0,1,Month-to-month,DSL,Credit card,Yes,Yes,No,Yes,0,0
CUST-005338,28,76.49,2197.46,24.0,1,Month-to-month,Fiber optic,Mailed check,No internet service,No,No,No,0,0
CUST-005902,6,23.75,136.03,30.0,1,Month-to-month,DSL,Electronic check,Yes,No,Yes,Yes,0,0
CUST-003039,14,60.0,829.47,66.0,0,Two year,DSL,Electronic check,No internet service,Yes,No,Yes,0,0
CUST-005015,68,54.66,3896.56,50.0,0,One year,Fiber optic,Electronic check,No,Yes,Yes,Yes,0,0
CUST-002087,48,45.58,2144.49,39.0,0,One year,DSL,Credit card,No,Yes,No,Yes,1,0
CUST-001175,24,101.72,2214.24,41.0,1,Month-to-month,No,Bank transfer,No internet service,Yes,Yes,No,0,1
CUST-000952,44,66.4,2920.07,20.0,1,Month-to-month,No,Bank transfer,No,Yes,Yes,Yes,0,0
CUST-004674,60,35.86,2079.54,,2,Month-to-month,No,Credit card,No,No,No,Yes,0,0
CUST-003014,35,42.79,1488.57,38.0,0,Month-to-month,Fiber optic,Bank transfer,No,Yes,No,No,0,0
CUST-003614,54,107.2,6157.09,79.0,1,Month-to-month,No,Electronic check,No,No,No,Yes,0,0
CUST-004657,41,41.08,1481.57,20.0,1,Two year,DSL,Electronic check,No internet service,No,No,No,0,1
CUST-001024,59,89.58,5138.26,22.0,4,Month-to-month,DSL,Mailed check,No,Yes,No,No,0,1
CUST-001732,51,87.14,4419.24,46.0,0,Two year,Fiber optic,Electronic check,No internet service,Yes,No,No,0,1
CUST-003193,14,84.54,,76.0,2,Month-to-month,Fiber optic,Mailed check,No,No,Yes,No,1,1
CUST-000416,70,42.07,3194.96,60.0,0,Two year,DSL,Electronic check,No internet service,Yes,No,No,0,0
CUST-002377,10,40.44,406.7,52.0,1,One year,Fiber optic,Electronic check,No,Yes,Yes,No,0,0
CUST-001393,54,91.13,4907.65,54.0,3,Month-to-month,Fiber optic,Bank transfer,No,No,Yes,Yes,0,1
CUST-002910,8,76.99,606.65,33.0,1,Month-to-month,Fiber optic,Mailed check,No internet service,Yes,Yes,No,0,1
CUST-000564,64,91.98,5282.53,51.0,1,Month-to-month,No,Mailed check,No,No,Yes,No,1,0
CUST-000478,48,15.0,785.75,47.0,1,Month-to-month,No,Credit card,No,Yes,No,Yes,0,1
CUST-003698,21,56.05,1200.04,51.0,1,Two year,DSL,Mailed check,No,Yes,No,No,0,0
CUST-000142,20,43.57,870.84,67.0,0,Month-to-month,Fiber optic,Electronic check,Yes,No,No,No,0,1
CUST-005397,28,35.29,1014.07,57.0,1,One year,DSL,Mailed check,No,No,Yes,No,0,1
CUST-004663,27,64.66,1863.86,19.0,3,Month-to-month,DSL,Electronic check,Yes,No,Yes,No,0,0
CUST-001163,38,78.76,3220.09,67.0,0,One year,Fiber optic,Credit card,No,No,Yes,No,0,0
CUST-002330,4,78.29,304.22,29.0,2,Two year,Fiber optic,Credit card,No,Yes,No,No,0,0
CUST-000605,39,86.58,3524.08,51.0,0,Two year,Fiber optic,Electronic check,No,No,Yes,Yes,0,0
CUST-005878,47,112.09,4645.08,18.0,3,Month-to-month,Fiber optic,Mailed check,No internet service,Yes,Yes,No,0,0
CUST-002850,14,52.05,715.9,34.0,3,Month-to-month,No,Electronic check,No,No,Yes,Yes,1,1
CUST-000497,27,24.87,688.36,52.0,0,One year,Fiber optic,Mailed check,No,Yes,No,No,0,0
CUST-001371,25,65.26,1633.65,49.0,2,Month-to-month,Fiber optic,Electronic check,Yes,No,No,No,0,1
CUST-004048,24,51.01,1224.38,26.0,0,Month-to-month,DSL,Credit card,Yes,No,No,Yes,1,0
CUST-003409,34,80.56,2682.83,67.0,1,Month-to-month,Fiber optic,Bank transfer,No,Yes,No,Yes,0,0
CUST-005412,37,88.63,3213.7,70.0,1,Month-to-month,Fiber optic,Bank transfer,Yes,No,Yes,No,0,1
CUST-000721,67,80.58,5408.86,53.0,2,One year,No,Mailed check,Yes,No,No,No,0,0
CUST-001097,55,34.39,1871.58,63.0,1,Month-to-month,Fiber optic,Mailed check,No internet service,Yes,Yes,No,1,0
CUST-001025,4,49.28,200.26,44.0,2,Month-to-month,Fiber optic,Electronic check,Yes,Yes,No,Yes,0,1
CUST-005325,28,69.84,1824.8,55.0,4,One year,DSL,Bank transfer,Yes,Yes,Yes,No,0,0
CUST-004766,41,81.34,3339.18,32.0,1,Two year,Fiber optic,Mailed check,No,No,No,Yes,0,1
CUST-005241,64,77.13,4970.7,75.0,2,One year,DSL,Credit card,No,No,Yes,No,0,0
CUST-003247,6,65.91,378.82,44.0,0,Month-to-month,DSL,Electronic check,No internet service,Yes,Yes,No,0,1
CUST-003947,26,22.35,611.0,40.0,2,Month-to-month,No,Electronic check,No,Yes,No,Yes,0,0
CUST-004848,11,60.26,727.64,27.0,0,Two year,DSL,Mailed check,No,Yes,Yes,Yes,0,0
CUST-004730,67,43.26,2902.09,55.0,1,Two year,Fiber optic,Electronic check,Yes,Yes,Yes,No,0,1
CUST-002653,27,50.89,1357.04,32.0,1,Month-to-month,No,Credit card,No,Yes,No,No,0,1
CUST-003941,22,34.69,698.59,58.0,1,Month-to-month,No,Bank transfer,No,Yes,No,Yes,0,1
CUST-002406,27,93.29,2276.58,19.0,1,Month-to-month,Fiber optic,Credit card,Yes,No,Yes,No,0,0
CUST-000336,70,44.54,2865.89,24.0,1,Two year,Fiber optic,Electronic check,No,No,No,No,0,0
CUST-005274,44,66.9,3061.33,20.0,1,Month-to-month,DSL,Electronic check,Yes,Yes,No,No,0,0
CUST-003149,7,74.05,501.48,19.0,1,Two year,DSL,Electronic check,No,Yes,No,No,0,0
CUST-003997,61,29.96,1823.04,62.0,0,Month-to-month,Fiber optic,Credit card,No,No,Yes,No,0,1
CUST-005365,11,52.15,531.8,47.0,1,One year,Fiber optic,Bank transfer,No,Yes,Yes,No,0,0
CUST-002314,16,91.36,1473.79,30.0,2,One year,Fiber optic,Electronic check,No,Yes,Yes,No,0,0
CUST-005119,2,70.38,145.51,49.0,1,Month-to-month,DSL,Electronic check,Yes,No,No,No,1,1
CUST-001374,64,117.29,6951.42,29.0,1,Month-to-month,Fiber optic,Mailed check,Yes,Yes,No,Yes,0,1
CUST-001161,36,78.8,2768.58,55.0,1,Month-to-month,DSL,Mailed check,No,Yes,Yes,No,0,1
CUST-002845,33,97.76,3319.66,28.0,0,One year,Fiber optic,Electronic check,Yes,Yes,No,No,0,0
CUST-000724,57,112.89,7167.97,46.0,1,Two year,DSL,Electronic check,No,Yes,No,Yes,0,0
CUST-000765,56,38.45,2031.45,49.0,1,Month-to-month,Fiber optic,Bank transfer,Yes,Yes,No,No,0,0
CUST-000286,11,90.05,1065.32,22.0,1,Two year,DSL,Credit card,No,No,Yes,No,0,0
CUST-000307,40,92.84,3390.44,75.0,0,Month-to-month,Fiber optic,Electronic check,No,Yes,No,No,1,1
CUST-002197,62,41.59,2426.69,32.0,2,One year,Fiber optic,Electronic check,No,No,No,No,0,0
CUST-004684,37,85.8,3386.81,22.0,3,Month-to-month,Fiber optic,Mailed check,No,Yes,No,Yes,0,1
CUST-005455,9,76.21,720.71,55.0,1,Month-to-month,DSL,Credit card,No,Yes,No,Yes,0,0
CUST-005814,43,74.19,3198.75,54.0,1,Two year,Fiber optic,Electronic check,Yes,Yes,Yes,Yes,0,0
CUST-002252,17,70.72,1098.41,62.0,4,Month-to-month,Fiber optic,Bank transfer,No internet service,Yes,Yes,Yes,0,1
CUST-005101,39,86.07,3304.54,37.0,2,Month-to-month,Fiber optic,Credit card,No internet service,No,Yes,Yes,0,0
CUST-002840,31,92.76,2815.86,59.0,1,Month-to-month,Fiber optic,Mailed check,No,Yes,No,Yes,0,1
CUST-000071,13,58.37,760.83,20.0,1,Month-to-month,No,Electronic check,No,No,Yes,No,0,1
CUST-001586,60,21.53,1247.87,18.0,2,One year,Fiber optic,Electronic check,No internet service,Yes,Yes,No,0,0
CUST-000711,38,58.15,2198.78,31.0,1,Month-to-month,DSL,Electronic check,No,Yes,Yes,Yes,0,1
CUST-003733,68,54.54,3842.3,53.0,0,Month-to-month,Fiber optic,Mailed check,Yes,Yes,No,No,0,0
CUST-001020,4,54.81,224.04,19.0,1,Month-to-month,Fiber optic,Electronic check,Yes,Yes,Yes,Yes,0,1
CUST-001360,6,97.03,619.42,,0,One year,Fiber optic,Mailed check,,Yes,Yes,No,0,0
CUST-003693,23,77.74,1774.02,55.0,2,One year,Fiber optic,Electronic check,Yes,Yes,No,No,0,1
CUST-002446,56,89.81,5277.02,40.0,1,Two year,No,Electronic check,No,Yes,No,Yes,0,0
CUST-000737,24,77.2,1833.94,33.0,3,Month-to-month,DSL,Credit card,No,No,No,No,1,1
CUST-001561,18,73.09,1257.65,23.0,2,Month-to-month,No,Electronic check,No,Yes,No,No,1,1
CUST-005026,18,60.05,1156.43,49.0,2,One year,Fiber optic,Electronic check,No internet service,No,Yes,No,0,0
CUST-001632,6,67.95,390.93,32.0,2,One year,Fiber optic,Bank transfer,No,Yes,Yes,No,0,0
CUST-005590,5,53.96,283.29,64.0,2,Month-to-month,No,Electronic check,No,Yes,No,Yes,0,0
CUST-003982,48,43.94,2040.71,32.0,0,Month-to-month,DSL,Bank transfer,Yes,No,No,No,0,0
CUST-003074,42,29.46,1222.69,46.0,3,Month-to-month,No,Bank transfer,No,No,No,Yes,0,0
CUST-001095,5,60.78,324.7,29.0,1,Month-to-month,Fiber optic,Credit card,Yes,No,Yes,Yes,0,0
CUST-002245,60,21.48,1262.29,47.0,0,Month-to-month,Fiber optic,Mailed check,No,Yes,No,Yes,0,1
CUST-005643,49,19.93,1057.85,24.0,0,One year,DSL,Bank transfer,Yes,Yes,Yes,Yes,0,0
CUST-005340,22,80.35,1663.7,18.0,2,Month-to-month,DSL,Credit card,Yes,No,Yes,Yes,1,1
CUST-003937,34,62.39,1976.22,24.0,2,Month-to-month,Fiber optic,Mailed check,No,No,No,No,0,0
CUST-000978,25,125.56,3241.6,63.0,2,Month-to-month,Fiber optic,Electronic check,Yes,No,Yes,No,0,0
CUST-002633,41,98.53,4163.92,78.0,1,Month-to-month,DSL,Bank transfer,Yes,Yes,No,No,0,0
CUST-005196,68,47.8,3161.32,69.0,1,One year,Fiber optic,Mailed check,Yes,No,No,No,1,1
CUST-002548,34,51.68,1754.15,76.0,2,One year,No,Credit card,Yes,No,No,Yes,0,0
CUST-002163,66,91.89,5750.96,62.0,0,Month-to-month,Fiber optic,Bank transfer,No,No,No,Yes,0,1
CUST-005299,61,71.2,4398.63,28.0,0,Two year,DSL,Credit card,No,Yes,No,No,1,1
CUST-000344,66,15.0,993.38,44.0,1,Month-to-month,No,Electronic check,Yes,Yes,No,No,0,1
CUST-002209,10,52.88,546.02,20.0,1,Month-to-month,Fiber optic,Electronic check,No,No,No,Yes,0,1
CUST-000911,13,67.15,,51.0,2,Two year,Fiber optic,Bank transfer,No internet service,No,Yes,Yes,0,0
CUST-004437,69,82.17,5674.96,72.0,2,One year,DSL,Credit card,Yes,No,No,No,0,0
CUST-000047,65,62.76,,25.0,1,Month-to-month,No,Credit card,No internet service,Yes,Yes,No,0,1
CUST-005827,49,100.45,5231.07,74.0,1,Month-to-month,Fiber optic,Bank transfer,No,No,Yes,No,0,0
CUST-005212,33,61.96,1995.86,18.0,0,Two year,DSL,Electronic check,No internet service,Yes,Yes,No,1,0
CUST-000443,35,80.63,2702.64,34.0,1,Month-to-month,No,Electronic check,Yes,No,No,No,0,1
CUST-003705,36,83.7,3037.53,39.0,0,Two year,Fiber optic,Mailed check,Yes,No,Yes,No,0,1
CUST-003800,67,30.75,2108.53,74.0,1,Month-to-month,Fiber optic,Electronic check,Yes,No,No,Yes,0,0
CUST-002503,7,50.27,380.35,45.0,2,One year,Fiber optic,Mailed check,No,No,Yes,No,1,1
CUST-002981,4,78.2,293.98,57.0,2,Two year,DSL,Credit card,No,Yes,No,Yes,0,0
CUST-001916,20,65.61,1375.45,44.0,0,Two year,DSL,Electronic check,No,Yes,No,No,0,0
CUST-005930,67,36.36,2559.53,,1,One year,DSL,Electronic check,Yes,Yes,Yes,No,0,0
CUST-005031,61,100.68,5995.04,79.0,1,Month-to-month,DSL,Credit card,No,No,Yes,No,0,1
CUST-001471,50,62.94,3415.46,39.0,2,Month-to-month,No,Bank transfer,Yes,Yes,Yes,Yes,0,0
CUST-003119,63,35.07,2062.07,59.0,2,One year,DSL,Bank transfer,Yes,No,No,No,1,0
CUST-001055,72,94.92,6951.69,77.0,1,Month-to-month,DSL,Electronic check,No,Yes,No,No,0,0
CUST-000848,59,18.69,1280.58,37.0,0,One year,Fiber optic,Electronic check,Yes,Yes,Yes,No,0,0
CUST-005869,48,60.23,3001.19,25.0,3,Month-to-month,DSL,Electronic check,No,No,Yes,No,0,0
CUST-004578,20,34.66,665.24,27.0,3,Month-to-month,Fiber optic,Mailed check,No,No,Yes,Yes,0,1
CUST-003063,9,70.6,635.77,53.0,0,One year,Fiber optic,Mailed check,No,No,No,No,0,0
CUST-004808,28,79.2,2319.76,42.0,0,One year,Fiber optic,Mailed check,No,No,No,No,0,1
CUST-005626,30,52.67,1656.46,24.0,0,Two year,Fiber optic,Bank transfer,Yes,Yes,Yes,No,0,0
CUST-004294,67,78.49,5402.32,35.0,0,One year,Fiber optic,Electronic check,No,Yes,Yes,No,0,0
CUST-004290,4,60.43,238.86,26.0,1,One year,Fiber optic,Mailed check,Yes,No,Yes,No,0,0
CUST-003303,20,60.72,1284.14,52.0,3,Month-to-month,Fiber optic,Electronic check,Yes,Yes,No,No,0,1
CUST-001831,69,95.14,6858.71,78.0,3,Two year,No,Credit card,No,Yes,No,Yes,0,0
CUST-000776,30,58.04,1687.99,48.0,2,Month-to-month,Fiber optic,Electronic check,No internet service,Yes,No,No,1,1
CUST-005697,56,69.53,4180.65,71.0,1,One year,Fiber optic,Credit card,No internet service,No,Yes,Yes,1,0
CUST-000183,50,48.33,2664.79,36.0,1,Month-to-month,DSL,Credit card,,No,Yes,No,0,0
CUST-005228,6,104.62,611.53,35.0,1,Month-to-month,DSL,Mailed check,Yes,No,Yes,No,0,0
CUST-004112,11,68.53,766.1,72.0,3,Month-to-month,No,Mailed check,Yes,No,No,No,1,1
CUST-003361,54,36.37,1948.85,35.0,1,One year,Fiber optic,Electronic check,Yes,Yes,No,Yes,0,0
CUST-002173,55,87.25,4836.6,50.0,2,Month-to-month,Fiber optic,Credit card,No,No,Yes,No,0,0
CUST-000734,15,37.49,582.4,32.0,2,Month-to-month,Fiber optic,Bank transfer,Yes,No,Yes,Yes,0,0
CUST-002083,48,41.65,2050.66,23.0,2,Month-to-month,Fiber optic,Mailed check,No,Yes,Yes,No,0,1
CUST-003520,60,73.29,4476.1,78.0,0,One year,Fiber optic,Bank transfer,No,No,No,No,0,1
CUST-003816,32,55.77,1829.17,32.0,2,Two year,DSL,Bank transfer,No,Yes,No,No,1,0
CUST-002053,69,74.75,5316.91,49.0,2,One year,DSL,Mailed check,No,Yes,No,Yes,1,0
CUST-000485,16,68.42,1066.45,72.0,2,One year,Fiber optic,Credit card,Yes,No,No,Yes,0,1
CUST-001176,23,65.75,1582.48,67.0,1,Month-to-month,Fiber optic,Electronic check,No internet service,Yes,Yes,Yes,0,1
CUST-000452,36,75.65,2671.32,30.0,2,Month-to-month,No,Bank transfer,Yes,No,No,No,0,0
CUST-003708,35,58.98,2168.86,18.0,3,One year,No,Electronic check,No,Yes,Yes,Yes,1,0
CUST-004610,6,50.32,316.73,46.0,1,Month-to-month,Fiber optic,Credit card,Yes,No,Yes,No,1,0
CUST-000030,32,46.59,1532.9,30.0,1,Month-to-month,Fiber optic,Electronic check,No,No,Yes,No,1,0
CUST-000789,0,88.38,0.0,61.0,2,Month-to-month,Fiber optic,Credit card,No internet service,Yes,No,Yes,0,1
CUST-003176,44,46.97,2130.77,37.0,1,Month-to-month,No,Electronic check,Yes,Yes,No,No,0,1
CUST-005826,11,47.75,508.82,65.0,0,Month-to-month,Fiber optic,Credit card,Yes,Yes,Yes,Yes,0,1
CUST-001109,3,64.22,176.99,27.0,2,Month-to-month,No,Electronic check,No internet service,Yes,Yes,No,0,1
CUST-000100,60,73.93,4496.86,61.0,0,One year,DSL,Mailed check,Yes,Yes,Yes,No,0,0
CUST-003994,37,59.25,1994.21,24.0,0,Two year,DSL,Mailed check,No,No,No,No,0,0
CUST-005434,38,51.85,1905.25,78.0,3,Two year,DSL,Mailed check,Yes,Yes,Yes,No,1,0
CUST-003187,29,114.96,3496.8,42.0,2,Month-to-month,Fiber optic,Bank transfer,No internet service,Yes,Yes,No,0,1
CUST-005888,48,75.5,3701.54,24.0,1,Two year,No,Electronic check,No internet service,Yes,Yes,No,1,0
CUST-004174,29,73.62,2047.76,37.0,2,Month-to-month,Fiber optic,Credit card,No,No,No,No,0,0
CUST-004510,21,37.16,797.94,41.0,0,One year,Fiber optic,Mailed check,No internet service,No,Yes,No,0,1
CUST-004260,16,40.77,603.2,39.0,0,One year,DSL,Bank transfer,Yes,No,Yes,Yes,1,0
CUST-002644,33,53.14,1700.69,23.0,2,Month-to-month,Fiber optic,Electronic check,No,Yes,No,Yes,0,0
CUST-000861,67,28.07,1842.08,21.0,1,Month-to-month,Fiber optic,Electronic check,No,No,Yes,Yes,0,1
CUST-001520,63,75.15,4859.06,56.0,0,Month-to-month,No,Electronic check,Yes,No,No,No,0,0
CUST-000903,64,79.45,5112.1,48.0,0,Month-to-month,Fiber optic,Mailed check,No,Yes,No,No,0,1
CUST-002057,53,25.99,1311.02,73.0,0,Month-to-month,Fiber optic,Electronic check,Yes,No,No,Yes,0,1
CUST-000109,51,42.75,2267.73,36.0,2,Two year,DSL,Electronic check,No,Yes,No,No,0,0
CUST-003770,30,105.39,3275.04,25.0,4,Two year,Fiber optic,Electronic check,No internet service,No,No,No,1,0
CUST-001354,16,48.0,761.76,76.0,3,Two year,DSL,Bank transfer,No internet service,Yes,Yes,No,0,0
CUST-005050,31,43.67,1371.1,52.0,0,Month-to-month,Fiber optic,Credit card,No internet service,Yes,No,No,0,1
CUST-002787,4,68.81,253.88,66.0,1,Month-to-month,Fiber optic,Credit card,No,No,Yes,No,0,1
CUST-004383,41,34.62,1516.21,20.0,1,Month-to-month,No,Bank transfer,No,Yes,No,No,0,1
CUST-003038,20,69.41,,31.0,4,Month-to-month,DSL,Bank transfer,No,No,No,No,0,1
CUST-003547,64,59.61,3846.84,56.0,2,Two year,DSL,Bank transfer,No,No,No,Yes,0,0
CUST-005885,59,60.69,3889.65,56.0,0,Month-to-month,DSL,Credit card,No internet service,No,No,No,1,0
CUST-002094,11,60.75,654.21,60.0,0,Month-to-month,No,Mailed check,,Yes,No,No,0,0
CUST-002402,54,38.5,2056.69,78.0,1,Month-to-month,Fiber optic,Electronic check,Yes,No,Yes,Yes,0,1
CUST-002954,20,114.37,2251.91,61.0,2,Month-to-month,DSL,Credit card,No,Yes,No,No,0,0
CUST-001962,10,62.74,652.88,32.0,0,One year,Fiber optic,Bank transfer,Yes,No,No,Yes,0,1
CUST-004327,31,66.82,2052.92,72.0,1,One year,DSL,Bank transfer,No,Yes,No,No,1,0
CUST-003195,12,97.15,1201.17,66.0,1,Month-to-month,No,Bank transfer,Yes,Yes,No,No,0,0
CUST-005659,53,66.96,3587.07,37.0,0,Month-to-month,DSL,Mailed check,No,Yes,No,No,0,1
CUST-003910,16,63.51,1021.67,74.0,0,Month-to-month,Fiber optic,Electronic check,No,No,Yes,No,0,0
CUST-001094,23,80.87,1930.04,21.0,0,One year,DSL,Credit card,No,No,No,No,1,0
CUST-001121,6,79.3,477.51,37.0,4,One year,DSL,Electronic check,No,Yes,No,No,0,0
CUST-001745,71,41.51,3005.73,57.0,0,One year,DSL,Electronic check,Yes,No,No,No,0,0
CUST-002927,23,94.98,2231.57,75.0,0,Month-to-month,No,Bank transfer,No,No,No,No,0,1
CUST-000809,72,22.29,1532.98,50.0,1,Two year,DSL,Credit card,Yes,No,Yes,Yes,0,0
CUST-005984,10,78.44,830.17,63.0,0,Month-to-month,DSL,Bank transfer,Yes,Yes,No,No,0,1
CUST-002471,7,70.91,498.04,18.0,1,Month-to-month,Fiber optic,Bank transfer,No,No,Yes,Yes,0,0
CUST-005932,24,64.39,1493.83,66.0,2,Two year,DSL,Bank transfer,Yes,Yes,Yes,Yes,0,0
CUST-004220,8,68.37,593.39,60.0,0,One year,No,Credit card,No,Yes,No,Yes,0,0
CUST-005341,44,93.27,3958.76,48.0,0,Two year,DSL,Electronic check,No internet service,Yes,Yes,Yes,1,0
CUST-004608,63,55.1,3540.18,44.0,0,Month-to-month,Fiber optic,Credit card,No,Yes,Yes,No,0,1
CUST-005674,36,31.52,1064.19,31.0,1,Month-to-month,Fiber optic,Electronic check,Yes,Yes,No,No,0,0
CUST-001485,62,74.18,4795.13,64.0,1,Month-to-month,No,Credit card,Yes,Yes,No,No,0,1
CUST-002284,49,94.91,4760.08,38.0,1,Two year,DSL,Credit card,Yes,No,Yes,Yes,0,0
CUST-001630,41,59.31,2564.2,25.0,1,Month-to-month,DSL,Credit card,No,Yes,No,No,0,1
CUST-004264,43,60.3,2612.71,66.0,1,Month-to-month,Fiber optic,Electronic check,No,Yes,Yes,Yes,1,1
CUST-002865,2,45.61,95.0,65.0,0,Month-to-month,No,Mailed check,No internet service,No,No,No,0,0
CUST-005336,53,81.67,4446.34,72.0,1,One year,DSL,Bank transfer,No,No,No,No,0,0
CUST-002259,72,73.19,5041.75,39.0,2,Month-to-month,DSL,Bank transfer,No,No,No,Yes,1,1
CUST-001699,70,42.59,2753.63,26.0,4,Month-to-month,Fiber optic,Credit card,No,Yes,Yes,Yes,1,1
CUST-001204,47,70.04,3198.81,33.0,1,Month-to-month,DSL,Credit card,Yes,Yes,No,No,0,0
CUST-005649,71,40.28,2603.43,50.0,1,One year,No,Electronic check,Yes,Yes,Yes,No,0,1
CUST-001777,11,75.66,787.7,63.0,2,Month-to-month,No,Bank transfer,No,No,No,No,1,1
CUST-005974,70,15.1,1070.31,22.0,3,Month-to-month,Fiber optic,Bank transfer,No,No,Yes,No,0,0
CUST-001654,11,102.54,1080.19,59.0,1,Month-to-month,No,Electronic check,No,Yes,Yes,No,0,0
CUST-004763,17,49.79,920.13,67.0,2,Month-to-month,Fiber optic,Credit card,Yes,Yes,No,No,0,0
CUST-005991,34,35.79,1184.09,65.0,1,Two year,DSL,Mailed check,Yes,No,Yes,No,0,0
CUST-003154,5,82.79,398.32,43.0,3,Month-to-month,DSL,Electronic check,Yes,No,No,Yes,0,0
CUST-000829,2,72.58,141.6,50.0,3,One year,DSL,Electronic check,No internet service,No,No,No,0,0
CUST-001786,14,68.87,1035.94,76.0,2,One year,Fiber optic,Bank transfer,No,Yes,No,Yes,0,1
CUST-002458,34,29.43,1071.23,21.0,0,Month-to-month,Fiber optic,Electronic check,Yes,Yes,Yes,No,0,1
CUST-000438,5,26.59,128.28,53.0,1,Two year,Fiber optic,Credit card,No,Yes,Yes,No,0,0
CUST-000627,26,82.94,2249.45,29.0,3,Month-to-month,Fiber optic,Mailed check,No,No,No,No,0,0
CUST-001370,64,50.13,3022.82,60.0,2,Month-to-month,No,Bank transfer,No,Yes,Yes,Yes,0,0
CUST-004476,68,71.02,4675.4,46.0,2,Month-to-month,Fiber optic,Credit card,No,No,No,No,0,0
CUST-000925,69,54.8,3814.49,49.0,1,Month-to-month,DSL,Electronic check,No,Yes,Yes,No,0,0
CUST-003688,70,37.77,2590.27,36.0,2,One year,Fiber optic,Mailed check,No internet service,No,Yes,No,0,0
CUST-005428,2,57.54,120.54,41.0,1,Two year,Fiber optic,Electronic check,Yes,No,Yes,No,0,0
CUST-003429,21,58.53,1142.9,59.0,1,Month-to-month,Fiber optic,Credit card,No,No,No,No,0,1
CUST-003023,14,42.21,567.02,34.0,2,Month-to-month,DSL,Bank transfer,Yes,No,Yes,Yes,0,0
CUST-003585,15,75.36,1140.0,66.0,1,One year,Fiber optic,Mailed check,No,Yes,No,No,0,1
CUST-001173,12,15.0,160.24,36.0,0,Two year,DSL,Electronic check,Yes,Yes,No,No,0,0
CUST-004912,1,89.88,89.31,,1,Month-to-month,No,Bank transfer,No,Yes,Yes,Yes,1,0
CUST-002318,62,100.66,6425.84,75.0,0,Month-to-month,DSL,Bank transfer,No,Yes,No,Yes,1,0
CUST-000944,9,72.99,626.3,26.0,0,Two year,Fiber optic,Mailed check,Yes,Yes,Yes,No,1,0
CUST-005072,12,18.4,225.91,76.0,0,One year,DSL,Electronic check,No internet service,No,No,No,0,1
CUST-005656,60,15.0,957.76,58.0,1,One year,Fiber optic,Electronic check,Yes,No,No,No,0,0
CUST-000012,53,70.68,3523.16,25.0,1,Month-to-month,No,Electronic check,No,Yes,Yes,No,0,0
CUST-001117,42,87.24,3378.1,78.0,0,Month-to-month,Fiber optic,Mailed check,Yes,Yes,No,Yes,0,1
CUST-004379,67,65.47,4555.17,43.0,1,Month-to-month,No,Mailed check,Yes,No,No,No,0,0
CUST-002576,19,75.64,1413.3,56.0,2,Month-to-month,Fiber optic,Credit card,No,No,No,No,1,0
CUST-005344,20,57.14,1111.88,34.0,2,Month-to-month,Fiber optic,Electronic check,No,Yes,No,No,0,0
CUST-000642,62,17.55,1100.13,30.0,2,Month-to-month,Fiber optic,Electronic check,No,Yes,No,Yes,0,0
CUST-001893,51,53.68,2613.85,59.0,0,Two year,DSL,Bank transfer,No,No,Yes,Yes,0,1
CUST-002807,22,84.14,1898.56,42.0,1,One year,Fiber optic,Bank transfer,No,No,Yes,No,0,0
CUST-001477,28,100.71,2499.71,58.0,1,One year,DSL,Bank transfer,No,Yes,Yes,No,0,0
CUST-003706,11,82.54,961.43,25.0,1,Month-to-month,DSL,Electronic check,No,Yes,Yes,Yes,0,0
CUST-002103,9,82.83,766.22,75.0,3,One year,DSL,Bank transfer,No,Yes,Yes,No,1,0
CUST-002473,15,25.37,345.14,60.0,1,Month-to-month,DSL,Bank transfer,Yes,Yes,No,No,0,0
CUST-005507,5,40.33,201.61,33.0,0,Month-to-month,No,Credit card,No,No,No,No,0,1
CUST-003418,7,44.58,302.7,33.0,2,One year,Fiber optic,Electronic check,No,No,No,No,0,1
CUST-002600,63,69.16,4316.41,76.0,1,Month-to-month,No,Electronic check,No,Yes,Yes,No,0,0
CUST-002104,63,45.72,3046.63,42.0,2,Month-to-month,No,Electronic check,No,Yes,Yes,Yes,1,0
CUST-003439,60,53.74,2939.96,30.0,1,One year,No,Bank transfer,Yes,Yes,No,Yes,0,0
CUST-000653,58,39.41,2354.08,59.0,2,One year,No,Credit card,No internet service,Yes,Yes,No,0,0
CUST-000429,52,70.39,3167.38,55.0,2,Two year,Fiber optic,Electronic check,No internet service,No,Yes,No,0,0
CUST-001559,62,46.62,2731.97,20.0,2,Month-to-month,DSL,Bank transfer,No,Yes,Yes,Yes,0,1
CUST-002997,25,78.22,1877.8,66.0,3,Month-to-month,Fiber optic,Credit card,Yes,Yes,Yes,No,0,0
CUST-002535,71,74.29,5210.88,19.0,1,Month-to-month,DSL,Bank transfer,Yes,No,No,No,1,0
CUST-005567,25,65.88,1648.28,64.0,1,Month-to-month,DSL,Electronic check,No,Yes,Yes,No,0,0
CUST-003443,16,20.65,356.33,34.0,0,Month-to-month,DSL,Credit card,No,Yes,No,Yes,0,1
CUST-001535,2,125.67,252.59,57.0,1,Month-to-month,No,Bank transfer,Yes,Yes,Yes,Yes,0,0
CUST-000838,1,31.4,,46.0,2,One year,DSL,Credit card,No,Yes,Yes,No,1,0
CUST-001087,72,69.88,4882.48,71.0,0,Two year,Fiber optic,Bank transfer,No internet service,No,No,No,0,0
CUST-003806,7,39.9,275.2,59.0,2,Month-to-month,DSL,Electronic check,Yes,Yes,Yes,No,0,0
CUST-002771,2,40.13,80.67,49.0,0,Month-to-month,No,Mailed check,No,Yes,No,Yes,0,1
CUST-001657,63,86.21,4705.59,79.0,0,Month-to-month,Fiber optic,Electronic check,No,No,Yes,No,0,0
CUST-001345,72,55.54,3929.51,19.0,2,One year,Fiber optic,Electronic check,No internet service,No,No,No,0,1
CUST-004168,37,31.76,1199.29,30.0,1,Two year,DSL,Electronic check,Yes,Yes,Yes,Yes,0,0
CUST-000856,17,52.68,876.59,42.0,2,One year,DSL,Bank transfer,No,No,Yes,Yes,0,0
CUST-001894,9,58.86,530.77,66.0,2,One year,Fiber optic,Electronic check,No internet service,Yes,No,No,0,0
CUST-002351,54,72.46,3918.94,43.0,0,Two year,DSL,Mailed check,Yes,Yes,No,No,0,0
CUST-001662,13,86.72,1133.14,75.0,2,Month-to-month,DSL,Mailed check,No,No,Yes,No,0,0
CUST-004173,25,75.46,1795.99,21.0,3,Month-to-month,No,Electronic check,No,Yes,Yes,No,0,1
CUST-003980,32,118.45,4000.01,39.0,2,Two year,Fiber optic,Bank transfer,No internet service,Yes,Yes,No,1,0
CUST-001966,27,53.86,1363.95,25.0,1,Month-to-month,Fiber optic,Electronic check,No,No,Yes,No,0,1
CUST-000693,69,66.16,4621.74,42.0,1,One year,No,Bank transfer,No,Yes,Yes,No,0,0
CUST-002662,10,73.01,685.64,73.0,1,Two year,DSL,Electronic check,Yes,Yes,Yes,No,0,0
CUST-002685,35,65.79,2396.41,25.0,1,Two year,DSL,Mailed check,No internet service,No,Yes,No,0,0
CUST-000188,17,69.64,1158.19,24.0,0,Two year,Fiber optic,Mailed check,Yes,Yes,Yes,Yes,1,0
CUST-000287,41,100.67,4113.41,52.0,3,Month-to-month,DSL,Credit card,No,No,Yes,No,0,0
CUST-004254,24,82.75,2011.36,66.0,1,Month-to-month,No,Bank transfer,Yes,Yes,Yes,No,0,0
CUST-003404,28,30.94,865.51,59.0,1,Month-to-month,DSL,Mailed check,No,Yes,Yes,No,0,1
CUST-002759,31,58.27,1786.32,47.0,0,Two year,No,Mailed check,No internet service,Yes,No,No,0,0
CUST-005030,23,37.69,889.37,42.0,1,Month-to-month,DSL,Electronic check,No,Yes,Yes,No,0,1
CUST-004332,62,75.53,4710.04,78.0,1,Month-to-month,Fiber optic,Electronic check,Yes,No,Yes,No,0,0
CUST-005499,2,47.45,92.73,67.0,2,Month-to-month,DSL,Credit card,No,Yes,Yes,No,0,0
CUST-002350,39,87.71,3510.33,29.0,0,Month-to-month,DSL,Bank transfer,No,Yes,No,No,0,0
CUST-002592,38,29.75,1096.57,21.0,1,Month-to-month,DSL,Credit card,No,No,Yes,No,0,0
CUST-002135,50,48.08,2436.28,43.0,1,Month-to-month,DSL,Bank transfer,No internet service,No,Yes,No,0,0
CUST-003362,3,18.21,51.53,30.0,1,Month-to-month,No,Credit card,No,Yes,No,No,0,0
CUST-004210,11,87.73,971.17,74.0,1,Two year,No,Mailed check,No,No,No,Yes,0,0
CUST-000210,19,71.38,1419.15,28.0,2,Month-to-month,DSL,Credit card,No internet service,Yes,No,No,0,0
CUST-004573,64,19.05,1208.2,26.0,0,Month-to-month,Fiber optic,Electronic check,No internet service,Yes,Yes,No,0,1
CUST-004614,40,59.36,2394.53,57.0,0,Month-to-month,DSL,Electronic check,No internet service,Yes,Yes,No,0,0
CUST-001335,72,93.95,6466.36,41.0,2,One year,No,Electronic check,Yes,Yes,No,No,0,0
CUST-000073,9,15.66,142.97,44.0,2,One year,DSL,Electronic check,No,Yes,No,No,0,0
CUST-003360,71,51.02,3615.33,64.0,4,Two year,Fiber optic,Mailed check,No,Yes,No,No,0,1
CUST-003480,58,57.13,3434.99,41.0,1,Two year,Fiber optic,Credit card,No,No,Yes,No,0,0
CUST-002618,47,61.05,2787.88,36.0,0,Two year,Fiber optic,Mailed check,No internet service,No,No,No,0,0
CUST-005566,16,85.13,1363.27,46.0,0,Month-to-month,DSL,Credit card,No internet service,No,Yes,No,0,0
CUST-003801,42,79.89,3422.58,55.0,2,Two year,Fiber optic,Bank transfer,No,No,No,No,0,0
CUST-001509,49,64.07,3486.09,60.0,1,One year,DSL,Electronic check,No,Yes,No,No,0,0
CUST-005664,39,78.5,3140.92,29.0,0,Two year,DSL,Credit card,No,No,No,No,0,0
CUST-005614,41,119.53,5242.57,74.0,3,Month-to-month,Fiber optic,Electronic check,Yes,Yes,Yes,Yes,0,1
CUST-002177,35,60.3,2136.84,38.0,2,One year,Fiber optic,Mailed check,No,No,Yes,No,0,1
CUST-001231,53,59.36,2883.97,33.0,1,Month-to-month,DSL,Bank transfer,No,Yes,Yes,No,0,0
CUST-005108,23,68.18,1579.24,43.0,1,Two year,DSL,Electronic check,Yes,Yes,Yes,No,1,0
CUST-005300,4,66.96,265.51,21.0,2,Month-to-month,No,Bank transfer,No,Yes,No,No,0,1
CUST-005890,54,62.49,3194.68,61.0,2,Month-to-month,Fiber optic,Bank transfer,No internet service,Yes,No,No,0,0
CUST-003588,47,83.82,3667.82,76.0,4,Month-to-month,Fiber optic,Mailed check,No internet service,No,Yes,No,1,1
CUST-000113,33,77.13,2443.47,28.0,3,Month-to-month,Fiber optic,Electronic check,Yes,Yes,Yes,No,0,0
CUST-005102,17,24.32,423.04,50.0,2,Month-to-month,DSL,Electronic check,No,No,Yes,No,0,0
CUST-004487,18,70.36,1247.35,61.0,2,One year,Fiber optic,Electronic check,No internet service,No,No,No,0,1
CUST-001897,63,32.11,2029.71,27.0,3,One year,No,Bank transfer,No internet service,No,No,Yes,0,1
CUST-004272,68,44.63,3201.97,64.0,2,Month-to-month,DSL,Mailed check,Yes,No,No,No,0,0
CUST-001328,49,92.98,4412.15,20.0,2,Month-to-month,DSL,Electronic check,No internet service,Yes,Yes,No,0,1
CUST-002968,52,56.8,2874.64,37.0,1,Month-to-month,Fiber optic,Electronic check,No,Yes,Yes,No,0,0
CUST-001860,54,62.59,3338.16,50.0,0,One year,DSL,Credit card,Yes,No,No,No,0,0
CUST-001886,47,30.55,1412.49,73.0,1,One year,No,Electronic check,No,Yes,Yes,No,0,1
CUST-002755,63,80.02,4525.14,64.0,0,Month-to-month,No,Electronic check,No,No,Yes,No,0,0
CUST-004141,62,94.53,6046.71,27.0,1,Two year,DSL,Bank transfer,Yes,No,No,No,0,0
CUST-004353,30,55.09,1795.42,39.0,2,Month-to-month,DSL,Bank transfer,No internet service,No,Yes,Yes,1,1
CUST-002450,61,74.48,4768.47,21.0,2,Month-to-month,No,Bank transfer,No internet service,No,No,Yes,0,1
CUST-002921,56,43.96,2539.39,44.0,1,One year,DSL,Credit card,,Yes,Yes,No,0,0
CUST-003557,25,90.26,2119.28,62.0,3,Month-to-month,No,Electronic check,Yes,Yes,No,Yes,0,0
CUST-000252,13,30.8,415.06,33.0,1,One year,No,Electronic check,Yes,Yes,Yes,No,0,0
CUST-000350,38,97.61,4216.66,25.0,1,One year,Fiber optic,Bank transfer,Yes,No,Yes,No,0,0
CUST-005810,48,32.46,1508.69,53.0,0,Month-to-month,No,Credit card,Yes,Yes,Yes,No,0,0
CUST-003128,36,43.24,1590.86,54.0,2,One year,DSL,Electronic check,No,No,Yes,Yes,0,0
CUST-000457,46,38.16,1776.52,61.0,1,Two year,Fiber optic,Bank transfer,,Yes,No,No,0,0
CUST-003211,20,88.83,1866.72,27.0,2,Month-to-month,Fiber optic,Electronic check,Yes,Yes,Yes,No,0,0
CUST-000479,7,68.24,469.72,75.0,1,Month-to-month,No,Electronic check,No,No,Yes,No,1,0
CUST-001114,14,50.85,680.59,55.0,2,Month-to-month,Fiber optic,Electronic check,Yes,No,No,No,1,1
CUST-000798,23,82.53,1939.81,48.0,1,Month-to-month,DSL,Bank transfer,No,No,Yes,No,1,1
CUST-004235,2,30.82,62.45,72.0,3,Month-to-month,Fiber optic,Bank transfer,Yes,Yes,No,Yes,0,1
CUST-003428,56,111.16,6106.1,68.0,1,One year,Fiber optic,Electronic check,,No,No,Yes,0,1
CUST-002894,19,128.21,2479.09,29.0,1,Month-to-month,DSL,Bank transfer,No,No,No,No,1,1
CUST-000026,29,113.77,3285.74,28.0,0,One year,Fiber optic,Electronic check,No internet service,Yes,Yes,No,1,1
CUST-003095,54,86.37,5136.86,49.0,1,One year,DSL,Electronic check,Yes,No,No,No,0,0
CUST-001362,25,76.28,1951.8,46.0,0,One year,DSL,Electronic check,No,Yes,Yes,Yes,0,0
CUST-003395,58,90.38,5439.82,57.0,1,Month-to-month,DSL,Electronic check,No,Yes,Yes,Yes,0,0
CUST-003670,10,70.57,672.64,74.0,0,Two year,No,Electronic check,Yes,No,Yes,No,0,0
CUST-001287,17,105.57,1775.5,41.0,0,Month-to-month,Fiber optic,Electronic check,No internet service,Yes,No,Yes,1,0
CUST-001281,53,62.0,3320.88,50.0,2,Month-to-month,Fiber optic,Credit card,No,No,Yes,Yes,0,0
CUST-002585,40,85.3,3188.17,32.0,3,Month-to-month,Fiber optic,Credit card,No,No,No,Yes,0,1
CUST-002638,11,56.41,639.54,51.0,0,Month-to-month,Fiber optic,Mailed check,Yes,Yes,No,No,0,0
CUST-002077,32,84.52,2664.18,31.0,4,Month-to-month,Fiber optic,Credit card,No,No,No,No,0,1
CUST-003921,44,54.51,2373.12,71.0,2,Month-to-month,Fiber optic,Bank transfer,Yes,No,Yes,Yes,0,0
CUST-005915,0,74.77,0.0,44.0,1,One year,DSL,Credit card,No,Yes,Yes,Yes,0,1
CUST-005170,43,98.43,4435.1,25.0,1,Month-to-month,No,Bank transfer,No internet service,Yes,No,No,0,0
CUST-004733,19,61.68,1119.16,34.0,1,Month-to-month,Fiber optic,Bank transfer,No internet service,No,Yes,Yes,0,1
CUST-003274,17,45.64,753.39,66.0,0,Month-to-month,Fiber optic,Electronic check,Yes,No,No,No,0,1
CUST-003139,36,84.89,2999.11,28.0,0,One year,Fiber optic,Credit card,Yes,No,Yes,No,0,0
CUST-004393,4,81.82,326.69,55.0,1,Month-to-month,DSL,Credit card,Yes,No,No,Yes,0,0
CUST-004951,3,36.15,112.01,32.0,0,Month-to-month,Fiber optic,Electronic check,No,Yes,Yes,No,0,0
CUST-000607,37,69.43,2464.4,50.0,2,One year,DSL,Electronic check,No internet service,No,Yes,No,0,1
CUST-005292,24,54.48,1319.62,46.0,0,Two year,Fiber optic,Bank transfer,No,Yes,No,Yes,1,0
CUST-004582,12,61.67,745.39,59.0,1,One year,No,Mailed check,Yes,No,Yes,No,0,0
CUST-003426,35,43.98,1568.2,24.0,0,Two year,Fiber optic,Electronic check,Yes,No,No,No,0,0
CUST-004710,20,44.41,944.48,45.0,0,Two year,Fiber optic,Bank transfer,Yes,No,No,No,0,0
CUST-003575,50,48.81,2364.5,66.0,1,Month-to-month,DSL,Mailed check,No,Yes,No,No,0,1
CUST-004868,67,89.25,6629.58,20.0,2,Month-to-month,Fiber optic,Credit card,Yes,Yes,No,Yes,0,0
CUST-005918,49,76.57,3937.94,43.0,2,Month-to-month,DSL,Credit card,Yes,No,Yes,No,0,0
CUST-003347,9,79.08,711.85,63.0,1,Two year,No,Mailed check,No,No,No,No,0,0
CUST-000203,51,96.64,4868.28,54.0,1,Month-to-month,Fiber optic,Mailed check,No internet service,Yes,No,No,0,0
CUST-000339,69,60.56,4450.92,53.0,0,Month-to-month,DSL,Electronic check,No,Yes,No,No,0,0
CUST-002329,10,77.43,793.86,61.0,0,One year,DSL,Mailed check,No,Yes,Yes,Yes,0,0
CUST-000837,14,54.01,709.91,21.0,0,One year,Fiber optic,Credit card,Yes,Yes,Yes,No,0,0
CUST-004373,59,73.1,4192.58,55.0,1,One year,DSL,Electronic check,No internet service,Yes,No,No,0,0
CUST-000387,60,24.84,1406.09,51.0,0,Month-to-month,Fiber optic,Mailed check,Yes,No,Yes,Yes,0,1
CUST-001580,21,46.28,867.66,33.0,3,One year,Fiber optic,Electronic check,No internet service,No,No,No,0,1
CUST-004563,13,58.24,780.21,60.0,1,Month-to-month,Fiber optic,Mailed check,No,No,Yes,Yes,0,0
CUST-005103,36,61.72,2352.03,70.0,1,One year,Fiber optic,Credit card,No internet service,Yes,Yes,Yes,0,0
CUST-003390,18,52.42,944.34,76.0,1,Month-to-month,Fiber optic,Bank transfer,Yes,Yes,Yes,No,0,1
CUST-002750,17,43.12,704.68,46.0,1,Month-to-month,Fiber optic,Mailed check,No internet service,Yes,Yes,No,0,0
CUST-005159,67,82.28,5650.6,37.0,3,Month-to-month,DSL,Mailed check,Yes,Yes,Yes,No,0,0
CUST-003580,64,61.56,4223.59,72.0,0,One year,No,Bank transfer,Yes,No,No,Yes,0,0
CUST-001483,8,95.9,739.81,71.0,2,Two year,DSL,Credit card,No,No,Yes,Yes,0,0
CUST-004105,33,92.45,2989.15,19.0,2,Month-to-month,Fiber optic,Credit card,Yes,No,Yes,Yes,1,0
CUST-001670,55,78.93,4431.85,67.0,2,One year,Fiber optic,Electronic check,No,Yes,Yes,Yes,0,0
CUST-005627,2,90.24,178.7,25.0,4,Two year,No,Mailed check,Yes,Yes,No,Yes,0,0
CUST-003524,21,71.64,1537.63,63.0,0,Month-to-month,DSL,Mailed check,Yes,Yes,No,Yes,0,1
CUST-000677,6,81.13,485.04,79.0,2,Two year,DSL,Electronic check,No,No,No,No,0,0
CUST-005043,41,108.24,4565.78,58.0,2,Two year,DSL,Electronic check,,Yes,No,Yes,0,0
CUST-005861,43,69.15,2926.95,52.0,2,Month-to-month,Fiber optic,Bank transfer,No internet service,Yes,Yes,Yes,1,1
CUST-002881,17,84.28,1461.3,44.0,3,Month-to-month,Fiber optic,Credit card,Yes,No,Yes,Yes,0,1
CUST-000061,54,52.87,2939.99,73.0,2,One year,Fiber optic,Mailed check,No internet service,Yes,Yes,No,0,1
CUST-003096,12,15.0,182.55,20.0,5,Month-to-month,DSL,Mailed check,No internet service,No,Yes,Yes,0,0
CUST-001737,7,15.0,108.79,20.0,1,One year,Fiber optic,Credit card,No internet service,No,No,No,0,0
CUST-004151,38,86.7,3591.82,65.0,0,One year,Fiber optic,Credit card,No internet service,No,Yes,No,0,0
CUST-001918,32,59.97,1941.51,75.0,1,One year,DSL,Bank transfer,Yes,Yes,No,Yes,0,1
CUST-001499,61,78.22,4828.99,73.0,1,Month-to-month,No,Mailed check,No,No,Yes,No,0,1
CUST-000790,6,87.78,535.68,31.0,2,Two year,Fiber optic,Bank transfer,No internet service,No,No,Yes,0,1
CUST-001425,59,53.8,3294.02,58.0,2,Month-to-month,DSL,Electronic check,Yes,No,Yes,Yes,0,1
CUST-005467,24,53.04,1201.24,20.0,1,Month-to-month,Fiber optic,Electronic check,No,Yes,No,No,0,1
CUST-005454,22,104.14,2189.14,31.0,1,Month-to-month,No,Bank transfer,Yes,No,No,No,0,1
CUST-005396,68,86.61,5703.47,75.0,0,Month-to-month,Fiber optic,Mailed check,No internet service,Yes,Yes,No,0,0
CUST-004823,71,78.13,5754.79,44.0,6,Month-to-month,DSL,Mailed check,Yes,No,No,Yes,0,0
CUST-003213,70,52.14,3918.49,37.0,0,Month-to-month,DSL,Credit card,No,No,Yes,No,0,0
CUST-002024,5,15.0,75.72,35.0,0,Month-to-month,Fiber optic,Credit card,No internet service,No,Yes,Yes,0,1
CUST-002926,45,97.88,4575.3,77.0,2,One year,DSL,Bank transfer,Yes,Yes,Yes,No,0,0
CUST-004645,29,98.61,2813.69,44.0,0,Two year,DSL,Credit card,No,No,Yes,No,0,0
CUST-002615,48,73.44,3592.18,73.0,1,One year,Fiber optic,Bank transfer,Yes,Yes,Yes,Yes,0,0
CUST-005852,18,75.63,1364.95,75.0,1,Month-to-month,DSL,Electronic check,Yes,Yes,Yes,No,0,0
CUST-002899,14,70.06,1003.12,44.0,2,Two year,Fiber optic,Electronic check,No,No,No,No,1,0
CUST-000733,56,65.24,3885.12,54.0,2,One year,No,Credit card,No,Yes,Yes,Yes,0,0
CUST-003977,72,80.76,5845.59,29.0,0,Month-to-month,DSL,Mailed check,Yes,Yes,No,Yes,1,0
CUST-005705,59,71.27,3871.87,21.0,1,One year,Fiber optic,Electronic check,No internet service,Yes,No,No,0,0
CUST-001825,65,40.33,2616.23,18.0,1,Month-to-month,Fiber optic,Mailed check,No,Yes,Yes,No,0,1
CUST-005105,46,71.92,3324.71,63.0,1,One year,No,Bank transfer,Yes,Yes,No,No,0,0
CUST-005742,65,60.05,4275.35,45.0,0,One year,DSL,Electronic check,No,Yes,Yes,No,0,0
CUST-005186,63,83.88,5488.56,24.0,1,Two year,Fiber optic,Bank transfer,Yes,Yes,Yes,No,0,0
CUST-000527,10,67.55,660.66,25.0,0,Month-to-month,Fiber optic,Mailed check,No,No,Yes,Yes,0,1
CUST-005605,4,95.27,389.58,26.0,0,One year,DSL,Mailed check,Yes,Yes,No,No,0,1
CUST-002584,25,100.64,2625.43,31.0,1,Month-to-month,No,Electronic check,No,Yes,No,Yes,0,1
CUST-001544,16,52.08,840.61,42.0,0,One year,Fiber optic,Credit card,No,No,Yes,No,0,1
CUST-004890,61,104.69,6897.92,68.0,3,Month-to-month,Fiber optic,Bank transfer,No internet service,No,Yes,No,0,0
CUST-001782,1,105.91,98.38,51.0,1,One year,DSL,Credit card,Yes,No,No,No,0,1
CUST-001744,15,84.97,1238.16,79.0,4,One year,Fiber optic,Credit card,Yes,Yes,No,No,0,0
CUST-000803,67,52.8,3377.53,35.0,1,Month-to-month,No,Credit card,No,No,No,No,0,0
CUST-000857,4,53.08,190.56,43.0,1,One year,No,Credit card,No,No,No,No,0,0
CUST-001505,17,30.06,579.65,58.0,3,Month-to-month,Fiber optic,Electronic check,No internet service,No,No,Yes,0,1
CUST-005976,68,18.15,1245.83,48.0,0,One year,Fiber optic,Credit card,No,No,Yes,No,1,0
CUST-004714,2,99.36,198.65,62.0,0,One year,DSL,Credit card,Yes,No,Yes,No,0,0
CUST-003926,36,76.96,,32.0,0,Month-to-month,DSL,Mailed check,Yes,Yes,Yes,No,0,0
CUST-004695,60,60.27,3593.83,19.0,1,Two year,DSL,Electronic check,Yes,No,No,No,0,0
CUST-004010,25,74.0,1975.58,49.0,0,Month-to-month,Fiber optic,Mailed check,Yes,Yes,Yes,Yes,0,1
CUST-000219,65,75.46,5197.05,66.0,2,Month-to-month,DSL,Mailed check,No,No,Yes,Yes,0,0
CUST-002287,59,88.14,4912.64,73.0,0,One year,No,Electronic check,No,Yes,No,No,0,1
CUST-001288,7,78.56,502.57,42.0,2,Month-to-month,Fiber optic,Electronic check,Yes,No,No,No,0,0
CUST-001115,35,60.57,2141.35,25.0,2,Two year,Fiber optic,Bank transfer,No internet service,Yes,Yes,No,0,0
CUST-000582,7,57.39,411.72,29.0,3,Two year,Fiber optic,Electronic check,No internet service,Yes,No,No,0,0
CUST-003181,14,75.97,1070.5,33.0,1,Month-to-month,DSL,Mailed check,No,Yes,No,Yes,0,1
CUST-000043,25,45.39,1176.74,42.0,3,Two year,No,Electronic check,No,No,No,Yes,1,0
CUST-003604,67,36.47,2364.21,58.0,1,Month-to-month,Fiber optic,Mailed check,No,Yes,No,Yes,0,1
CUST-003922,35,65.29,2294.35,31.0,2,Month-to-month,Fiber optic,Credit card,No,Yes,Yes,Yes,0,1
CUST-002380,13,60.57,833.0,47.0,2,Two year,Fiber optic,Mailed check,No,Yes,Yes,No,0,0
CUST-001539,45,109.64,4876.71,33.0,1,One year,No,Bank transfer,No,No,No,Yes,0,0
CUST-002669,70,80.82,5887.88,30.0,1,Two year,Fiber optic,Electronic check,No,Yes,Yes,No,0,0
CUST-002157,46,72.62,3253.7,59.0,4,Month-to-month,DSL,Credit card,No internet service,Yes,No,No,0,1
CUST-005615,53,67.41,3742.51,45.0,1,Two year,No,Credit card,No,Yes,Yes,No,0,0
CUST-005266,39,66.28,2400.41,61.0,2,One year,Fiber optic,Credit card,No,No,Yes,No,0,1
CUST-001224,30,98.45,2975.14,78.0,5,Month-to-month,DSL,Credit card,Yes,Yes,No,No,0,0
CUST-002818,9,73.12,684.97,23.0,1,Month-to-month,No,Mailed check,No,No,Yes,No,0,0
CUST-003435,44,41.45,1840.29,65.0,2,Month-to-month,Fiber optic,Electronic check,Yes,Yes,Yes,Yes,1,1
CUST-001071,15,100.74,1448.28,43.0,0,One year,No,Bank transfer,No,Yes,No,No,0,0
CUST-000718,17,71.42,1280.56,31.0,3,One year,Fiber optic,Electronic check,No internet service,Yes,No,No,0,0
CUST-004370,40,62.04,2573.1,74.0,2,Month-to-month,Fiber optic,Credit card,No,Yes,No,Yes,0,0
CUST-005259,17,79.04,1242.64,58.0,0,Two year,DSL,Electronic check,No internet service,No,No,No,1,0
CUST-000670,69,101.45,,79.0,0,Month-to-month,No,Electronic check,Yes,Yes,No,No,0,1
CUST-003917,62,95.76,5877.83,59.0,1,Month-to-month,DSL,Credit card,Yes,Yes,Yes,No,0,1
CUST-005197,68,44.59,2874.72,,1,Month-to-month,No,Electronic check,No internet service,No,Yes,Yes,0,0
CUST-005973,4,89.98,381.87,49.0,0,Month-to-month,No,Mailed check,Yes,No,Yes,No,0,0
CUST-004813,40,86.36,3763.47,26.0,2,Month-to-month,Fiber optic,Electronic check,No internet service,Yes,Yes,No,0,1
CUST-003499,32,59.93,2016.85,46.0,1,Two year,No,Credit card,No internet service,Yes,Yes,No,0,0
CUST-000897,3,40.81,119.33,74.0,1,Month-to-month,Fiber optic,Electronic check,No,Yes,Yes,No,0,1
CUST-001258,39,85.55,3065.7,40.0,1,Two year,DSL,Credit card,Yes,Yes,Yes,No,0,0
CUST-005546,11,65.74,707.27,56.0,1,Two year,DSL,Credit card,No,No,No,No,0,0
CUST-000095,21,43.98,950.72,36.0,1,Month-to-month,DSL,Credit card,No internet service,Yes,No,No,0,0
CUST-002944,60,48.82,2756.24,31.0,1,Two year,No,Electronic check,No internet service,Yes,No,Yes,0,0
CUST-004439,22,30.49,725.0,36.0,0,Month-to-month,Fiber optic,Credit card,No internet service,No,Yes,No,0,1
CUST-000842,66,41.59,2700.47,79.0,3,Two year,No,Electronic check,No,No,No,No,1,0
CUST-003821,0,63.4,0.0,37.0,0,One year,Fiber optic,Mailed check,No internet service,Yes,Yes,Yes,1,0
CUST-005281,52,32.77,1603.88,57.0,3,Month-to-month,Fiber optic,Bank transfer,Yes,Yes,Yes,No,0,0
CUST-004991,38,56.19,2455.02,78.0,2,Month-to-month,DSL,Mailed check,No internet service,Yes,Yes,Yes,0,1
CUST-004189,65,23.86,1495.1,63.0,0,One year,Fiber optic,Mailed check,Yes,Yes,Yes,No,1,0
CUST-004712,64,95.64,6235.16,65.0,1,Two year,Fiber optic,Credit card,No,No,No,No,0,0
CUST-003904,63,52.01,3231.71,36.0,2,Month-to-month,Fiber optic,Mailed check,No internet service,Yes,Yes,Yes,0,0
CUST-004585,44,75.86,3433.7,38.0,1,Month-to-month,Fiber optic,Bank transfer,No internet service,No,No,No,0,0
CUST-000322,44,73.55,3406.05,66.0,0,Month-to-month,Fiber optic,Electronic check,No internet service,No,Yes,No,0,1
CUST-004369,38,51.12,1737.41,69.0,2,One year,DSL,Credit card,No,Yes,Yes,No,0,0
CUST-004866,34,43.26,1516.18,74.0,1,Month-to-month,DSL,Bank transfer,No,Yes,Yes,No,0,1
CUST-003856,26,49.43,1183.43,25.0,1,Month-to-month,No,Bank transfer,Yes,No,Yes,No,0,0
CUST-000334,33,64.03,2352.88,59.0,0,Month-to-month,DSL,Credit card,No,Yes,Yes,No,0,1
CUST-002663,36,60.29,2118.19,22.0,3,Month-to-month,DSL,Bank transfer,No,No,Yes,Yes,0,1
CUST-000332,22,74.88,1721.24,65.0,1,Two year,DSL,Bank transfer,No,Yes,Yes,No,0,0
CUST-000833,10,88.12,911.4,59.0,1,One year,Fiber optic,Electronic check,Yes,No,Yes,No,0,0
CUST-002552,15,84.9,1231.32,78.0,6,Month-to-month,No,Electronic check,Yes,No,No,Yes,0,1
CUST-005113,1,15.0,14.99,42.0,0,One year,Fiber optic,Mailed check,No,No,No,No,0,0
CUST-002268,8,53.04,422.87,44.0,2,One year,Fiber optic,Electronic check,No internet service,Yes,Yes,No,0,1
CUST-004831,7,100.43,714.51,54.0,0,Month-to-month,No,Bank transfer,Yes,No,Yes,No,0,0
CUST-002182,44,79.64,3387.38,60.0,2,Month-to-month,No,Mailed check,No internet service,No,Yes,No,0,1
CUST-000731,30,60.78,1772.23,22.0,1,Month-to-month,Fiber optic,Electronic check,No internet service,Yes,No,No,0,1
CUST-003035,69,68.03,4784.84,61.0,1,Month-to-month,Fiber optic,Electronic check,Yes,Yes,No,No,0,1
CUST-000291,19,71.38,1292.95,22.0,2,Month-to-month,Fiber optic,Bank transfer,No internet service,No,No,No,0,0
CUST-000184,36,61.17,2372.92,39.0,2,One year,Fiber optic,Electronic check,No internet service,No,No,Yes,0,0
CUST-004742,31,32.94,1045.08,,2,Month-to-month,DSL,Mailed check,No,Yes,Yes,No,1,1
CUST-005608,44,43.27,1777.63,54.0,3,Month-to-month,No,Credit card,Yes,No,Yes,Yes,0,1
CUST-004085,46,44.82,2135.96,76.0,0,Month-to-month,DSL,Electronic check,No internet service,Yes,Yes,No,0,0
CUST-000533,20,99.06,2054.13,39.0,1,Month-to-month,No,Bank transfer,Yes,No,Yes,No,1,0
CUST-004750,2,18.39,36.23,52.0,1,Two year,No,Bank transfer,Yes,Yes,No,Yes,0,0
CUST-002462,34,80.52,2588.16,73.0,1,Month-to-month,Fiber optic,Credit card,Yes,Yes,Yes,Yes,0,0
CUST-002117,39,75.48,2753.02,44.0,3,Month-to-month,Fiber optic,Bank transfer,Yes,Yes,No,No,0,0
CUST-003807,11,30.79,339.51,45.0,2,Month-to-month,Fiber optic,Bank transfer,No,Yes,No,No,1,1
CUST-000657,46,63.76,2954.1,19.0,0,Two year,No,Mailed check,No internet service,Yes,Yes,Yes,1,0
CUST-001255,6,46.81,293.0,64.0,2,Two year,Fiber optic,Electronic check,Yes,No,No,No,1,0
CUST-002518,10,43.24,440.88,78.0,3,Month-to-month,Fiber optic,Credit card,No,Yes,No,Yes,0,0
CUST-004689,52,60.85,3246.93,32.0,0,Month-to-month,DSL,Electronic check,Yes,Yes,No,No,1,0
CUST-002498,2,72.88,146.57,43.0,0,Month-to-month,Fiber optic,Electronic check,No,Yes,No,Yes,0,1
CUST-003123,44,51.58,2188.2,52.0,2,Month-to-month,DSL,Electronic check,Yes,Yes,Yes,No,0,0
CUST-000898,5,118.59,617.48,,2,Month-to-month,Fiber optic,Credit card,Yes,Yes,Yes,No,0,1
CUST-000428,1,15.0,15.1,53.0,0,One year,No,Electronic check,No,Yes,No,No,0,0
CUST-004940,53,50.93,2595.29,23.0,2,Month-to-month,Fiber optic,Credit card,No,Yes,Yes,Yes,0,0
CUST-003237,72,98.15,7696.81,31.0,2,Month-to-month,DSL,Credit card,Yes,Yes,No,No,0,0
CUST-003320,6,50.71,299.75,43.0,2,One year,No,Electronic check,Yes,Yes,Yes,No,0,0
CUST-001436,31,83.4,2420.33,36.0,0,One year,DSL,Electronic check,No,No,Yes,Yes,0,0
CUST-005449,12,101.42,1237.35,28.0,2,Month-to-month,No,Bank transfer,No,No,No,No,0,0
CUST-001222,70,51.01,3453.64,57.0,1,Month-to-month,DSL,Credit card,No,No,Yes,No,0,0
CUST-001634,30,69.47,2141.67,66.0,3,Two year,DSL,Credit card,Yes,Yes,Yes,No,0,1
CUST-005253,40,108.95,4320.66,41.0,1,Month-to-month,DSL,Bank transfer,No,Yes,No,No,0,0
CUST-005947,67,52.51,3351.52,62.0,2,Two year,Fiber optic,Mailed check,Yes,Yes,Yes,No,1,0
CUST-005333,65,98.43,6920.8,77.0,2,One year,Fiber optic,Mailed check,No,Yes,No,No,0,0
CUST-005152,19,63.36,1197.88,21.0,1,Two year,No,Credit card,No,No,Yes,No,0,0
CUST-003393,13,61.96,801.48,66.0,1,Month-to-month,Fiber optic,Bank transfer,Yes,Yes,No,No,1,0
CUST-004758,32,53.25,1666.69,57.0,0,Month-to-month,No,Bank transfer,No,Yes,No,No,0,0
CUST-002641,36,93.12,3279.71,33.0,1,Month-to-month,Fiber optic,Credit card,No,Yes,Yes,No,0,1
CUST-004529,41,91.23,3412.48,49.0,2,Month-to-month,No,Mailed check,No,No,Yes,Yes,0,0
CUST-001872,44,31.79,1386.62,41.0,2,Month-to-month,No,Bank transfer,No,Yes,No,No,0,0
CUST-003558,12,54.51,659.82,47.0,0,Two year,Fiber optic,Electronic check,No,No,No,No,0,0
CUST-001839,40,56.49,2241.3,22.0,0,Two year,No,Credit card,Yes,Yes,Yes,No,0,0
CUST-005438,30,53.21,1571.22,73.0,1,Month-to-month,No,Electronic check,No,Yes,No,Yes,0,1
CUST-005716,14,58.28,817.29,73.0,4,One year,No,Credit card,Yes,No,No,No,0,1
CUST-004971,27,46.43,1280.26,59.0,0,Two year,DSL,Electronic check,No,Yes,Yes,Yes,1,0
CUST-001599,51,109.86,5795.83,53.0,3,Month-to-month,DSL,Bank transfer,Yes,No,Yes,No,0,1
CUST-005678,44,52.42,,20.0,1,Two year,DSL,Bank transfer,Yes,No,Yes,No,0,0
CUST-002316,6,43.1,250.82,42.0,1,One year,No,Bank transfer,No,Yes,No,No,0,0
CUST-001410,4,52.88,208.2,18.0,0,Month-to-month,DSL,Bank transfer,,Yes,Yes,No,0,1
CUST-004356,70,91.28,6172.45,73.0,1,Month-to-month,No,Credit card,No,Yes,Yes,No,1,0
CUST-003026,8,96.04,773.76,26.0,2,One year,Fiber optic,Electronic check,No,Yes,Yes,No,0,0
CUST-003204,21,15.0,319.81,24.0,2,Month-to-month,Fiber optic,Electronic check,Yes,No,No,Yes,0,0
CUST-005923,70,36.3,2359.8,58.0,4,One year,Fiber optic,Mailed check,Yes,Yes,No,No,1,0
CUST-005359,24,54.55,1229.88,58.0,1,Month-to-month,Fiber optic,Credit card,No,No,Yes,No,0,0
CUST-001126,62,62.54,3641.69,54.0,1,Two year,No,Mailed check,No,No,Yes,No,0,0
CUST-001832,42,74.2,3227.0,67.0,1,Month-to-month,DSL,Credit card,No internet service,Yes,No,Yes,1,1
CUST-001770,24,71.71,1725.8,,1,Month-to-month,DSL,Electronic check,Yes,Yes,Yes,No,0,0
CUST-002531,58,40.62,2216.85,34.0,2,Month-to-month,DSL,Credit card,No internet service,Yes,Yes,No,0,0
CUST-002705,20,74.1,1623.67,39.0,3,Month-to-month,DSL,Electronic check,No,No,Yes,No,0,0
CUST-000304,39,83.53,3200.28,65.0,1,Month-to-month,DSL,Mailed check,No,No,No,Yes,1,1
CUST-003722,54,99.37,5650.02,38.0,1,Month-to-month,Fiber optic,Credit card,Yes,Yes,No,No,0,0
CUST-001292,32,75.47,2326.56,56.0,3,Month-to-month,DSL,Mailed check,Yes,Yes,Yes,No,0,0
CUST-000070,58,26.3,,38.0,1,One year,Fiber optic,Bank transfer,No internet service,Yes,No,No,0,0
CUST-001978,4,77.51,293.12,57.0,2,Two year,Fiber optic,Electronic check,No internet service,No,Yes,No,0,0
CUST-001305,49,63.03,3197.15,19.0,1,Two year,Fiber optic,Electronic check,Yes,No,Yes,No,1,0
CUST-002799,28,99.27,2889.23,65.0,0,One year,Fiber optic,Mailed check,No,No,No,Yes,0,0
CUST-005823,10,66.38,655.38,52.0,1,Month-to-month,Fiber optic,Credit card,No internet service,Yes,Yes,No,0,1
CUST-001738,0,53.85,0.0,23.0,0,One year,DSL,Credit card,No,Yes,Yes,Yes,0,0
CUST-004556,11,60.86,628.25,51.0,2,Two year,Fiber optic,Electronic check,No,Yes,Yes,No,0,0
CUST-001340,38,111.1,4627.81,38.0,0,Month-to-month,No,Credit card,No internet service,Yes,Yes,No,0,0
CUST-000831,17,63.37,1075.75,59.0,2,Two year,No,Credit card,Yes,Yes,No,No,0,0
CUST-002218,20,62.92,1186.66,73.0,1,Month-to-month,DSL,Electronic check,No,No,No,No,0,1
CUST-001456,71,104.93,7305.07,40.0,1,Two year,DSL,Credit card,Yes,Yes,Yes,Yes,0,0
CUST-004523,72,101.74,6901.32,43.0,1,Month-to-month,No,Electronic check,No,Yes,No,Yes,0,0
CUST-003871,7,81.78,540.24,64.0,1,One year,Fiber optic,Electronic check,Yes,Yes,Yes,No,0,0
CUST-000238,22,82.22,1822.71,31.0,2,Month-to-month,No,Credit card,No,Yes,Yes,No,0,0
CUST-000092,61,65.33,3967.02,56.0,1,Month-to-month,Fiber optic,Mailed check,Yes,Yes,Yes,Yes,1,1
CUST-002646,41,90.66,3697.64,76.0,0,Month-to-month,DSL,Mailed check,Yes,Yes,Yes,Yes,0,0
CUST-005554,40,56.25,2081.12,79.0,0,Two year,Fiber optic,Electronic check,Yes,Yes,No,No,0,1
CUST-003896,38,30.54,1225.87,76.0,1,Month-to-month,DSL,Electronic check,No,Yes,Yes,No,0,1
CUST-002191,29,52.24,1530.66,42.0,0,Two year,No,Mailed check,No,No,No,No,0,0
CUST-002622,7,69.1,470.11,52.0,4,One year,Fiber optic,Electronic check,Yes,No,No,Yes,1,0
CUST-002164,69,122.8,9350.03,70.0,1,Month-to-month,Fiber optic,Credit card,No,Yes,Yes,No,0,1
CUST-004350,44,66.07,2832.14,68.0,0,One year,No,Electronic check,Yes,No,Yes,Yes,0,0
CUST-001001,53,74.91,4199.32,71.0,0,Month-to-month,DSL,Electronic check,Yes,No,Yes,Yes,0,1
CUST-004753,63,71.1,4476.24,43.0,2,One year,Fiber optic,Bank transfer,Yes,Yes,No,No,0,1
CUST-004715,36,61.5,2180.5,50.0,2,Two year,DSL,Bank transfer,Yes,Yes,No,Yes,0,0
CUST-003010,26,15.0,351.28,18.0,2,Month-to-month,Fiber optic,Electronic check,No internet service,No,Yes,Yes,0,1
CUST-005774,35,79.32,3088.67,43.0,1,Two year,No,Bank transfer,No,Yes,Yes,No,1,0
CUST-001504,43,85.45,3525.77,51.0,0,Two year,Fiber optic,Electronic check,No,Yes,No,Yes,0,0
CUST-000957,46,34.61,1700.0,76.0,1,Month-to-month,Fiber optic,Electronic check,No,Yes,No,Yes,0,0
CUST-004299,6,36.93,226.14,52.0,1,Month-to-month,DSL,Credit card,No,Yes,No,No,1,0
CUST-005738,16,67.02,1124.54,53.0,2,Two year,Fiber optic,Electronic check,Yes,Yes,No,No,0,0
CUST-005778,51,50.71,2603.19,26.0,3,One year,DSL,Credit card,No,Yes,No,Yes,0,0
CUST-001532,68,78.46,4889.62,40.0,0,One year,Fiber optic,Bank transfer,No,Yes,No,No,1,0
CUST-004192,54,77.91,4258.12,25.0,3,One year,Fiber optic,Electronic check,Yes,No,Yes,No,0,0
CUST-000411,16,28.29,473.81,19.0,3,Month-to-month,Fiber optic,Bank transfer,Yes,Yes,Yes,No,0,1
CUST-001405,11,65.73,712.83,69.0,1,Month-to-month,Fiber optic,Electronic check,No,Yes,Yes,No,0,0
CUST-002951,37,84.56,2955.82,66.0,3,One year,Fiber optic,Electronic check,No,No,Yes,Yes,1,0
CUST-005781,10,46.5,487.84,37.0,1,Month-to-month,DSL,Electronic check,Yes,Yes,No,Yes,1,0
CUST-002432,11,114.87,1324.36,44.0,2,Month-to-month,Fiber optic,Mailed check,No internet service,No,No,No,1,1
CUST-003942,67,83.99,5721.7,26.0,1,Month-to-month,DSL,Bank transfer,Yes,No,Yes,No,1,1
CUST-003337,3,74.34,234.41,36.0,1,Two year,DSL,Mailed check,No internet service,Yes,Yes,Yes,1,0
CUST-003070,30,80.17,2359.95,48.0,1,Two year,DSL,Electronic check,No,Yes,No,No,0,0
CUST-003751,58,58.29,3254.68,60.0,2,Two year,Fiber optic,Credit card,No internet service,No,Yes,No,0,0
CUST-001034,4,38.89,164.37,40.0,1,Month-to-month,DSL,Bank transfer,Yes,No,No,No,0,1
CUST-003483,16,99.01,1538.17,32.0,0,Month-to-month,No,Credit card,No internet service,No,No,No,0,1
CUST-005638,7,76.38,489.81,66.0,0,Month-to-month,Fiber optic,Electronic check,No,No,Yes,No,0,0
CUST-002698,9,102.98,938.35,58.0,4,One year,Fiber optic,Electronic check,No internet service,Yes,Yes,No,0,0
CUST-000931,51,22.11,1103.46,40.0,1,Month-to-month,DSL,Credit card,No,Yes,No,No,0,0
CUST-005491,57,63.64,3576.07,18.0,1,One year,DSL,Bank transfer,No,No,No,Yes,0,1
CUST-003918,4,112.18,479.18,73.0,2,Two year,DSL,Credit card,Yes,No,No,No,0,0
CUST-000633,27,82.93,2244.41,72.0,0,Month-to-month,Fiber optic,Bank transfer,No,Yes,Yes,No,0,1
CUST-002464,33,94.39,3171.23,63.0,3,Two year,Fiber optic,Electronic check,Yes,Yes,No,Yes,0,0
CUST-000498,67,100.09,7543.55,25.0,1,One year,No,Credit card,Yes,Yes,Yes,Yes,0,0
CUST-000937,10,65.44,649.8,57.0,3,One year,Fiber optic,Electronic check,Yes,No,Yes,No,0,0
CUST-000415,49,78.48,3626.73,49.0,1,Month-to-month,Fiber optic,Credit card,No,Yes,Yes,No,0,0
CUST-002345,18,54.0,1016.95,39.0,2,One year,No,Electronic check,No,No,No,No,0,1
CUST-005502,2,86.27,159.31,60.0,0,Month-to-month,DSL,Credit card,No,Yes,No,No,0,1
CUST-001743,1,74.55,78.32,24.0,4,Month-to-month,Fiber optic,Electronic check,No,Yes,Yes,No,0,0
CUST-004252,71,80.07,5288.59,37.0,1,Two year,DSL,Credit card,No,No,Yes,No,0,0
CUST-001951,44,76.03,3181.84,37.0,2,Month-to-month,No,Credit card,No,No,Yes,No,0,0
CUST-000757,27,82.96,2359.59,19.0,0,One year,No,Electronic check,No,No,No,No,0,0
CUST-003803,1,109.63,111.57,67.0,1,Month-to-month,No,Credit card,No internet service,Yes,Yes,No,0,1
CUST-001041,62,48.29,2743.69,22.0,7,Month-to-month,DSL,Electronic check,No internet service,Yes,No,No,0,0
CUST-002225,45,49.4,2139.56,73.0,2,Month-to-month,DSL,Credit card,Yes,Yes,No,No,0,0
CUST-003671,6,83.0,472.47,53.0,3,Two year,Fiber optic,Bank transfer,Yes,No,No,No,0,0
CUST-005201,30,81.12,2524.61,43.0,0,Two year,Fiber optic,Electronic check,No,Yes,No,No,0,0
CUST-003837,43,77.95,3332.49,32.0,1,Month-to-month,Fiber optic,Credit card,No,Yes,No,No,0,0
CUST-000596,42,62.2,2731.18,50.0,1,Month-to-month,DSL,Mailed check,Yes,Yes,Yes,No,0,0
CUST-003571,61,69.08,4132.16,40.0,2,One year,DSL,Bank transfer,No,Yes,Yes,No,0,0
CUST-004421,72,70.02,5158.5,46.0,0,Month-to-month,DSL,Mailed check,No,Yes,No,No,0,0
CUST-001068,24,87.38,2179.49,46.0,3,Month-to-month,Fiber optic,Mailed check,Yes,No,Yes,Yes,0,1
CUST-004246,19,66.84,1176.31,57.0,2,One year,Fiber optic,Mailed check,No,Yes,No,No,1,0
CUST-005547,3,59.34,181.31,59.0,2,Month-to-month,DSL,Credit card,No,No,No,No,1,1
CUST-005998,54,29.55,1584.59,21.0,0,Month-to-month,DSL,Bank transfer,No,Yes,No,No,1,0
CUST-003248,10,86.14,831.18,54.0,1,Month-to-month,No,Mailed check,Yes,Yes,No,No,1,0
CUST-000652,14,115.81,1630.19,53.0,2,Month-to-month,DSL,Credit card,No internet service,No,Yes,No,0,1
CUST-004640,61,76.33,4896.09,60.0,1,One year,DSL,Electronic check,No,No,No,No,0,0
CUST-004825,30,51.46,1574.78,30.0,0,Month-to-month,No,Electronic check,No,No,Yes,No,0,0
CUST-002303,64,42.94,3035.99,59.0,2,Two year,DSL,Electronic check,No,Yes,No,Yes,0,0
CUST-003007,31,19.01,634.98,68.0,1,Two year,Fiber optic,Bank transfer,Yes,No,No,No,0,1
CUST-002093,14,61.98,,76.0,1,Month-to-month,Fiber optic,Electronic check,No,Yes,No,No,1,1
CUST-005151,45,60.08,2866.51,78.0,2,One year,Fiber optic,Mailed check,Yes,Yes,Yes,No,1,0
CUST-001840,31,81.35,2391.93,35.0,3,One year,No,Mailed check,No internet service,Yes,No,No,0,0
CUST-002407,51,69.7,3605.88,53.0,3,Month-to-month,DSL,Electronic check,Yes,Yes,Yes,No,0,0
CUST-000075,34,58.24,2064.83,24.0,2,Month-to-month,DSL,Credit card,No internet service,No,No,No,0,1
CUST-003689,12,100.47,1165.31,34.0,0,One year,DSL,Electronic check,No,No,Yes,No,1,0
CUST-003622,24,66.61,1572.54,,2,Two year,DSL,Bank transfer,No internet service,Yes,No,No,1,0
CUST-002948,38,55.95,2138.84,47.0,2,Month-to-month,DSL,Electronic check,No,No,No,No,0,1
CUST-005069,69,95.4,6713.13,49.0,1,Month-to-month,DSL,Mailed check,No internet service,No,No,No,0,0
CUST-003914,57,15.0,821.5,51.0,2,Month-to-month,Fiber optic,Bank transfer,No internet service,Yes,Yes,Yes,0,1
CUST-005549,55,69.86,3745.55,78.0,1,One year,Fiber optic,Bank transfer,Yes,Yes,No,No,0,0
CUST-002107,10,65.14,611.89,60.0,2,One year,Fiber optic,Electronic check,Yes,No,No,Yes,0,0
CUST-002210,51,91.97,4817.66,56.0,0,One year,DSL,Bank transfer,No,No,Yes,No,0,0
CUST-002741,7,56.8,391.43,,1,One year,DSL,Credit card,No,Yes,No,No,0,1
CUST-000108,34,62.02,2288.12,34.0,3,Two year,DSL,Credit card,No internet service,No,Yes,Yes,1,0
CUST-001010,19,82.58,1612.03,21.0,0,Month-to-month,DSL,Credit card,No,No,No,No,0,1
CUST-001029,24,77.92,1788.92,75.0,5,Two year,No,Electronic check,Yes,Yes,Yes,No,0,0
CUST-005684,39,15.0,587.78,36.0,1,Two year,No,Electronic check,No internet service,Yes,Yes,Yes,0,1
CUST-000828,63,83.98,4708.09,28.0,6,One year,DSL,Electronic check,No,Yes,Yes,No,0,0
CUST-003855,51,28.63,1542.46,25.0,0,One year,Fiber optic,Credit card,Yes,Yes,Yes,Yes,1,0
CUST-003263,62,86.21,5181.03,38.0,3,One year,DSL,Electronic check,No,Yes,No,No,0,0
CUST-000096,17,71.82,1191.64,76.0,4,Month-to-month,Fiber optic,Electronic check,No internet service,No,Yes,Yes,0,1
CUST-004545,55,15.0,880.51,65.0,2,One year,DSL,Electronic check,No internet service,No,No,No,0,0
CUST-005288,19,49.52,898.88,23.0,1,Month-to-month,DSL,Mailed check,Yes,Yes,No,No,1,0
CUST-003437,48,80.61,3962.11,36.0,2,Month-to-month,DSL,Credit card,Yes,Yes,Yes,No,0,0
CUST-004717,72,15.0,1053.6,47.0,2,Two year,Fiber optic,Mailed check,No internet service,No,No,Yes,0,0
CUST-001200,64,63.22,4089.15,64.0,2,Month-to-month,DSL,Mailed check,No,No,No,No,0,0
CUST-000621,34,88.17,2981.27,51.0,2,One year,No,Credit card,Yes,No,Yes,No,1,0
CUST-005473,13,67.75,977.75,54.0,1,Month-to-month,Fiber optic,Bank transfer,No,Yes,No,No,1,1
CUST-001412,18,73.96,1403.13,64.0,0,Month-to-month,Fiber optic,Bank transfer,Yes,Yes,No,No,0,0
CUST-000566,16,79.87,1185.3,33.0,0,Month-to-month,DSL,Bank transfer,Yes,Yes,Yes,No,0,0
CUST-000543,12,15.0,159.83,52.0,4,Month-to-month,Fiber optic,Mailed check,,Yes,No,Yes,1,1
CUST-001334,38,73.57,2660.07,44.0,4,One year,No,Mailed check,Yes,Yes,No,No,1,1
CUST-003406,25,65.76,1531.91,42.0,0,Month-to-month,Fiber optic,Credit card,No,Yes,Yes,No,0,0
CUST-000051,14,31.97,425.42,36.0,1,Month-to-month,Fiber optic,Bank transfer,No,No,Yes,No,0,1
CUST-005062,45,52.36,2507.29,49.0,0,One year,DSL,Credit card,No,Yes,No,No,0,0
CUST-001773,28,75.55,,53.0,2,Month-to-month,DSL,Bank transfer,Yes,Yes,No,No,0,0
CUST-002908,9,58.01,516.88,22.0,2,One year,Fiber optic,Electronic check,Yes,No,No,Yes,0,1
CUST-001558,72,42.41,2770.48,62.0,0,Month-to-month,Fiber optic,Credit card,No,Yes,No,No,0,1
CUST-000745,26,47.83,1323.47,72.0,1,One year,DSL,Bank transfer,No,No,Yes,Yes,0,0
CUST-004325,28,99.79,2655.82,34.0,2,Month-to-month,Fiber optic,Mailed check,No internet service,No,No,Yes,0,1
CUST-002025,34,80.22,,48.0,2,Month-to-month,No,Electronic check,Yes,No,Yes,Yes,0,0
CUST-001467,28,63.79,1750.15,71.0,2,Two year,Fiber optic,Bank transfer,No internet service,Yes,No,No,0,0
CUST-005867,64,84.18,5330.37,79.0,1,Two year,DSL,Bank transfer,No,No,No,No,0,0
CUST-000195,6,46.85,286.36,48.0,2,One year,DSL,Electronic check,Yes,Yes,Yes,Yes,0,0
CUST-004443,33,38.39,1352.69,75.0,2,Month-to-month,No,Credit card,No,No,Yes,Yes,0,0
CUST-002798,51,65.81,3302.63,75.0,2,One year,Fiber optic,Bank transfer,No internet service,No,No,Yes,1,1
CUST-003802,58,81.9,4808.68,52.0,1,One year,DSL,Electronic check,No internet service,Yes,Yes,No,0,0
CUST-000802,37,53.84,1940.59,20.0,2,Month-to-month,No,Bank transfer,No,No,Yes,Yes,0,0
CUST-001618,8,48.06,386.11,69.0,1,One year,Fiber optic,Bank transfer,No,No,Yes,No,1,0
CUST-003288,12,57.1,721.19,22.0,0,Month-to-month,No,Mailed check,Yes,Yes,No,Yes,0,1
CUST-004747,18,57.82,1014.33,44.0,1,Month-to-month,Fiber optic,Credit card,Yes,No,No,No,0,1
CUST-000620,31,22.4,697.04,23.0,2,One year,Fiber optic,Electronic check,No,Yes,No,No,0,0
CUST-002594,22,70.42,1656.32,51.0,1,Two year,DSL,Credit card,Yes,Yes,No,No,0,0
CUST-004162,41,95.99,3657.29,38.0,0,Month-to-month,Fiber optic,Mailed check,No internet service,No,No,Yes,0,1
CUST-003648,72,53.83,3983.99,69.0,1,Month-to-month,DSL,Electronic check,Yes,No,No,No,1,1
CUST-004126,3,65.67,176.07,78.0,2,Month-to-month,No,Bank transfer,No internet service,No,Yes,No,1,1
CUST-005516,38,115.25,4487.57,38.0,0,Month-to-month,DSL,Bank transfer,Yes,Yes,Yes,No,1,0
CUST-005565,46,102.2,4680.85,42.0,0,Two year,No,Bank transfer,No,Yes,No,No,0,0
CUST-000644,56,69.65,3785.94,79.0,2,Month-to-month,DSL,Mailed check,Yes,Yes,No,No,0,0
CUST-005000,14,46.78,594.48,26.0,3,Two year,DSL,Electronic check,Yes,Yes,Yes,No,0,0
CUST-004506,21,94.34,1902.53,35.0,0,One year,Fiber optic,Mailed check,No internet service,No,No,No,1,1
CUST-002767,72,58.04,4049.39,58.0,2,One year,Fiber optic,Electronic check,No internet service,Yes,Yes,No,0,0
CUST-001061,50,80.05,3730.36,42.0,1,One year,No,Electronic check,Yes,Yes,Yes,No,0,0
CUST-005453,57,69.61,3752.3,20.0,0,Two year,Fiber optic,Mailed check,No,No,Yes,Yes,0,0
CUST-004094,70,69.92,5182.01,54.0,3,Month-to-month,Fiber optic,Mailed check,No,No,Yes,No,0,1
CUST-000120,32,63.11,2143.65,19.0,1,Month-to-month,DSL,Bank transfer,Yes,No,Yes,No,0,0
CUST-005142,48,43.28,2317.66,70.0,0,Two year,DSL,Credit card,No,No,No,No,1,0
CUST-003206,72,101.19,8069.59,37.0,3,Month-to-month,No,Credit card,Yes,No,No,No,0,0
CUST-005180,62,44.2,2574.12,31.0,1,Month-to-month,Fiber optic,Electronic check,No,Yes,No,No,0,1
CUST-005324,66,46.48,3135.13,61.0,0,Month-to-month,No,Credit card,,No,Yes,No,0,1
CUST-003082,20,40.52,835.6,52.0,0,One year,DSL,Bank transfer,No,Yes,No,No,0,0
CUST-001230,59,31.36,1954.52,63.0,1,Two year,No,Electronic check,Yes,No,No,No,1,0
CUST-004540,43,49.23,2079.9,24.0,2,Month-to-month,Fiber optic,Bank transfer,No internet service,No,No,Yes,0,0
CUST-005055,65,62.75,3663.53,57.0,2,Two year,Fiber optic,Mailed check,Yes,No,No,No,0,0
CUST-004907,57,65.28,3973.86,47.0,0,Two year,Fiber optic,Credit card,No internet service,No,No,No,0,0
CUST-004262,21,96.39,2027.09,73.0,3,One year,DSL,Credit card,Yes,No,Yes,No,0,0
CUST-003328,28,76.93,2200.86,52.0,1,One year,Fiber optic,Electronic check,Yes,Yes,Yes,No,0,1
CUST-000134,58,75.88,4736.77,66.0,2,One year,Fiber optic,Electronic check,No,No,Yes,No,0,0
CUST-003505,64,84.59,5116.06,36.0,0,One year,DSL,Electronic check,Yes,Yes,No,No,0,0
CUST-002598,70,80.25,5957.03,36.0,1,Month-to-month,Fiber optic,Mailed check,No internet service,Yes,Yes,No,0,1
CUST-002859,32,53.94,1663.36,42.0,1,Month-to-month,Fiber optic,Mailed check,Yes,No,No,No,0,1
CUST-002445,65,58.73,3886.99,67.0,1,Two year,Fiber optic,Electronic check,No,Yes,No,No,1,0
CUST-004213,52,105.23,5185.58,46.0,1,Two year,Fiber optic,Bank transfer,Yes,Yes,Yes,Yes,0,0
CUST-003050,61,82.61,5292.98,58.0,4,Month-to-month,No,Credit card,No internet service,No,No,No,0,1
CUST-000511,54,92.65,5060.29,59.0,0,One year,No,Mailed check,Yes,No,No,No,0,0
CUST-005114,17,40.58,675.69,57.0,0,Month-to-month,Fiber optic,Electronic check,Yes,Yes,Yes,No,0,1
CUST-000062,26,45.84,1155.29,77.0,1,One year,DSL,Bank transfer,No,No,Yes,No,0,0
CUST-001553,45,107.34,4991.68,30.0,0,One year,DSL,Credit card,Yes,No,Yes,Yes,0,0
CUST-003793,47,92.75,4548.3,77.0,2,Month-to-month,DSL,Electronic check,No,Yes,Yes,No,0,0
CUST-005233,14,64.21,941.81,44.0,2,Month-to-month,Fiber optic,Bank transfer,Yes,Yes,Yes,No,1,0
CUST-005322,50,68.88,3363.96,37.0,2,One year,Fiber optic,Credit card,No internet service,Yes,Yes,No,0,0
CUST-002437,49,83.76,4005.81,29.0,3,Month-to-month,Fiber optic,Credit card,No,Yes,No,No,1,1
CUST-002998,31,47.7,1464.95,54.0,0,One year,Fiber optic,Credit card,Yes,Yes,Yes,Yes,0,0
CUST-004256,23,50.69,1140.05,27.0,4,Month-to-month,DSL,Bank transfer,No,Yes,Yes,No,0,1
CUST-002110,20,19.79,414.21,21.0,2,Month-to-month,DSL,Bank transfer,No,Yes,Yes,Yes,0,1
CUST-000679,68,50.51,3475.83,57.0,1,Month-to-month,DSL,Mailed check,,No,No,No,0,0
CUST-005385,63,115.39,7719.16,50.0,0,Month-to-month,Fiber optic,Mailed check,No,Yes,Yes,No,0,1
CUST-001211,57,100.5,5735.93,26.0,2,Month-to-month,DSL,Electronic check,No,No,No,Yes,1,1
CUST-000122,47,36.54,1835.75,66.0,0,One year,Fiber optic,Electronic check,No,No,No,No,0,0
CUST-005130,23,78.6,1725.58,66.0,0,One year,Fiber optic,Electronic check,No,Yes,No,No,1,0
CUST-001921,39,59.13,2128.83,58.0,0,One year,DSL,Bank transfer,Yes,Yes,Yes,Yes,1,0
CUST-004100,6,54.86,346.41,36.0,1,Month-to-month,Fiber optic,Electronic check,Yes,Yes,No,No,0,1
CUST-005714,69,78.9,5548.18,56.0,2,Two year,No,Bank transfer,Yes,Yes,No,No,0,0
CUST-003197,59,61.46,3755.2,19.0,1,One year,DSL,Mailed check,No,No,Yes,No,0,0
CUST-001210,45,55.48,2645.11,56.0,2,Month-to-month,Fiber optic,Bank transfer,No,Yes,Yes,Yes,0,1
CUST-000567,18,58.91,1064.55,45.0,1,Month-to-month,No,Electronic check,No,Yes,No,No,0,1
CUST-002366,24,74.93,1740.46,42.0,0,One year,DSL,Bank transfer,No,No,Yes,Yes,0,0
CUST-000548,37,87.23,2843.45,57.0,0,Two year,DSL,Credit card,No,No,Yes,Yes,0,0
CUST-002405,60,72.87,4463.8,51.0,0,Month-to-month,Fiber optic,Electronic check,No,No,No,No,0,1
CUST-000864,61,38.61,2399.4,55.0,2,Two year,DSL,Mailed check,Yes,Yes,Yes,No,0,0
CUST-004554,51,89.06,4577.17,75.0,1,One year,Fiber optic,Mailed check,No,Yes,No,No,0,0
CUST-001392,71,53.94,,46.0,1,Month-to-month,Fiber optic,Mailed check,No,Yes,Yes,No,0,0
CUST-004513,66,70.28,4679.68,66.0,1,One year,DSL,Credit card,No internet service,No,Yes,Yes,0,0
CUST-004681,12,26.38,330.07,35.0,2,One year,Fiber optic,Electronic check,No,No,No,No,0,0
CUST-003410,5,44.89,227.4,45.0,3,Month-to-month,No,Mailed check,Yes,Yes,No,No,0,0
CUST-004313,7,32.19,238.07,49.0,0,Month-to-month,DSL,Credit card,No internet service,Yes,Yes,No,0,1
CUST-001961,72,43.63,3002.08,28.0,2,Month-to-month,DSL,Electronic check,No,No,No,No,0,0
CUST-000720,10,82.98,871.91,75.0,3,Month-to-month,Fiber optic,Electronic check,No,Yes,No,No,0,1
CUST-004409,23,60.08,1439.2,44.0,1,Month-to-month,DSL,Bank transfer,No,Yes,Yes,No,0,0
CUST-004811,18,15.0,252.64,58.0,2,Month-to-month,No,Electronic check,No internet service,Yes,No,Yes,0,0
CUST-000690,72,91.3,6723.85,65.0,0,One year,DSL,Bank transfer,No,Yes,Yes,No,1,0
CUST-000602,53,31.61,1548.59,42.0,1,Month-to-month,Fiber optic,Electronic check,Yes,Yes,No,Yes,0,0
CUST-004839,67,58.96,4110.34,29.0,1,Two year,Fiber optic,Mailed check,No,Yes,Yes,Yes,0,0
CUST-002671,62,62.8,3840.26,73.0,0,Month-to-month,Fiber optic,Electronic check,No,Yes,No,No,0,1
CUST-002476,38,77.64,3064.7,68.0,3,Month-to-month,DSL,Electronic check,No internet service,No,No,No,0,1
CUST-002509,8,83.19,676.84,73.0,6,Two year,Fiber optic,Electronic check,No,Yes,No,No,0,0
CUST-004378,12,105.73,1309.03,77.0,1,Two year,DSL,Bank transfer,No internet service,No,Yes,No,0,0
CUST-000503,63,48.72,2822.21,59.0,2,Month-to-month,Fiber optic,Electronic check,Yes,Yes,No,No,1,1
CUST-004516,25,65.19,1665.83,64.0,1,Month-to-month,No,Credit card,No,Yes,No,No,0,0
CUST-000318,68,63.88,4152.94,70.0,2,Month-to-month,Fiber optic,Bank transfer,No internet service,Yes,Yes,Yes,0,1
CUST-005754,10,50.95,513.14,,0,Month-to-month,DSL,Bank transfer,No,Yes,No,No,0,1
CUST-003388,21,58.69,1170.29,71.0,2,One year,DSL,Mailed check,Yes,Yes,No,No,0,0
CUST-000274,30,73.01,2126.84,32.0,2,Month-to-month,DSL,Bank transfer,No,Yes,Yes,No,0,0
CUST-005171,32,63.77,2046.76,29.0,1,One year,Fiber optic,Electronic check,No,No,Yes,No,0,0
CUST-002868,62,30.15,1885.19,21.0,4,One year,DSL,Credit card,No,Yes,Yes,No,0,0
CUST-001361,4,66.87,288.67,41.0,3,One year,Fiber optic,Bank transfer,No,No,Yes,No,0,0
CUST-003413,6,73.87,449.66,46.0,1,Month-to-month,Fiber optic,Electronic check,No,Yes,Yes,No,0,1
CUST-001526,23,70.3,1652.14,79.0,3,Two year,DSL,Bank transfer,No internet service,Yes,Yes,No,0,0
CUST-005217,48,74.81,3522.26,56.0,1,Month-to-month,Fiber optic,Mailed check,Yes,Yes,No,No,0,0
CUST-003590,8,80.21,622.23,28.0,3,Month-to-month,Fiber optic,Electronic check,Yes,Yes,No,No,1,0
CUST-001934,10,56.69,586.55,45.0,0,Two year,Fiber optic,Mailed check,No,No,No,No,0,0
CUST-005834,18,68.29,1266.54,20.0,0,Two year,Fiber optic,Electronic check,No,No,No,Yes,1,0
CUST-003182,54,101.3,5342.64,47.0,1,One year,No,Electronic check,No internet service,No,No,No,0,0
CUST-004427,35,50.91,1826.29,75.0,0,Two year,Fiber optic,Mailed check,Yes,No,No,No,0,0
CUST-003721,42,75.58,3290.39,64.0,4,Month-to-month,Fiber optic,Bank transfer,Yes,No,No,No,1,0
CUST-004812,38,59.33,2252.03,41.0,3,One year,Fiber optic,Electronic check,Yes,Yes,Yes,Yes,0,0
CUST-000945,8,32.45,276.87,18.0,3,One year,DSL,Electronic check,No internet service,Yes,No,No,1,0
CUST-004732,55,91.87,5162.31,69.0,1,Month-to-month,Fiber optic,Bank transfer,No internet service,Yes,No,No,0,0
CUST-005804,22,102.24,2195.11,44.0,2,Month-to-month,DSL,Mailed check,No,Yes,Yes,No,1,0
CUST-000295,38,80.39,3079.16,71.0,1,Month-to-month,Fiber optic,Electronic check,No,Yes,No,No,0,0
CUST-001876,17,63.35,1165.59,58.0,0,One year,DSL,Electronic check,No,Yes,No,No,1,1
CUST-005271,31,96.99,2919.49,76.0,2,One year,Fiber optic,Electronic check,Yes,No,Yes,No,0,1
CUST-000298,20,102.75,1920.07,23.0,0,Month-to-month,No,Mailed check,Yes,No,No,No,0,0
CUST-000068,5,82.19,436.91,53.0,0,One year,Fiber optic,Credit card,Yes,No,Yes,No,1,0
CUST-004406,18,39.18,710.6,27.0,2,One year,Fiber optic,Credit card,Yes,Yes,Yes,No,0,0
CUST-000736,53,68.42,3688.96,26.0,2,Month-to-month,No,Bank transfer,No internet service,Yes,Yes,No,0,0
CUST-001598,61,72.25,4590.12,36.0,0,Two year,No,Mailed check,No internet service,No,No,Yes,0,0
CUST-004303,2,106.67,217.23,70.0,0,One year,DSL,Credit card,Yes,Yes,Yes,No,0,0
CUST-003008,45,27.91,1214.62,38.0,1,Month-to-month,Fiber optic,Electronic check,No internet service,Yes,No,No,0,1
CUST-003669,15,81.04,1212.38,50.0,2,Month-to-month,DSL,Mailed check,Yes,No,No,Yes,1,0
CUST-001503,23,54.43,1223.76,69.0,1,Month-to-month,Fiber optic,Bank transfer,Yes,No,No,No,0,0
CUST-002086,53,87.09,4590.79,79.0,2,Month-to-month,No,Bank transfer,Yes,Yes,Yes,Yes,0,0
CUST-000150,62,51.94,3216.88,62.0,2,Month-to-month,Fiber optic,Mailed check,No internet service,No,Yes,No,0,0
CUST-000756,53,98.75,5452.53,71.0,0,Month-to-month,Fiber optic,Credit card,Yes,Yes,No,No,1,0
CUST-004791,72,56.97,4117.79,,2,Month-to-month,No,Electronic check,Yes,Yes,No,No,0,0
CUST-003523,12,68.23,856.8,22.0,2,Two year,Fiber optic,Bank transfer,No,Yes,Yes,Yes,0,0
CUST-001703,14,15.0,222.38,45.0,1,Month-to-month,Fiber optic,Bank transfer,No,Yes,No,Yes,0,1
CUST-005967,44,117.75,5000.66,59.0,1,Month-to-month,No,Bank transfer,No,Yes,No,No,0,0
CUST-002119,51,92.38,4313.79,48.0,0,One year,Fiber optic,Credit card,No,No,No,No,0,0
CUST-000169,1,84.53,86.93,66.0,1,One year,Fiber optic,Bank transfer,No,Yes,No,No,0,0
CUST-002170,1,61.61,67.32,24.0,0,Month-to-month,No,Mailed check,No,No,Yes,No,0,0
CUST-000376,53,53.9,2974.44,78.0,1,Month-to-month,Fiber optic,Mailed check,No internet service,Yes,No,No,0,0
CUST-005773,1,59.6,57.88,30.0,2,Two year,No,Electronic check,No,Yes,Yes,No,0,0
CUST-000859,58,55.63,3231.48,62.0,0,Two year,DSL,Electronic check,Yes,Yes,Yes,No,0,0
CUST-001844,54,32.35,1842.13,23.0,1,Month-to-month,No,Electronic check,No internet service,No,Yes,Yes,0,0
CUST-004053,59,37.19,2233.5,22.0,1,Month-to-month,Fiber optic,Mailed check,No,Yes,Yes,No,0,0
CUST-001869,56,64.64,3597.71,,3,Month-to-month,No,Electronic check,Yes,Yes,Yes,No,0,1
CUST-000378,27,81.19,2111.22,19.0,1,Two year,Fiber optic,Bank transfer,No,No,Yes,Yes,0,0
CUST-005512,66,84.19,5911.83,49.0,2,Month-to-month,Fiber optic,Bank transfer,Yes,Yes,No,No,1,0
CUST-003258,41,86.37,3793.2,71.0,1,One year,DSL,Electronic check,No internet service,Yes,No,Yes,0,0
CUST-001294,69,113.75,7591.24,69.0,2,Month-to-month,DSL,Credit card,Yes,No,Yes,Yes,0,0
CUST-004979,44,60.95,2641.49,26.0,3,Two year,Fiber optic,Credit card,No internet service,No,Yes,No,0,0
CUST-001432,12,89.22,1059.31,24.0,1,Month-to-month,DSL,Bank transfer,No,Yes,Yes,No,0,0
CUST-002722,8,60.69,468.21,49.0,2,One year,Fiber optic,Credit card,No,Yes,Yes,Yes,0,0
CUST-004205,58,147.35,8295.54,32.0,2,One year,Fiber optic,Electronic check,No,No,Yes,No,0,1
CUST-004434,42,76.57,3221.1,78.0,0,Month-to-month,DSL,Credit card,No,Yes,No,Yes,0,1
CUST-001779,49,92.74,4545.93,24.0,1,Month-to-month,DSL,Mailed check,No internet service,Yes,No,No,0,0
CUST-005993,47,64.97,3315.87,41.0,0,Month-to-month,DSL,Credit card,,Yes,No,Yes,0,1
CUST-003254,17,66.65,1194.71,45.0,0,One year,Fiber optic,Mailed check,Yes,No,No,No,0,0
CUST-004596,65,107.97,6409.34,54.0,0,One year,DSL,Electronic check,No internet service,Yes,Yes,Yes,0,1
CUST-003753,19,85.48,1601.64,44.0,0,Month-to-month,Fiber optic,Electronic check,Yes,Yes,Yes,Yes,0,1
CUST-000841,47,92.26,4364.75,,4,One year,Fiber optic,Mailed check,No,Yes,No,No,0,0
CUST-005526,42,74.65,3371.37,73.0,0,Month-to-month,Fiber optic,Mailed check,No,Yes,Yes,No,0,1
CUST-001189,0,40.0,0.0,56.0,2,One year,DSL,Credit card,No,Yes,Yes,No,0,0
CUST-000175,33,32.66,1109.27,67.0,1,One year,Fiber optic,Electronic check,No,Yes,No,No,0,0
CUST-005601,72,67.51,5127.59,29.0,0,One year,No,Credit card,No internet service,No,Yes,No,0,0
CUST-000927,21,34.63,702.8,50.0,0,Month-to-month,DSL,Electronic check,Yes,Yes,No,No,0,1
CUST-004801,43,102.67,4339.81,40.0,1,Month-to-month,Fiber optic,Electronic check,No,No,No,No,0,1
CUST-000045,70,49.75,3213.18,55.0,1,Month-to-month,Fiber optic,Bank transfer,No,Yes,No,No,1,1
CUST-001260,19,39.92,773.81,46.0,2,Month-to-month,No,Mailed check,Yes,No,Yes,Yes,0,0
CUST-001096,60,69.91,4031.17,44.0,1,Month-to-month,Fiber optic,Electronic check,No internet service,No,Yes,Yes,0,1
CUST-001443,31,27.16,792.42,44.0,1,Month-to-month,Fiber optic,Electronic check,Yes,Yes,Yes,No,0,1
CUST-002664,15,47.09,759.28,48.0,1,Month-to-month,DSL,Electronic check,Yes,No,No,No,0,0
CUST-005634,55,65.79,3857.58,42.0,2,Month-to-month,Fiber optic,Electronic check,No internet service,No,No,No,0,1
CUST-001187,43,48.86,2231.41,29.0,0,Month-to-month,Fiber optic,Bank transfer,No,Yes,No,Yes,1,1
CUST-005109,20,83.91,1675.54,68.0,3,Two year,DSL,Electronic check,Yes,No,Yes,No,1,0
CUST-002678,42,47.7,1916.98,70.0,1,One year,No,Credit card,No internet service,No,Yes,No,0,0
CUST-001030,35,53.62,1943.02,51.0,2,One year,Fiber optic,Electronic check,No,Yes,No,No,1,1
CUST-002272,21,59.13,,57.0,0,Two year,Fiber optic,Mailed check,Yes,No,Yes,No,1,0
CUST-000300,26,86.74,2446.67,31.0,3,Month-to-month,Fiber optic,Electronic check,No internet service,No,Yes,No,0,1
CUST-005631,40,34.79,1384.97,30.0,2,One year,No,Credit card,No,Yes,Yes,No,0,1
CUST-001472,32,96.75,3135.75,76.0,1,Two year,Fiber optic,Bank transfer,No,No,Yes,No,0,0
CUST-000283,35,32.08,1121.89,24.0,1,Month-to-month,Fiber optic,Credit card,No,Yes,No,No,0,1
CUST-005788,39,122.24,5106.15,61.0,0,Two year,DSL,Mailed check,No internet service,No,Yes,No,0,0
CUST-002751,5,40.16,188.75,77.0,3,Month-to-month,DSL,Credit card,Yes,No,Yes,Yes,0,0
CUST-004771,55,67.28,3407.94,55.0,1,Month-to-month,Fiber optic,Credit card,Yes,No,Yes,No,0,0
CUST-004937,43,91.57,3652.51,32.0,3,Month-to-month,Fiber optic,Bank transfer,Yes,No,Yes,No,0,0
CUST-001813,36,83.83,3189.96,18.0,3,One year,Fiber optic,Mailed check,Yes,Yes,Yes,No,0,0
CUST-004638,44,81.03,3518.05,56.0,0,One year,Fiber optic,Bank transfer,Yes,Yes,No,Yes,1,0
CUST-004407,13,34.25,413.63,21.0,0,Two year,DSL,Mailed check,No internet service,Yes,No,Yes,0,0
CUST-004155,13,85.95,1043.02,58.0,2,One year,No,Credit card,No,Yes,No,No,1,0
CUST-002966,17,76.36,1289.92,63.0,0,Two year,Fiber optic,Mailed check,No,No,Yes,No,0,0
CUST-004013,35,113.89,4015.49,26.0,2,Month-to-month,DSL,Credit card,Yes,Yes,No,No,0,0
CUST-002952,68,103.84,7025.95,74.0,0,Two year,DSL,Electronic check,Yes,No,Yes,No,0,0
CUST-003893,14,15.52,206.77,52.0,0,Month-to-month,Fiber optic,Bank transfer,Yes,Yes,Yes,No,0,0
CUST-002291,23,90.27,2158.2,25.0,2,Two year,No,Electronic check,Yes,Yes,No,No,0,0
CUST-002627,0,105.62,0.0,28.0,1,Two year,Fiber optic,Electronic check,No,No,No,No,0,0
CUST-003830,65,99.56,6321.6,47.0,1,Month-to-month,DSL,Bank transfer,No,Yes,No,No,0,0
CUST-004593,53,53.5,2729.31,37.0,1,One year,Fiber optic,Bank transfer,No,No,Yes,Yes,0,0
CUST-004903,52,32.2,1644.61,34.0,0,One year,Fiber optic,Mailed check,No,No,Yes,No,0,0
CUST-002347,54,26.85,1333.12,49.0,1,Month-to-month,Fiber optic,Electronic check,No,Yes,No,Yes,1,0
CUST-002414,27,100.85,2561.43,41.0,2,Month-to-month,Fiber optic,Bank transfer,No,No,Yes,No,0,1
CUST-005484,38,60.54,2154.36,64.0,1,Two year,Fiber optic,Mailed check,No,Yes,Yes,Yes,1,0
CUST-000257,7,29.45,199.12,75.0,1,Month-to-month,Fiber optic,Bank transfer,Yes,Yes,Yes,Yes,0,1
CUST-000507,18,114.56,2065.33,71.0,2,Month-to-month,Fiber optic,Electronic check,No,Yes,No,No,0,1
CUST-001965,54,72.7,3783.08,18.0,1,One year,DSL,Mailed check,No,Yes,No,Yes,0,0
CUST-000099,10,34.26,319.59,34.0,0,Month-to-month,No,Electronic check,Yes,No,No,No,0,0
CUST-004705,17,54.74,907.67,18.0,1,One year,DSL,Electronic check,No,No,No,No,0,0
CUST-000744,58,80.27,4457.24,69.0,1,One year,Fiber optic,Electronic check,No,Yes,Yes,No,0,1
CUST-002124,54,55.25,3032.93,20.0,1,Month-to-month,Fiber optic,Bank transfer,Yes,No,Yes,No,0,1
CUST-005572,17,66.25,1012.51,43.0,0,Month-to-month,Fiber optic,Mailed check,No internet service,Yes,Yes,No,0,0
CUST-001375,70,73.41,5119.82,31.0,2,Month-to-month,DSL,Electronic check,Yes,No,Yes,Yes,0,0
CUST-003889,60,123.64,7241.09,71.0,0,Two year,No,Electronic check,Yes,Yes,Yes,No,0,0
CUST-003842,40,92.06,3606.7,21.0,1,Month-to-month,No,Electronic check,Yes,Yes,No,No,0,1
CUST-004607,35,40.63,1415.27,33.0,1,Month-to-month,Fiber optic,Electronic check,Yes,No,No,No,0,0
CUST-004315,20,87.66,,79.0,0,Month-to-month,Fiber optic,Bank transfer,No internet service,Yes,No,No,0,0
CUST-004239,17,56.44,986.98,35.0,1,Two year,DSL,Mailed check,No internet service,Yes,Yes,No,1,0
CUST-001157,62,121.91,7382.11,47.0,2,Month-to-month,No,Electronic check,No internet service,Yes,No,No,1,0
CUST-001858,38,15.0,584.94,41.0,1,Month-to-month,DSL,Electronic check,Yes,Yes,Yes,Yes,0,0
CUST-004382,25,64.61,1616.41,53.0,2,Month-to-month,No,Mailed check,No,Yes,No,Yes,0,1
CUST-002499,67,37.84,2544.17,53.0,0,Two year,Fiber optic,Credit card,No,Yes,Yes,Yes,0,0
CUST-004921,63,55.29,3651.62,29.0,0,Month-to-month,Fiber optic,Credit card,No,Yes,No,No,0,0
CUST-001437,47,26.13,1034.68,21.0,0,One year,Fiber optic,Electronic check,No,No,Yes,No,0,0
CUST-004987,67,64.5,4375.45,62.0,1,One year,Fiber optic,Electronic check,No internet service,Yes,Yes,No,0,0
CUST-000366,34,68.79,2411.97,77.0,2,One year,DSL,Bank transfer,Yes,Yes,No,No,0,0
CUST-005573,50,57.7,2700.2,66.0,1,Month-to-month,Fiber optic,Electronic check,No,No,Yes,No,0,0
CUST-005765,40,95.06,3614.58,74.0,1,Month-to-month,Fiber optic,Credit card,No internet service,Yes,Yes,No,1,0
CUST-000402,23,57.97,1419.58,18.0,4,Month-to-month,DSL,Mailed check,No,Yes,No,No,1,0
CUST-004660,60,54.5,3534.77,33.0,1,One year,Fiber optic,Credit card,Yes,Yes,Yes,No,0,0
CUST-004740,19,49.86,930.96,77.0,2,Month-to-month,DSL,Credit card,No,Yes,No,Yes,1,0
CUST-000949,20,73.09,1521.23,54.0,0,Month-to-month,DSL,Mailed check,No internet service,Yes,Yes,No,0,0
CUST-002835,39,62.38,2487.52,50.0,0,Month-to-month,No,Mailed check,No internet service,Yes,No,No,0,0
CUST-000019,32,57.64,1701.64,78.0,0,Month-to-month,DSL,Credit card,No,Yes,No,Yes,0,0
CUST-000229,12,78.87,974.99,,1,Two year,No,Credit card,Yes,No,No,No,0,0
CUST-004201,54,56.21,3119.22,68.0,1,Month-to-month,No,Mailed check,No,No,No,Yes,1,1
CUST-000668,67,125.45,8568.69,57.0,2,Month-to-month,DSL,Bank transfer,No,No,Yes,Yes,0,0
CUST-000218,32,42.28,1424.12,73.0,2,Month-to-month,DSL,Electronic check,Yes,No,Yes,No,1,0
CUST-005023,30,61.51,1876.89,55.0,2,Month-to-month,DSL,Mailed check,No internet service,Yes,No,No,0,0
CUST-004195,36,45.73,1673.65,22.0,2,Month-to-month,DSL,Bank transfer,No,Yes,Yes,No,1,1
CUST-004783,55,97.66,5166.18,32.0,1,One year,No,Mailed check,Yes,No,Yes,No,0,0
CUST-002699,8,15.0,116.61,45.0,0,Two year,Fiber optic,Electronic check,No,Yes,Yes,No,0,1
CUST-004404,19,39.43,749.82,22.0,1,Month-to-month,No,Electronic check,Yes,No,No,Yes,0,1
CUST-000585,67,65.31,4759.26,35.0,1,Month-to-month,No,Bank transfer,Yes,Yes,No,No,0,0
CUST-005708,39,108.29,4734.64,42.0,1,Month-to-month,DSL,Electronic check,No internet service,No,Yes,No,0,0
CUST-002942,55,92.76,5152.75,20.0,0,Month-to-month,Fiber optic,Bank transfer,No,Yes,No,Yes,0,0
CUST-002004,58,23.22,1384.13,65.0,1,One year,No,Credit card,No,No,Yes,No,0,0
CUST-003935,61,28.94,1692.07,50.0,3,One year,DSL,Electronic check,No,No,No,Yes,0,0
CUST-003852,7,37.37,259.54,64.0,1,One year,DSL,Electronic check,No,Yes,No,No,0,0
CUST-003501,46,73.52,3522.46,60.0,0,One year,No,Bank transfer,No internet service,Yes,Yes,No,0,0
CUST-003398,0,69.12,0.0,65.0,0,Two year,DSL,Credit card,Yes,Yes,Yes,No,0,0
CUST-000777,8,76.76,646.22,77.0,3,Two year,DSL,Mailed check,No,Yes,No,Yes,0,0
CUST-004650,29,20.33,579.54,37.0,1,Month-to-month,Fiber optic,Electronic check,No,Yes,No,No,0,0
CUST-001018,3,124.6,414.14,49.0,1,Month-to-month,No,Electronic check,No,No,Yes,No,0,1
CUST-001606,10,82.26,830.83,58.0,2,One year,Fiber optic,Mailed check,Yes,Yes,Yes,Yes,0,0
CUST-002522,15,79.25,1241.95,26.0,0,Month-to-month,Fiber optic,Electronic check,No,No,No,No,0,1
CUST-002826,26,15.0,438.82,52.0,0,Month-to-month,Fiber optic,Credit card,No internet service,Yes,Yes,No,0,0
CUST-004941,32,64.82,1970.66,71.0,0,Month-to-month,Fiber optic,Bank transfer,No internet service,No,Yes,No,0,1
CUST-005246,42,110.91,4565.38,18.0,4,Month-to-month,DSL,Electronic check,No internet service,Yes,Yes,Yes,0,1
CUST-001491,35,39.9,1429.19,74.0,2,One year,DSL,Electronic check,Yes,No,Yes,No,0,0
CUST-005176,14,44.39,642.36,35.0,0,Two year,DSL,Electronic check,Yes,Yes,Yes,Yes,1,0
CUST-005569,15,46.16,642.99,62.0,4,One year,Fiber optic,Bank transfer,No internet service,Yes,No,Yes,0,0
CUST-005413,65,24.92,1736.45,25.0,1,Two year,DSL,Mailed check,No internet service,Yes,No,Yes,0,0
CUST-001963,59,80.37,4781.79,36.0,3,Month-to-month,DSL,Bank transfer,Yes,Yes,No,No,0,0
CUST-005845,11,72.5,768.55,28.0,4,Month-to-month,Fiber optic,Electronic check,Yes,No,No,Yes,1,1
CUST-004457,2,34.11,66.26,25.0,2,Month-to-month,Fiber optic,Electronic check,No internet service,No,No,No,0,0
CUST-001593,1,59.1,,73.0,2,Month-to-month,Fiber optic,Mailed check,No internet service,Yes,No,No,0,0
CUST-000517,4,25.47,101.11,50.0,1,Two year,Fiber optic,Electronic check,Yes,No,No,No,0,0
CUST-000321,7,55.74,383.47,18.0,1,Month-to-month,Fiber optic,Electronic check,No,No,No,No,0,1
CUST-003659,36,84.66,2999.5,42.0,2,Month-to-month,Fiber optic,Electronic check,No internet service,Yes,Yes,No,0,1
CUST-004490,13,70.01,874.64,45.0,1,One year,No,Electronic check,Yes,Yes,Yes,Yes,0,0
CUST-004113,71,79.29,5812.76,63.0,3,Month-to-month,DSL,Electronic check,Yes,No,No,Yes,0,1
CUST-004165,49,60.73,3164.36,36.0,2,Month-to-month,DSL,Electronic check,Yes,No,Yes,No,0,1
CUST-000217,7,71.76,491.06,61.0,1,Month-to-month,DSL,Electronic check,Yes,No,No,No,0,0
CUST-003916,4,96.81,392.43,73.0,1,Two year,Fiber optic,Mailed check,No,Yes,No,No,0,0
CUST-001971,67,117.66,7532.41,41.0,0,Two year,No,Bank transfer,Yes,Yes,No,No,0,0
CUST-000360,61,78.85,4722.48,78.0,2,Month-to-month,Fiber optic,Mailed check,No,No,No,No,0,1
CUST-005799,30,72.03,2105.58,21.0,1,Month-to-month,DSL,Electronic check,No,No,Yes,No,0,0
CUST-003358,13,102.15,1326.02,54.0,2,Two year,DSL,Mailed check,Yes,Yes,Yes,Yes,0,0
CUST-005623,63,56.19,3635.53,58.0,1,Month-to-month,Fiber optic,Credit card,Yes,Yes,No,No,0,1
CUST-004520,72,26.24,1599.19,76.0,2,One year,DSL,Electronic check,No,Yes,Yes,No,1,0
CUST-001052,36,49.45,1881.39,51.0,0,One year,No,Bank transfer,Yes,Yes,No,No,0,1
CUST-005846,8,68.41,502.9,59.0,3,Month-to-month,Fiber optic,Electronic check,Yes,No,Yes,Yes,1,0
CUST-000759,53,16.53,911.94,49.0,2,One year,Fiber optic,Credit card,No internet service,Yes,Yes,No,0,0
CUST-004778,7,90.79,662.62,67.0,2,Month-to-month,DSL,Credit card,No,No,Yes,Yes,0,0
CUST-004557,62,31.7,2048.14,58.0,4,Two year,No,Mailed check,No,Yes,Yes,Yes,0,1
CUST-003795,20,110.78,2141.08,38.0,1,Month-to-month,Fiber optic,Electronic check,Yes,No,Yes,No,0,1
CUST-001426,49,113.87,5892.13,33.0,2,One year,No,Credit card,Yes,Yes,Yes,No,1,0
CUST-001945,8,78.07,,76.0,2,Month-to-month,DSL,Credit card,No internet service,Yes,Yes,No,0,0
CUST-003720,46,37.65,1834.58,67.0,1,Two year,DSL,Bank transfer,No,No,Yes,Yes,0,0
CUST-000214,53,62.15,3616.22,18.0,1,Month-to-month,Fiber optic,Electronic check,No,Yes,Yes,No,0,1
CUST-001614,4,96.07,400.6,53.0,1,Month-to-month,Fiber optic,Mailed check,No internet service,Yes,Yes,No,0,0
CUST-004691,4,44.2,191.45,63.0,2,Month-to-month,No,Electronic check,Yes,Yes,Yes,No,0,0
CUST-001717,27,41.38,1110.78,30.0,3,Two year,DSL,Mailed check,No,Yes,Yes,Yes,0,0
CUST-002760,9,100.93,889.72,37.0,2,One year,DSL,Electronic check,Yes,No,No,Yes,0,0
CUST-002067,66,58.55,4086.15,63.0,2,One year,DSL,Credit card,No,Yes,No,No,0,0
CUST-003018,43,82.38,3368.24,50.0,1,Two year,DSL,Electronic check,Yes,Yes,No,No,0,0
CUST-004983,29,48.19,1610.69,,1,Two year,DSL,Mailed check,No,Yes,Yes,Yes,0,0
CUST-001702,49,35.01,1727.61,77.0,0,Month-to-month,No,Bank transfer,No,Yes,No,No,0,0
CUST-003121,72,62.59,4747.83,29.0,2,One year,DSL,Credit card,Yes,Yes,No,No,0,0
CUST-004844,54,38.04,2052.17,63.0,1,Month-to-month,No,Electronic check,No,Yes,No,Yes,0,0
CUST-003651,5,61.46,288.31,43.0,1,Month-to-month,Fiber optic,Credit card,Yes,Yes,Yes,No,0,1
CUST-000196,25,74.24,1863.33,52.0,1,Two year,Fiber optic,Mailed check,Yes,Yes,No,Yes,1,0
CUST-000725,8,42.33,329.46,53.0,1,One year,No,Credit card,No internet service,Yes,No,No,0,1
CUST-002517,38,60.01,2197.22,49.0,0,Month-to-month,No,Electronic check,Yes,Yes,No,No,1,1
CUST-001512,54,38.06,2246.32,23.0,2,Month-to-month,Fiber optic,Bank transfer,No,Yes,Yes,No,0,0
CUST-002656,4,40.19,163.78,18.0,1,Month-to-month,Fiber optic,Bank transfer,No internet service,No,No,No,0,1
CUST-004707,40,56.15,2179.98,79.0,3,One year,Fiber optic,Electronic check,No,No,Yes,Yes,1,0
CUST-005022,49,23.32,1106.34,30.0,1,One year,No,Bank transfer,No,Yes,Yes,Yes,0,0
CUST-001056,32,42.3,1240.46,49.0,1,Month-to-month,No,Bank transfer,Yes,No,No,Yes,0,0
CUST-002298,16,25.34,429.37,71.0,2,Month-to-month,Fiber optic,Credit card,Yes,Yes,Yes,No,0,0
CUST-000887,14,88.97,1198.09,50.0,4,Two year,Fiber optic,Electronic check,Yes,No,Yes,Yes,0,0
CUST-002431,38,72.29,2560.58,61.0,1,Two year,DSL,Electronic check,No internet service,Yes,No,No,0,0
CUST-001092,61,40.88,2675.75,21.0,1,Month-to-month,Fiber optic,Electronic check,Yes,Yes,Yes,No,1,0
CUST-003539,60,69.09,4344.41,58.0,1,Two year,Fiber optic,Mailed check,Yes,Yes,No,No,0,0
CUST-004139,36,55.85,1975.34,22.0,2,Month-to-month,DSL,Bank transfer,No internet service,No,No,No,0,0
CUST-000568,46,98.05,4452.44,33.0,1,One year,DSL,Bank transfer,No internet service,Yes,Yes,No,0,1
CUST-000516,64,64.06,3557.94,44.0,0,Month-to-month,DSL,Electronic check,No internet service,No,No,No,1,1
CUST-003650,8,75.39,647.24,43.0,1,Month-to-month,Fiber optic,Electronic check,Yes,Yes,Yes,No,0,0
CUST-004357,18,109.39,2083.23,49.0,1,Month-to-month,No,Electronic check,No internet service,Yes,Yes,No,0,1
CUST-005263,36,69.09,2367.03,19.0,0,One year,Fiber optic,Credit card,Yes,Yes,Yes,Yes,0,0
CUST-000139,31,25.72,893.21,24.0,2,One year,Fiber optic,Credit card,No,No,No,No,1,0
CUST-005853,49,106.01,5538.34,61.0,2,One year,Fiber optic,Credit card,No,Yes,No,No,0,0
CUST-002168,68,105.15,7260.98,45.0,2,Month-to-month,DSL,Bank transfer,No internet service,Yes,No,No,0,0
CUST-003321,11,70.49,,52.0,2,Month-to-month,DSL,Mailed check,No internet service,Yes,No,Yes,0,0
CUST-004950,24,103.02,2530.06,54.0,1,Month-to-month,No,Mailed check,No,Yes,No,No,0,1
CUST-001149,62,66.95,4169.24,70.0,1,Two year,No,Credit card,No,Yes,No,No,1,0
CUST-003825,65,108.38,7371.08,31.0,0,Two year,No,Bank transfer,Yes,No,No,No,0,0
CUST-002515,59,97.4,6083.22,27.0,1,Month-to-month,No,Mailed check,No internet service,Yes,Yes,Yes,0,0
CUST-004248,66,73.45,4853.94,31.0,2,One year,Fiber optic,Mailed check,No internet service,No,Yes,Yes,0,0
CUST-002107,10,65.14,611.89,60.0,2,One year,Fiber optic,Electronic check,Yes,No,No,Yes,0,0
CUST-000463,30,42.4,1260.6,31.0,2,Two year,Fiber optic,Bank transfer,No,Yes,Yes,Yes,0,0
CUST-004517,4,15.0,60.87,28.0,1,Two year,Fiber optic,Mailed check,No internet service,Yes,No,Yes,0,1
CUST-004392,0,99.69,0.0,47.0,2,Two year,Fiber optic,Mailed check,Yes,Yes,No,Yes,0,0
CUST-005001,2,92.25,179.98,54.0,1,One year,No,Electronic check,No internet service,Yes,Yes,No,0,0
CUST-000594,23,31.91,667.55,29.0,0,Month-to-month,DSL,Mailed check,Yes,Yes,Yes,Yes,0,0
CUST-003100,26,74.75,1674.31,23.0,0,One year,No,Bank transfer,Yes,Yes,No,Yes,1,0
CUST-001807,35,58.23,2039.9,44.0,4,Month-to-month,DSL,Bank transfer,No internet service,Yes,No,No,0,1
CUST-003106,62,83.94,4805.19,18.0,0,Month-to-month,No,Credit card,No,Yes,Yes,No,0,0
CUST-000450,70,48.28,3268.86,20.0,1,Month-to-month,Fiber optic,Bank transfer,No,Yes,No,Yes,0,0
CUST-003616,3,41.08,132.36,60.0,1,One year,No,Bank transfer,No,Yes,No,Yes,0,0
CUST-005160,27,67.49,1832.32,43.0,3,One year,Fiber optic,Electronic check,Yes,No,No,No,0,0
CUST-004222,60,86.26,5340.99,67.0,2,Month-to-month,Fiber optic,Credit card,No,Yes,No,No,1,0
CUST-000518,34,82.6,3147.02,58.0,2,Month-to-month,DSL,Mailed check,No internet service,No,No,No,1,1
CUST-005824,37,95.37,3454.53,30.0,1,Month-to-month,Fiber optic,Credit card,No,No,Yes,Yes,0,0
CUST-000312,8,73.42,581.14,36.0,1,Two year,DSL,Mailed check,No,Yes,No,Yes,0,0
CUST-002410,38,15.0,525.5,37.0,2,One year,Fiber optic,Credit card,Yes,Yes,Yes,Yes,0,0
CUST-002099,18,96.3,1837.92,47.0,0,Month-to-month,DSL,Electronic check,No,Yes,Yes,No,0,0
CUST-002666,17,56.67,856.98,45.0,2,One year,Fiber optic,Bank transfer,Yes,No,No,Yes,0,0
CUST-003196,16,59.73,965.36,54.0,1,Month-to-month,DSL,Electronic check,No,No,Yes,No,1,1
CUST-001174,0,96.91,0.0,29.0,0,One year,Fiber optic,Electronic check,No internet service,Yes,No,Yes,0,0
CUST-004665,60,55.11,3494.65,27.0,0,Month-to-month,No,Mailed check,Yes,Yes,Yes,Yes,0,0
CUST-000451,67,63.16,4286.1,65.0,1,Month-to-month,DSL,Credit card,Yes,Yes,Yes,No,0,0
CUST-005548,16,67.4,1027.03,69.0,1,Two year,Fiber optic,Bank transfer,No internet service,Yes,Yes,No,1,0
CUST-004716,64,17.9,1086.57,79.0,1,Month-to-month,Fiber optic,Mailed check,Yes,No,No,No,0,0
CUST-001112,14,61.27,826.57,39.0,2,Two year,DSL,Electronic check,Yes,Yes,Yes,No,0,0
CUST-004860,4,54.82,206.33,50.0,1,Month-to-month,DSL,Electronic check,No,Yes,Yes,No,0,0
CUST-001578,8,60.77,482.97,22.0,0,Two year,No,Electronic check,No,Yes,Yes,Yes,0,0
CUST-000890,7,59.73,445.62,79.0,3,Month-to-month,Fiber optic,Mailed check,No,Yes,No,No,0,0
CUST-001615,12,68.42,865.98,79.0,2,One year,No,Mailed check,Yes,Yes,Yes,No,0,0
CUST-004362,36,71.76,2455.64,29.0,3,Month-to-month,No,Bank transfer,Yes,No,Yes,No,0,0
CUST-005133,3,75.64,234.87,56.0,1,One year,Fiber optic,Credit card,No,Yes,Yes,No,0,1
CUST-003458,61,30.01,,49.0,0,One year,DSL,Electronic check,No,Yes,Yes,No,0,0
CUST-005863,15,95.28,1298.98,79.0,2,One year,Fiber optic,Electronic check,Yes,No,No,Yes,0,1
CUST-005856,34,56.26,1890.99,49.0,2,Two year,No,Bank transfer,No internet service,No,No,No,0,0
CUST-001263,60,72.08,4419.59,24.0,1,Month-to-month,DSL,Electronic check,Yes,Yes,No,No,0,0
CUST-005636,18,47.1,784.88,19.0,0,One year,Fiber optic,Mailed check,Yes,Yes,No,Yes,1,0
CUST-000999,37,73.78,2397.94,24.0,1,Month-to-month,DSL,Bank transfer,Yes,Yes,No,Yes,0,0
CUST-003784,71,71.24,5058.1,42.0,0,Month-to-month,No,Bank transfer,No internet service,No,Yes,No,0,0
CUST-001359,26,43.36,1138.68,45.0,2,Two year,Fiber optic,Bank transfer,No internet service,Yes,Yes,No,0,0
CUST-002841,51,128.46,6586.49,56.0,2,Month-to-month,Fiber optic,Mailed check,No internet service,Yes,Yes,No,0,1
CUST-001476,35,22.56,789.36,77.0,0,Month-to-month,Fiber optic,Bank transfer,No,Yes,Yes,Yes,0,0
CUST-000192,44,78.92,3490.97,18.0,4,One year,No,Mailed check,No,Yes,No,Yes,0,0
CUST-004708,56,86.48,4684.32,34.0,1,Month-to-month,Fiber optic,Electronic check,No,No,No,No,1,1
CUST-005418,40,56.66,2218.93,62.0,1,Month-to-month,DSL,Mailed check,No,No,Yes,No,0,0
CUST-005843,0,80.45,0.0,45.0,5,Month-to-month,DSL,Credit card,No,Yes,No,No,0,1
CUST-005017,38,29.3,1084.65,52.0,3,Month-to-month,DSL,Electronic check,Yes,Yes,No,No,0,1
CUST-004639,67,51.05,3205.93,35.0,2,Two year,DSL,Bank transfer,Yes,Yes,No,Yes,1,0
CUST-005472,58,83.6,5219.93,46.0,6,One year,DSL,Electronic check,Yes,Yes,Yes,Yes,0,1
CUST-001874,29,49.88,1553.37,78.0,3,Month-to-month,DSL,Mailed check,No,Yes,Yes,No,0,0
CUST-005318,55,60.83,3168.06,75.0,2,Month-to-month,DSL,Electronic check,No,No,Yes,Yes,0,1
CUST-001338,56,37.93,2283.89,58.0,1,Two year,Fiber optic,Credit card,No,Yes,No,Yes,0,0
CUST-002886,68,73.54,5007.41,26.0,3,Month-to-month,No,Credit card,Yes,No,No,No,0,1
CUST-003460,30,64.75,1994.34,56.0,4,One year,Fiber optic,Mailed check,Yes,No,Yes,No,1,0
CUST-005039,15,58.31,848.4,42.0,0,One year,Fiber optic,Bank transfer,No,Yes,Yes,Yes,1,0
CUST-005059,46,131.42,6453.88,66.0,3,Month-to-month,No,Bank transfer,Yes,No,Yes,Yes,0,1
CUST-005265,64,39.17,2439.88,18.0,0,One year,Fiber optic,Mailed check,No,Yes,No,Yes,0,0
CUST-001293,0,74.93,0.0,32.0,0,One year,Fiber optic,Mailed check,Yes,Yes,No,No,0,0
CUST-005303,30,54.34,1445.48,63.0,3,Month-to-month,No,Electronic check,No internet service,No,No,Yes,0,1
CUST-004527,6,73.77,444.73,41.0,0,Two year,Fiber optic,Electronic check,No,No,Yes,No,0,0
CUST-005032,26,41.65,1134.73,73.0,0,Two year,No,Bank transfer,Yes,Yes,No,Yes,0,0
CUST-003541,42,21.53,872.28,75.0,1,Two year,Fiber optic,Credit card,Yes,Yes,No,No,0,0
CUST-002683,59,62.32,3616.82,57.0,0,One year,No,Credit card,No,No,No,No,0,1
CUST-001907,11,69.69,733.27,78.0,2,Month-to-month,Fiber optic,Electronic check,No,No,No,No,0,1
CUST-003781,16,40.21,637.21,71.0,1,Two year,DSL,Mailed check,No,Yes,No,Yes,0,0
CUST-004410,8,66.31,520.79,37.0,0,Month-to-month,DSL,Electronic check,No,Yes,No,Yes,0,1
CUST-000368,1,116.54,114.65,49.0,1,Month-to-month,DSL,Credit card,No,Yes,No,No,0,1
CUST-001937,40,35.31,1419.57,38.0,0,Month-to-month,Fiber optic,Electronic check,No,Yes,No,No,0,1
CUST-001151,36,90.65,3254.74,18.0,3,Month-to-month,DSL,Electronic check,Yes,Yes,No,No,0,1
CUST-003525,15,55.62,921.26,60.0,2,Month-to-month,No,Electronic check,Yes,No,Yes,No,0,0
CUST-004108,37,93.76,3532.68,48.0,1,Month-to-month,Fiber optic,Electronic check,No,Yes,Yes,Yes,0,1
CUST-005927,43,103.2,3969.51,24.0,2,Month-to-month,Fiber optic,Electronic check,,Yes,Yes,No,0,1
CUST-000191,46,71.07,3370.53,77.0,1,Two year,No,Credit card,No,Yes,No,No,0,0
CUST-000174,50,68.29,3592.12,,1,Month-to-month,DSL,Credit card,Yes,Yes,Yes,Yes,0,0
CUST-004084,36,77.21,,31.0,1,Two year,DSL,Bank transfer,No,Yes,No,No,0,0
CUST-003938,52,93.97,4784.81,64.0,2,Month-to-month,No,Mailed check,No internet service,Yes,Yes,No,0,0
CUST-003857,1,83.61,,72.0,0,Two year,DSL,Mailed check,No,Yes,No,Yes,0,0
CUST-002118,39,68.71,2647.5,49.0,1,Month-to-month,DSL,Bank transfer,No,Yes,Yes,No,0,0
CUST-005368,48,50.04,2551.32,75.0,2,Month-to-month,DSL,Bank transfer,No,No,No,No,0,0
CUST-005864,66,93.95,6614.34,54.0,0,Month-to-month,No,Bank transfer,No internet service,No,No,No,0,1
CUST-002843,35,67.92,2467.22,44.0,2,Month-to-month,Fiber optic,Electronic check,No internet service,No,Yes,Yes,0,0
CUST-005680,13,55.73,682.78,44.0,4,Month-to-month,No,Mailed check,No,Yes,Yes,No,0,0
CUST-001164,37,85.44,3173.54,,0,Month-to-month,DSL,Mailed check,No internet service,Yes,No,Yes,1,1
CUST-002127,45,38.79,1756.94,30.0,3,Month-to-month,DSL,Bank transfer,No,Yes,Yes,No,1,1
CUST-004483,4,59.3,236.62,33.0,3,Month-to-month,Fiber optic,Mailed check,No internet service,Yes,No,No,0,1
CUST-001661,44,83.93,3872.41,57.0,1,Two year,Fiber optic,Credit card,Yes,Yes,No,No,0,0
CUST-000508,19,66.16,1222.01,18.0,2,Month-to-month,No,Electronic check,Yes,Yes,No,No,1,0
CUST-000166,23,79.78,1770.59,18.0,0,One year,DSL,Electronic check,No,Yes,No,Yes,1,0
CUST-003932,51,77.03,3997.7,23.0,3,Month-to-month,No,Credit card,No,No,No,No,1,0
CUST-004125,36,102.39,3533.89,49.0,2,Month-to-month,No,Electronic check,No,Yes,No,No,0,0
CUST-002271,23,23.72,573.4,78.0,1,Month-to-month,DSL,Mailed check,No internet service,Yes,No,No,0,1
CUST-003985,24,56.68,1174.81,71.0,0,Month-to-month,DSL,Bank transfer,Yes,No,Yes,No,0,0
CUST-000103,0,68.48,0.0,27.0,0,Two year,Fiber optic,Bank transfer,Yes,Yes,Yes,No,0,0
CUST-004850,67,59.13,3838.88,64.0,0,Two year,DSL,Mailed check,No,Yes,No,No,0,0
CUST-003220,51,59.89,3358.46,70.0,1,Month-to-month,No,Bank transfer,Yes,No,Yes,Yes,0,1
CUST-002732,67,62.61,3918.77,20.0,2,Two year,Fiber optic,Electronic check,Yes,No,No,Yes,0,0
CUST-001752,45,47.28,1946.21,60.0,1,Month-to-month,No,Electronic check,Yes,Yes,Yes,Yes,0,1
CUST-005374,54,80.7,4771.93,76.0,1,Two year,DSL,Credit card,No,Yes,No,No,0,0
CUST-002728,42,71.11,2981.21,40.0,2,Month-to-month,DSL,Bank transfer,No,No,Yes,No,0,0
CUST-001658,61,103.65,6219.53,54.0,0,Month-to-month,No,Electronic check,No,Yes,Yes,No,0,1
CUST-000152,66,83.48,5790.25,26.0,0,Month-to-month,DSL,Credit card,Yes,No,Yes,Yes,0,0
CUST-002972,43,59.01,2354.8,56.0,1,Month-to-month,DSL,Electronic check,No internet service,No,No,No,0,1
CUST-001583,30,85.23,2695.69,36.0,0,One year,DSL,Credit card,Yes,Yes,Yes,No,1,0
CUST-005880,11,78.28,,71.0,2,Month-to-month,Fiber optic,Credit card,No,Yes,Yes,Yes,0,1
CUST-002577,32,75.06,2332.48,35.0,2,One year,DSL,Electronic check,No,No,No,Yes,0,0
CUST-004078,18,49.83,829.7,32.0,3,Two year,DSL,Electronic check,Yes,No,No,No,0,0
CUST-004519,31,84.08,2499.63,28.0,1,Month-to-month,Fiber optic,Electronic check,No internet service,Yes,Yes,No,1,0
CUST-003880,63,38.13,2259.94,24.0,0,Month-to-month,Fiber optic,Electronic check,No internet service,Yes,Yes,No,0,0
CUST-004381,8,52.92,440.34,24.0,1,One year,No,Mailed check,No internet service,Yes,No,No,1,0
CUST-001822,22,49.78,1067.77,45.0,1,Month-to-month,DSL,Bank transfer,No,No,Yes,No,0,1
CUST-004643,4,62.44,252.59,63.0,0,Month-to-month,Fiber optic,Electronic check,No internet service,Yes,No,No,0,1
CUST-005485,12,90.59,1059.29,78.0,2,Two year,Fiber optic,Credit card,No internet service,Yes,Yes,Yes,1,0
CUST-000309,7,71.49,494.56,58.0,0,One year,Fiber optic,Bank transfer,No,Yes,No,Yes,0,0
CUST-004399,48,55.87,2375.55,30.0,1,Month-to-month,Fiber optic,Bank transfer,No internet service,No,No,No,0,1
CUST-003346,43,15.0,656.21,18.0,3,Month-to-month,No,Electronic check,No internet service,Yes,No,No,0,0
CUST-002589,25,44.85,1263.26,74.0,3,One year,Fiber optic,Mailed check,Yes,No,No,Yes,0,0
CUST-000495,30,111.93,3465.9,70.0,2,Month-to-month,DSL,Bank transfer,No,No,Yes,No,0,0
CUST-000205,19,78.44,1646.12,47.0,0,One year,Fiber optic,Credit card,Yes,Yes,Yes,No,0,0
CUST-001434,23,60.52,1337.1,54.0,1,One year,DSL,Mailed check,Yes,Yes,Yes,Yes,0,0
CUST-001135,4,62.65,,43.0,1,One year,Fiber optic,Mailed check,No,Yes,Yes,No,0,0
CUST-000868,32,46.28,1492.94,46.0,1,Month-to-month,Fiber optic,Electronic check,Yes,Yes,Yes,No,1,1
CUST-000305,10,87.73,898.69,24.0,1,One year,DSL,Credit card,Yes,No,Yes,Yes,0,0
CUST-001849,12,43.74,541.77,31.0,2,Month-to-month,DSL,Bank transfer,No internet service,Yes,Yes,No,1,1
CUST-004423,33,68.69,2146.71,27.0,1,Two year,Fiber optic,Electronic check,No internet service,No,No,Yes,0,0
CUST-001988,15,85.7,,60.0,1,Month-to-month,Fiber optic,Electronic check,No internet service,Yes,Yes,No,0,1
CUST-005609,8,58.49,481.84,50.0,0,One year,DSL,Electronic check,No internet service,No,Yes,Yes,0,0
CUST-001534,59,57.13,,54.0,1,Month-to-month,No,Credit card,No,Yes,Yes,No,0,1
CUST-000843,2,42.34,85.57,52.0,1,One year,Fiber optic,Credit card,Yes,No,Yes,No,0,0
CUST-001987,15,56.56,771.84,60.0,0,Two year,DSL,Bank transfer,Yes,Yes,Yes,No,0,0
CUST-003578,64,47.83,3152.92,24.0,0,Month-to-month,Fiber optic,Bank transfer,No,Yes,No,Yes,0,0
CUST-003864,46,74.61,3249.23,71.0,0,Month-to-month,DSL,Mailed check,Yes,Yes,No,Yes,0,1
CUST-002554,71,47.4,3422.55,58.0,2,Month-to-month,Fiber optic,Credit card,No,Yes,No,No,0,0
CUST-003226,42,89.71,3382.02,62.0,1,Month-to-month,Fiber optic,Electronic check,No internet service,Yes,No,Yes,0,1
CUST-001538,51,46.24,2623.83,32.0,3,Month-to-month,Fiber optic,Bank transfer,No,Yes,No,No,0,1
CUST-000211,52,55.06,3099.92,69.0,1,Month-to-month,Fiber optic,Electronic check,No,Yes,No,No,0,0
CUST-001957,38,78.98,2974.9,23.0,1,One year,No,Credit card,Yes,No,No,No,0,0
CUST-005074,10,45.15,438.43,76.0,2,Month-to-month,Fiber optic,Mailed check,No,Yes,Yes,No,0,0
CUST-002339,6,49.52,296.97,79.0,0,Month-to-month,Fiber optic,Mailed check,Yes,Yes,No,Yes,0,1
CUST-005443,58,20.2,1136.5,53.0,1,Month-to-month,DSL,Mailed check,No,Yes,No,No,0,0
CUST-001349,43,84.95,3551.51,42.0,1,Month-to-month,DSL,Credit card,No,No,Yes,No,0,0
CUST-005815,4,64.25,269.99,26.0,1,Month-to-month,DSL,Bank transfer,No internet service,Yes,No,No,0,1
CUST-004603,55,142.92,8443.62,19.0,0,Two year,DSL,Mailed check,No,Yes,No,Yes,1,0
CUST-000680,52,53.41,2675.98,55.0,0,Month-to-month,DSL,Bank transfer,No,No,No,No,0,0
CUST-000180,68,84.49,6063.41,65.0,2,One year,Fiber optic,Bank transfer,Yes,Yes,Yes,No,0,0
CUST-003780,4,45.45,184.08,26.0,2,Month-to-month,Fiber optic,Electronic check,No internet service,No,Yes,No,1,0
CUST-003066,60,30.43,1831.69,18.0,1,Month-to-month,Fiber optic,Electronic check,No internet service,Yes,No,No,0,0
CUST-003312,67,96.38,7241.17,21.0,4,Two year,DSL,Bank transfer,Yes,Yes,No,No,0,0
CUST-000278,4,63.46,261.72,21.0,1,Two year,Fiber optic,Bank transfer,Yes,No,No,No,0,0
CUST-000289,34,23.46,775.81,43.0,1,Month-to-month,Fiber optic,Electronic check,Yes,No,Yes,Yes,0,0
CUST-004515,57,93.34,5238.76,53.0,1,Two year,DSL,Bank transfer,No internet service,Yes,No,No,0,0
CUST-000993,31,84.75,2627.71,62.0,1,One year,Fiber optic,Credit card,No internet service,Yes,Yes,Yes,0,0
CUST-002609,60,80.06,4630.69,20.0,3,Two year,No,Credit card,No internet service,Yes,Yes,Yes,1,0
CUST-004478,63,42.21,2562.61,39.0,0,Month-to-month,No,Electronic check,Yes,No,Yes,No,0,0
CUST-004240,24,52.79,1279.61,62.0,0,Month-to-month,No,Credit card,No internet service,Yes,No,No,1,0
CUST-004822,66,57.92,3637.38,57.0,1,Month-to-month,Fiber optic,Bank transfer,Yes,Yes,No,No,0,0
CUST-000270,21,92.61,1930.09,78.0,2,Two year,No,Credit card,Yes,Yes,No,No,0,0
CUST-002167,61,43.06,2742.01,22.0,1,Month-to-month,DSL,Bank transfer,No internet service,Yes,No,No,0,1
CUST-005717,54,62.5,3515.41,22.0,2,One year,DSL,Bank transfer,No,No,Yes,Yes,0,0
CUST-002254,21,64.96,1268.58,32.0,0,Two year,No,Bank transfer,No,Yes,No,Yes,0,0
CUST-004675,26,111.2,2780.23,56.0,2,One year,Fiber optic,Electronic check,Yes,Yes,No,No,0,0
CUST-000111,56,70.02,3842.19,48.0,1,Month-to-month,No,Electronic check,No internet service,Yes,No,No,0,0
CUST-001391,38,41.67,1644.12,77.0,1,One year,Fiber optic,Mailed check,No,Yes,Yes,No,0,0
CUST-000220,9,61.65,559.35,37.0,1,Month-to-month,DSL,Credit card,No,Yes,Yes,No,0,0
CUST-003250,24,55.47,1295.34,27.0,1,Month-to-month,DSL,Electronic check,No,Yes,No,No,0,0
CUST-000083,60,49.23,2860.94,79.0,2,Month-to-month,Fiber optic,Bank transfer,Yes,Yes,Yes,Yes,0,0
CUST-003455,63,51.58,3209.75,27.0,2,Month-to-month,Fiber optic,Bank transfer,No internet service,Yes,No,No,0,0
CUST-000461,10,79.59,799.93,53.0,0,One year,Fiber optic,Electronic check,No,Yes,No,No,0,0
CUST-005289,21,42.41,899.64,65.0,0,One year,Fiber optic,Mailed check,Yes,Yes,Yes,No,0,0
CUST-000551,28,86.86,2332.59,78.0,0,One year,DSL,Bank transfer,No,Yes,Yes,No,1,0
CUST-005899,63,35.92,2225.5,42.0,0,Month-to-month,Fiber optic,Electronic check,Yes,Yes,No,No,0,1
CUST-003686,7,50.25,357.3,45.0,4,Month-to-month,Fiber optic,Bank transfer,Yes,No,No,Yes,1,0
CUST-002784,66,53.44,,28.0,2,Two year,Fiber optic,Mailed check,No,Yes,Yes,No,0,0
CUST-002146,12,47.86,566.58,50.0,0,One year,Fiber optic,Mailed check,No internet service,Yes,Yes,Yes,0,1
CUST-002897,45,37.26,1829.71,56.0,1,One year,No,Bank transfer,No,No,Yes,Yes,0,0
CUST-004633,12,48.71,548.38,48.0,1,One year,DSL,Bank transfer,No,Yes,Yes,No,1,0
CUST-000650,35,63.46,2200.34,54.0,3,Month-to-month,Fiber optic,Credit card,No,Yes,Yes,No,0,1
CUST-000708,34,106.62,3667.65,65.0,2,Month-to-month,Fiber optic,Electronic check,No,No,No,No,0,0
CUST-003799,4,56.72,211.89,35.0,2,Month-to-month,Fiber optic,Electronic check,Yes,Yes,No,Yes,0,1
CUST-005560,34,82.17,3032.69,72.0,2,One year,DSL,Electronic check,No,Yes,Yes,Yes,1,0
CUST-002358,45,42.56,1848.57,68.0,1,One year,No,Electronic check,Yes,Yes,No,No,0,0
CUST-001424,18,55.93,1035.3,76.0,3,One year,Fiber optic,Bank transfer,No internet service,No,Yes,No,0,1
CUST-001216,37,21.67,757.0,41.0,0,One year,No,Electronic check,No,No,No,Yes,0,0
CUST-005523,67,83.59,5845.91,62.0,1,Month-to-month,DSL,Mailed check,No,Yes,Yes,No,0,1
CUST-001924,26,48.91,1267.16,65.0,1,Month-to-month,DSL,Credit card,No,Yes,Yes,No,1,1
CUST-002753,47,103.32,4454.96,74.0,1,One year,Fiber optic,Mailed check,No,No,No,Yes,0,0
CUST-003319,2,90.18,175.08,21.0,1,Month-to-month,DSL,Credit card,No internet service,Yes,No,No,1,0
CUST-000314,17,31.25,531.88,71.0,1,One year,Fiber optic,Credit card,Yes,No,Yes,Yes,0,1
CUST-005992,60,82.26,4830.97,44.0,1,One year,Fiber optic,Electronic check,Yes,No,No,Yes,0,0
CUST-001427,65,73.81,5011.2,55.0,2,One year,Fiber optic,Mailed check,Yes,Yes,No,No,1,0
CUST-003996,1,70.13,75.63,39.0,0,Month-to-month,DSL,Credit card,Yes,Yes,No,Yes,0,1
CUST-002955,72,87.43,,45.0,0,One year,No,Bank transfer,No,Yes,Yes,No,1,0
CUST-004700,64,52.96,3393.58,42.0,2,Month-to-month,Fiber optic,Electronic check,No internet service,No,Yes,Yes,0,1
CUST-003887,12,61.78,767.63,54.0,2,Two year,DSL,Electronic check,No,Yes,Yes,No,0,0
CUST-003235,41,63.33,2360.05,60.0,2,Month-to-month,DSL,Electronic check,No,No,Yes,No,0,0
CUST-004428,56,54.84,3050.1,38.0,3,Month-to-month,DSL,Bank transfer,No internet service,No,No,Yes,0,1
CUST-003309,68,52.88,3820.32,76.0,3,Month-to-month,Fiber optic,Mailed check,Yes,Yes,No,No,0,1
CUST-000176,52,44.68,2271.03,67.0,2,One year,Fiber optic,Mailed check,No internet service,Yes,Yes,No,0,1
CUST-002543,27,42.96,1098.32,77.0,3,Month-to-month,DSL,Electronic check,No,Yes,Yes,Yes,1,1
CUST-000684,12,47.47,588.65,78.0,3,Month-to-month,DSL,Electronic check,No,No,No,Yes,0,0
CUST-004851,52,37.1,2009.31,,0,Two year,Fiber optic,Electronic check,Yes,Yes,Yes,No,0,0
CUST-005106,55,106.05,5812.85,73.0,2,One year,Fiber optic,Mailed check,No,Yes,Yes,No,0,1
CUST-005129,44,96.92,4353.53,46.0,2,Two year,No,Electronic check,Yes,No,Yes,Yes,0,0
CUST-004071,57,45.97,2616.72,55.0,2,Month-to-month,Fiber optic,Credit card,Yes,Yes,Yes,No,0,0
CUST-000326,17,56.56,984.74,52.0,1,Month-to-month,No,Electronic check,No internet service,Yes,Yes,No,0,1
CUST-005369,20,79.16,1499.36,33.0,2,Two year,No,Credit card,Yes,Yes,No,No,0,0
CUST-005479,41,45.67,1892.61,76.0,0,Two year,Fiber optic,Credit card,No,No,Yes,No,0,0
CUST-002611,67,63.37,4587.69,35.0,2,Month-to-month,No,Bank transfer,No internet service,No,No,No,0,1
CUST-005202,61,81.23,5157.06,30.0,4,One year,No,Electronic check,No internet service,No,No,No,0,0
CUST-002348,14,74.57,975.45,42.0,1,One year,Fiber optic,Electronic check,No,No,No,Yes,0,1
CUST-004076,71,60.61,4239.78,47.0,1,Month-to-month,No,Mailed check,Yes,Yes,Yes,No,0,0
CUST-004101,72,53.51,3898.03,58.0,0,Month-to-month,DSL,Mailed check,No,Yes,Yes,No,0,0
CUST-003808,37,101.83,3492.71,26.0,2,Two year,DSL,Electronic check,No,No,Yes,Yes,0,0
CUST-000348,13,84.22,1037.94,76.0,0,One year,DSL,Electronic check,No,Yes,No,Yes,1,0
CUST-001626,42,33.58,1478.52,31.0,0,Month-to-month,Fiber optic,Credit card,Yes,No,Yes,No,0,1
CUST-003245,59,15.0,824.16,33.0,1,Month-to-month,DSL,Mailed check,No,No,No,No,1,0
CUST-000871,14,89.57,1224.78,22.0,0,Two year,No,Mailed check,Yes,No,Yes,No,0,0
CUST-005432,24,64.68,1540.19,46.0,0,Two year,DSL,Bank transfer,Yes,Yes,No,No,1,0
CUST-004331,19,78.88,1611.87,32.0,0,Month-to-month,DSL,Bank transfer,Yes,Yes,No,Yes,0,0
CUST-005252,52,34.67,1796.65,63.0,2,Month-to-month,Fiber optic,Electronic check,Yes,Yes,No,Yes,0,0
CUST-002121,69,65.78,4664.69,61.0,1,Two year,Fiber optic,Credit card,No,Yes,No,No,0,0
CUST-002418,21,72.4,1520.47,71.0,2,One year,DSL,Bank transfer,No,No,No,No,0,0
CUST-000085,51,74.47,3654.73,64.0,1,Month-to-month,DSL,Electronic check,Yes,No,No,No,0,0
CUST-003536,2,101.43,196.86,38.0,1,Month-to-month,Fiber optic,Mailed check,Yes,No,Yes,No,0,0
CUST-001877,65,66.68,4627.87,26.0,2,Month-to-month,Fiber optic,Bank transfer,No,No,Yes,No,0,0
CUST-004751,10,46.35,456.67,53.0,1,Month-to-month,Fiber optic,Mailed check,No,No,Yes,No,0,1
CUST-005148,27,40.26,1020.87,28.0,2,Two year,DSL,Bank transfer,Yes,Yes,Yes,No,0,0
CUST-005617,13,70.17,934.48,23.0,0,Month-to-month,DSL,Mailed check,No,Yes,No,No,0,1
CUST-000494,21,78.13,1636.65,43.0,0,Month-to-month,DSL,Electronic check,Yes,Yes,Yes,No,0,0
CUST-002986,54,57.65,3139.18,23.0,1,Month-to-month,No,Electronic check,No,Yes,Yes,No,0,1
CUST-003129,57,68.89,4231.81,58.0,4,One year,Fiber optic,Mailed check,No internet service,Yes,No,Yes,1,0
CUST-002778,28,15.0,387.04,42.0,2,Month-to-month,No,Bank transfer,No,Yes,No,No,0,0
CUST-001270,26,118.0,2849.19,37.0,1,Month-to-month,DSL,Electronic check,No internet service,Yes,Yes,No,0,0
CUST-002673,13,59.6,798.73,78.0,0,Month-to-month,Fiber optic,Credit card,No internet service,No,Yes,Yes,1,1
CUST-004928,13,38.97,545.62,67.0,1,Month-to-month,DSL,Electronic check,No internet service,Yes,Yes,No,0,1
CUST-004970,62,51.97,2964.36,40.0,2,One year,DSL,Credit card,No internet service,Yes,Yes,Yes,0,0
CUST-000618,4,35.38,146.94,46.0,1,Month-to-month,Fiber optic,Mailed check,No,No,Yes,Yes,0,0
CUST-005146,34,127.0,4002.05,46.0,3,Two year,DSL,Bank transfer,Yes,Yes,Yes,No,0,0
CUST-003846,56,103.92,5999.18,73.0,1,Month-to-month,DSL,Credit card,Yes,Yes,Yes,No,0,0
CUST-004257,6,51.78,320.17,77.0,1,One year,Fiber optic,Bank transfer,No,No,Yes,No,0,0
CUST-002570,58,46.44,2823.93,74.0,1,Month-to-month,Fiber optic,Electronic check,No internet service,No,Yes,Yes,0,0
CUST-003634,70,39.72,2825.02,76.0,0,Two year,Fiber optic,Bank transfer,No,No,Yes,Yes,0,0
CUST-003076,7,75.27,543.38,50.0,0,One year,Fiber optic,Electronic check,No,No,Yes,Yes,0,0
CUST-001413,57,42.66,2569.49,33.0,1,Month-to-month,DSL,Electronic check,No internet service,No,No,No,1,0
CUST-002201,0,51.51,,37.0,0,One year,DSL,Mailed check,No,Yes,No,No,0,0
CUST-004918,61,96.13,6183.34,78.0,4,Month-to-month,DSL,Electronic check,Yes,Yes,Yes,No,1,1
CUST-004816,63,35.76,2279.98,44.0,0,Two year,Fiber optic,Credit card,No internet service,No,No,Yes,0,0
CUST-000869,2,59.48,120.49,25.0,1,Month-to-month,DSL,Mailed check,No,No,No,No,0,1
CUST-002006,31,41.16,1365.52,23.0,0,Month-to-month,DSL,Credit card,No,Yes,Yes,No,0,1
CUST-004161,28,73.26,1955.62,23.0,0,Two year,DSL,Bank transfer,Yes,Yes,No,No,0,0
CUST-000356,11,39.29,460.79,44.0,2,Month-to-month,Fiber optic,Credit card,No internet service,Yes,No,No,0,0
CUST-001162,61,20.88,1324.04,74.0,1,One year,Fiber optic,Bank transfer,Yes,Yes,Yes,No,0,0
CUST-004570,50,63.63,3286.51,62.0,2,Month-to-month,Fiber optic,Credit card,No,No,Yes,No,0,0
CUST-003163,22,89.78,1842.63,79.0,4,Month-to-month,No,Mailed check,Yes,No,Yes,No,0,0
CUST-005940,18,78.74,1349.61,77.0,0,Month-to-month,Fiber optic,Credit card,Yes,Yes,No,No,0,0
CUST-001890,13,50.35,697.06,28.0,0,Month-to-month,Fiber optic,Electronic check,No,No,No,Yes,0,0
CUST-000579,7,49.36,364.6,46.0,2,Month-to-month,Fiber optic,Mailed check,No,Yes,Yes,Yes,0,1
CUST-002571,68,66.85,4203.97,55.0,1,Month-to-month,DSL,Bank transfer,Yes,Yes,No,No,0,0
CUST-001691,64,110.99,7108.11,38.0,0,One year,DSL,Mailed check,No,No,Yes,Yes,0,0
CUST-000862,8,60.72,495.64,23.0,2,One year,DSL,Electronic check,Yes,Yes,No,Yes,0,1
CUST-004030,39,76.39,2525.26,37.0,0,Month-to-month,Fiber optic,Credit card,No internet service,No,Yes,No,0,1
CUST-003326,11,40.41,437.42,39.0,1,One year,Fiber optic,Mailed check,No internet service,Yes,Yes,No,0,1
CUST-004237,7,61.45,374.4,51.0,2,Month-to-month,No,Electronic check,No,Yes,Yes,No,1,1
CUST-004661,42,63.88,2757.24,21.0,1,One year,No,Electronic check,Yes,Yes,Yes,Yes,1,0
CUST-001116,72,66.53,5085.96,31.0,3,One year,No,Bank transfer,Yes,Yes,No,No,0,0
CUST-001541,17,48.04,795.16,38.0,2,Month-to-month,No,Electronic check,Yes,Yes,Yes,No,0,0
CUST-004411,42,78.91,3387.74,77.0,3,One year,Fiber optic,Bank transfer,Yes,No,No,Yes,0,1
CUST-004631,20,52.69,1052.86,18.0,0,Two year,Fiber optic,Mailed check,No internet service,No,No,No,0,0
CUST-005538,59,52.2,3149.91,30.0,2,Two year,Fiber optic,Electronic check,No,No,Yes,No,1,0
CUST-002629,2,76.19,163.83,42.0,3,Two year,DSL,Mailed check,Yes,Yes,No,No,0,0
CUST-005316,39,69.66,2767.15,69.0,1,Two year,No,Credit card,Yes,No,No,No,0,0
CUST-005332,28,71.48,2001.65,51.0,2,Two year,Fiber optic,Credit card,No internet service,Yes,No,Yes,0,0
CUST-005929,18,55.45,997.27,36.0,2,Month-to-month,Fiber optic,Credit card,No,Yes,Yes,No,0,0
CUST-002417,18,50.88,,52.0,1,Month-to-month,Fiber optic,Electronic check,Yes,Yes,No,No,0,1
CUST-005745,1,31.17,31.9,79.0,1,Month-to-month,No,Electronic check,No,Yes,No,No,1,0
CUST-005093,70,88.62,6369.95,30.0,0,Month-to-month,DSL,Credit card,No,No,No,No,0,0
CUST-005777,7,31.37,210.77,65.0,0,Month-to-month,Fiber optic,Electronic check,No,No,Yes,No,0,1
CUST-002052,26,75.49,1924.79,42.0,2,Month-to-month,Fiber optic,Credit card,No,Yes,No,No,0,1
CUST-001776,24,78.79,1958.3,72.0,1,Month-to-month,Fiber optic,Mailed check,Yes,Yes,No,Yes,0,0
CUST-003586,33,70.47,2424.14,56.0,1,One year,No,Mailed check,No internet service,Yes,No,Yes,1,0
CUST-004316,71,52.47,3645.16,52.0,2,Month-to-month,Fiber optic,Electronic check,No internet service,No,No,Yes,1,0
CUST-001592,27,35.32,1042.2,56.0,1,Month-to-month,No,Electronic check,No,No,Yes,Yes,0,0
CUST-001723,53,43.31,,27.0,0,Month-to-month,Fiber optic,Bank transfer,No internet service,Yes,No,No,1,0
CUST-004709,31,31.7,920.98,51.0,0,One year,No,Electronic check,No,No,No,Yes,0,0
CUST-005722,49,68.48,3260.07,43.0,1,Month-to-month,Fiber optic,Mailed check,Yes,Yes,Yes,No,0,0
CUST-000490,68,40.54,2689.99,78.0,3,Two year,No,Credit card,No,Yes,Yes,No,0,0
CUST-005058,18,48.9,890.62,43.0,3,Month-to-month,Fiber optic,Mailed check,No internet service,No,No,No,0,1
CUST-001006,62,102.01,6288.82,19.0,0,Two year,Fiber optic,Bank transfer,No,Yes,No,No,0,0
CUST-003168,60,47.29,2670.52,38.0,0,Month-to-month,Fiber optic,Credit card,No,Yes,Yes,Yes,0,1
CUST-003488,32,81.02,2498.14,26.0,2,Two year,DSL,Electronic check,No internet service,Yes,No,No,0,0
CUST-001417,32,60.01,2019.21,40.0,0,Month-to-month,Fiber optic,Electronic check,No,Yes,Yes,No,0,0
CUST-000025,47,69.61,3169.64,46.0,0,One year,Fiber optic,Electronic check,Yes,Yes,No,No,0,0
CUST-001113,21,60.87,1194.19,22.0,2,One year,DSL,Bank transfer,No,Yes,Yes,No,0,0
CUST-005911,24,97.39,2412.16,55.0,2,One year,DSL,Mailed check,No,Yes,Yes,No,0,0
CUST-001552,38,48.97,1987.32,48.0,3,Two year,Fiber optic,Credit card,Yes,Yes,No,No,0,0
CUST-005139,72,30.45,2203.71,39.0,2,Month-to-month,No,Electronic check,No internet service,No,No,No,1,1
CUST-005711,68,77.48,4998.93,56.0,0,One year,Fiber optic,Mailed check,No internet service,Yes,Yes,Yes,1,1
CUST-000433,9,65.75,592.72,35.0,0,Month-to-month,Fiber optic,Electronic check,Yes,Yes,Yes,No,0,1
CUST-002945,7,97.03,677.71,36.0,0,Two year,DSL,Mailed check,Yes,No,No,No,0,1
CUST-002827,68,125.28,8623.7,22.0,0,Month-to-month,No,Bank transfer,No internet service,No,No,Yes,0,1
CUST-004040,23,57.78,1380.54,52.0,1,Two year,No,Credit card,Yes,Yes,No,No,0,0
CUST-005019,46,64.44,2788.64,52.0,0,One year,DSL,Electronic check,No,Yes,No,Yes,0,0
CUST-005551,25,67.12,1741.29,45.0,0,Two year,DSL,Mailed check,No,Yes,Yes,Yes,0,0
CUST-003732,29,58.38,1819.72,56.0,1,One year,DSL,Bank transfer,No internet service,No,Yes,Yes,0,0
CUST-004470,29,42.22,1170.04,21.0,2,Month-to-month,No,Electronic check,Yes,Yes,Yes,No,0,1
CUST-004050,23,34.45,741.07,44.0,0,One year,No,Electronic check,Yes,Yes,No,No,0,0
CUST-005809,27,26.84,728.39,51.0,0,Month-to-month,No,Electronic check,No,Yes,No,Yes,0,0
CUST-001102,67,69.04,4316.76,39.0,1,Month-to-month,DSL,Credit card,No,No,Yes,No,0,0
CUST-004275,56,47.67,2652.47,55.0,0,Month-to-month,No,Bank transfer,Yes,Yes,Yes,Yes,0,0
CUST-005642,49,75.48,3696.44,43.0,0,One year,DSL,Credit card,No,Yes,Yes,Yes,0,0
CUST-004176,22,79.03,1861.44,52.0,2,Month-to-month,DSL,Bank transfer,No,Yes,No,No,0,0
CUST-000194,70,75.32,5166.47,73.0,1,Month-to-month,DSL,Mailed check,No,Yes,No,No,0,1
CUST-000615,46,45.98,2077.55,33.0,1,One year,DSL,Bank transfer,No internet service,Yes,Yes,No,0,0
CUST-000643,35,73.49,2514.07,32.0,2,Month-to-month,Fiber optic,Credit card,Yes,No,No,Yes,1,0
CUST-004323,19,106.86,2064.11,53.0,1,Month-to-month,No,Mailed check,No internet service,Yes,No,No,0,0
CUST-005637,31,38.37,1213.18,64.0,2,One year,No,Bank transfer,No,Yes,No,Yes,1,0
CUST-005086,60,45.68,2588.48,41.0,1,Month-to-month,Fiber optic,Electronic check,No,No,Yes,No,0,0
CUST-000330,39,105.3,4370.71,75.0,1,One year,DSL,Credit card,No,Yes,Yes,Yes,0,0
CUST-003555,32,45.8,1467.13,58.0,3,Month-to-month,DSL,Mailed check,No,Yes,No,Yes,0,0
CUST-003761,36,52.55,1985.77,33.0,1,Month-to-month,Fiber optic,Electronic check,No internet service,Yes,No,No,0,1
CUST-003133,5,81.1,438.67,69.0,3,Month-to-month,Fiber optic,Bank transfer,Yes,Yes,No,Yes,0,1
CUST-005602,0,50.6,0.0,41.0,1,Month-to-month,Fiber optic,Electronic check,Yes,No,No,No,0,0
CUST-000483,58,67.88,3796.7,49.0,1,Month-to-month,Fiber optic,Credit card,No,Yes,No,Yes,0,1
CUST-004615,31,83.94,2505.11,77.0,1,Month-to-month,Fiber optic,Electronic check,Yes,No,Yes,No,0,0
CUST-003820,9,80.0,698.47,43.0,1,Month-to-month,No,Bank transfer,,Yes,No,Yes,0,0
CUST-002059,29,50.9,1417.33,29.0,0,Month-to-month,DSL,Electronic check,No,No,Yes,No,0,0
CUST-005273,33,36.91,1264.46,20.0,2,Month-to-month,DSL,Electronic check,No,Yes,No,No,0,0
CUST-000032,6,25.0,151.69,20.0,3,Month-to-month,DSL,Bank transfer,Yes,Yes,No,Yes,0,0
CUST-000664,43,50.72,2330.95,62.0,2,Month-to-month,DSL,Electronic check,No,No,No,No,0,0
CUST-005770,24,95.06,2242.34,78.0,1,Month-to-month,Fiber optic,Mailed check,Yes,No,Yes,No,1,0
CUST-004273,22,97.25,2193.99,23.0,2,Month-to-month,DSL,Mailed check,No,Yes,Yes,Yes,0,0
CUST-001444,10,61.69,603.6,53.0,0,Month-to-month,Fiber optic,Electronic check,No internet service,No,No,No,0,1
CUST-002640,17,80.53,1400.37,64.0,2,Month-to-month,Fiber optic,Electronic check,Yes,Yes,Yes,No,1,1
CUST-003951,16,59.38,1016.23,59.0,0,Two year,Fiber optic,Electronic check,No,No,No,Yes,0,0
CUST-005876,66,77.16,5178.39,31.0,1,Month-to-month,Fiber optic,Electronic check,No,Yes,No,Yes,0,1
CUST-001705,62,53.2,3166.59,37.0,2,Month-to-month,Fiber optic,Electronic check,Yes,No,Yes,Yes,0,0
CUST-005928,8,76.53,573.75,35.0,5,Two year,Fiber optic,Credit card,No,No,Yes,No,0,0
CUST-005950,29,104.33,2874.09,54.0,1,One year,No,Electronic check,No,No,No,Yes,0,0
CUST-004746,55,46.25,2580.42,54.0,3,Two year,DSL,Mailed check,No,No,No,Yes,0,0
CUST-002277,3,74.49,237.6,45.0,0,Month-to-month,DSL,Bank transfer,Yes,Yes,No,No,0,0
CUST-001401,17,79.43,1403.94,31.0,1,Two year,Fiber optic,Electronic check,No,Yes,No,Yes,0,0
CUST-003365,54,89.51,5103.57,60.0,2,Two year,Fiber optic,Bank transfer,No,No,No,No,0,0
CUST-000170,7,91.32,612.59,34.0,1,Month-to-month,Fiber optic,Electronic check,Yes,Yes,No,No,1,0
CUST-000540,51,78.76,3653.04,48.0,0,Month-to-month,DSL,Bank transfer,No internet service,No,Yes,Yes,1,1
CUST-003166,54,63.9,3484.02,22.0,1,Month-to-month,No,Credit card,Yes,No,No,No,0,0
CUST-004508,19,54.4,1009.72,45.0,1,One year,DSL,Credit card,No,No,Yes,No,0,0
CUST-005489,26,70.81,1656.86,67.0,1,Month-to-month,DSL,Credit card,No,Yes,No,No,0,1
CUST-004594,45,75.52,3732.57,21.0,1,Month-to-month,Fiber optic,Credit card,No,Yes,No,No,0,1
CUST-000674,45,101.7,4139.76,52.0,2,One year,Fiber optic,Mailed check,,Yes,No,No,0,0
CUST-002937,52,69.43,3518.03,72.0,1,Two year,DSL,Mailed check,No internet service,Yes,Yes,No,0,1
CUST-005125,54,103.04,5676.72,50.0,1,Month-to-month,DSL,Mailed check,No internet service,Yes,No,No,1,0
CUST-001815,8,38.73,323.46,19.0,1,Two year,No,Bank transfer,No,No,No,No,0,0
CUST-004800,44,40.75,1698.6,57.0,2,Month-to-month,Fiber optic,Bank transfer,No,Yes,No,No,0,1
CUST-002100,66,63.68,4091.11,66.0,1,Two year,No,Electronic check,Yes,No,Yes,No,0,0
CUST-003306,20,51.73,959.76,29.0,2,Month-to-month,Fiber optic,Credit card,Yes,No,No,Yes,0,0
CUST-005850,12,15.0,172.48,77.0,1,Month-to-month,Fiber optic,Mailed check,Yes,Yes,Yes,Yes,0,0
CUST-002101,48,90.35,4481.33,18.0,0,Two year,Fiber optic,Electronic check,No,Yes,Yes,No,0,0
CUST-005096,44,68.3,3030.41,29.0,2,Month-to-month,No,Credit card,Yes,Yes,Yes,No,1,1
CUST-003112,4,63.51,256.28,18.0,1,Month-to-month,Fiber optic,Electronic check,No,Yes,Yes,No,0,1
CUST-001548,36,63.95,2397.56,39.0,2,Two year,DSL,Mailed check,Yes,Yes,Yes,Yes,0,0
CUST-003405,25,96.39,2579.55,61.0,1,Two year,DSL,Electronic check,No internet service,Yes,No,Yes,1,0
CUST-002399,53,72.59,3876.31,77.0,4,One year,Fiber optic,Credit card,No internet service,Yes,Yes,Yes,0,1
CUST-000355,72,54.85,3823.78,35.0,1,Two year,No,Electronic check,No,Yes,Yes,No,0,1
CUST-005797,45,81.66,3698.38,,3,Month-to-month,Fiber optic,Bank transfer,No,Yes,No,No,0,1
CUST-002716,31,66.1,2200.88,74.0,6,Month-to-month,Fiber optic,Credit card,Yes,Yes,Yes,No,0,0
CUST-003411,72,40.37,2676.96,49.0,0,Two year,DSL,Credit card,No internet service,Yes,No,No,1,0
CUST-005328,13,71.32,899.8,62.0,0,One year,Fiber optic,Electronic check,No internet service,Yes,Yes,No,1,1
CUST-004287,58,81.27,4867.25,75.0,1,One year,Fiber optic,Credit card,No,Yes,No,Yes,1,1
CUST-001051,26,44.85,1265.39,71.0,0,Two year,Fiber optic,Electronic check,No,Yes,Yes,No,0,0
CUST-002321,2,84.63,171.27,71.0,3,Two year,Fiber optic,Electronic check,No,Yes,No,No,0,0
CUST-004293,6,33.43,212.21,69.0,2,One year,Fiber optic,Bank transfer,Yes,Yes,Yes,Yes,0,0
CUST-003641,67,53.54,3611.93,51.0,0,Two year,No,Mailed check,Yes,Yes,No,No,0,0
CUST-001751,64,48.77,3695.99,62.0,0,Month-to-month,Fiber optic,Mailed check,No,Yes,Yes,No,0,0
CUST-002481,62,99.02,5942.92,65.0,2,Month-to-month,Fiber optic,Bank transfer,No,No,Yes,No,0,1
CUST-001772,26,79.38,2215.22,51.0,2,One year,No,Electronic check,Yes,Yes,No,No,0,0
CUST-001196,52,40.57,2131.79,25.0,1,One year,DSL,Bank transfer,No,Yes,No,Yes,0,0
CUST-001878,53,55.33,2968.93,22.0,1,Month-to-month,Fiber optic,Electronic check,No,Yes,No,No,0,0
CUST-002016,30,86.11,2756.08,36.0,1,Month-to-month,DSL,Credit card,No,No,No,No,1,0
CUST-002005,9,82.49,748.82,18.0,1,Two year,Fiber optic,Electronic check,No,No,No,No,1,0
CUST-004880,27,82.87,2206.3,76.0,0,One year,DSL,Bank transfer,No,Yes,No,No,0,0
CUST-001482,21,43.33,793.97,55.0,1,Two year,DSL,Electronic check,Yes,No,No,No,0,0
CUST-000328,10,37.7,376.03,52.0,2,Two year,Fiber optic,Mailed check,No internet service,No,Yes,No,0,0
CUST-000648,70,116.36,8633.01,75.0,1,Two year,Fiber optic,Mailed check,No,No,No,No,0,0
CUST-005090,64,52.67,3204.6,43.0,0,Two year,Fiber optic,Credit card,No,Yes,Yes,Yes,0,1
CUST-001123,17,86.65,1317.01,25.0,1,Month-to-month,DSL,Credit card,Yes,Yes,Yes,Yes,0,0
CUST-002795,66,93.68,6197.58,47.0,0,One year,Fiber optic,Bank transfer,No,Yes,No,Yes,0,0
CUST-002980,52,61.16,2799.42,20.0,0,Month-to-month,Fiber optic,Bank transfer,No,No,Yes,Yes,0,1
CUST-002477,12,84.43,1083.68,19.0,0,Two year,Fiber optic,Bank transfer,No,No,Yes,No,0,1
CUST-002862,60,74.8,4777.82,52.0,2,Two year,Fiber optic,Electronic check,No,Yes,Yes,No,0,0
CUST-002815,6,46.6,310.03,,2,Month-to-month,DSL,Mailed check,No,No,No,No,0,0
CUST-005037,40,66.89,2652.21,36.0,3,One year,DSL,Credit card,No,Yes,Yes,No,0,0
CUST-001259,58,79.41,4779.57,51.0,2,Month-to-month,No,Mailed check,No internet service,No,Yes,No,0,0
CUST-003215,19,15.0,294.39,34.0,0,Month-to-month,No,Bank transfer,No,Yes,No,No,0,1
CUST-003433,24,107.79,2553.8,42.0,0,Month-to-month,Fiber optic,Bank transfer,Yes,Yes,Yes,No,0,0
CUST-004219,11,95.23,1102.75,30.0,0,One year,No,Credit card,No,Yes,No,No,0,0
CUST-001519,33,31.39,1082.59,49.0,2,Two year,Fiber optic,Credit card,No,No,No,No,0,0
CUST-001378,36,65.95,2480.73,77.0,0,Two year,DSL,Bank transfer,No,No,No,No,0,0
CUST-004395,37,39.07,1577.33,29.0,3,Month-to-month,Fiber optic,Electronic check,No,No,No,No,0,0
CUST-001023,61,46.0,2884.42,68.0,0,One year,DSL,Electronic check,No,Yes,No,No,1,0
CUST-002895,39,55.22,1963.1,68.0,1,Month-to-month,No,Mailed check,No,Yes,No,No,0,0
CUST-004279,61,69.44,4318.38,22.0,3,Two year,Fiber optic,Bank transfer,Yes,Yes,No,No,1,0
CUST-003617,29,65.14,1864.21,40.0,0,Month-to-month,Fiber optic,Bank transfer,Yes,Yes,Yes,Yes,0,0
CUST-000912,27,15.0,,29.0,1,Month-to-month,Fiber optic,Bank transfer,No,No,No,No,0,1
CUST-004857,46,53.61,2231.51,37.0,1,Month-to-month,Fiber optic,Electronic check,No internet service,No,No,No,0,0
CUST-001675,71,36.5,2685.44,18.0,3,One year,Fiber optic,Bank transfer,No,No,Yes,No,0,0
CUST-001746,72,37.62,2854.49,52.0,0,One year,DSL,Credit card,Yes,Yes,No,No,0,0
CUST-003053,26,60.97,1640.31,30.0,2,Month-to-month,No,Credit card,No internet service,No,Yes,Yes,0,0
CUST-001736,36,45.32,1528.93,19.0,0,Month-to-month,Fiber optic,Mailed check,No,Yes,Yes,No,0,0
CUST-001629,9,72.96,674.05,45.0,3,Two year,Fiber optic,Credit card,No internet service,No,No,Yes,1,0
CUST-003827,40,87.09,3248.97,33.0,2,One year,DSL,Mailed check,Yes,No,No,No,0,1
CUST-000430,6,41.79,242.52,66.0,2,Month-to-month,Fiber optic,Bank transfer,No internet service,No,No,No,0,1
CUST-001808,6,62.2,373.44,77.0,0,Month-to-month,Fiber optic,Credit card,No,No,No,No,0,1
CUST-004722,68,51.26,3778.33,32.0,3,Two year,Fiber optic,Electronic check,No,Yes,Yes,No,1,0
CUST-002404,28,87.31,2414.29,47.0,1,Month-to-month,Fiber optic,Electronic check,Yes,Yes,Yes,No,0,1
CUST-003424,44,83.36,3683.76,33.0,2,Month-to-month,Fiber optic,Electronic check,Yes,No,No,No,0,1
CUST-004922,40,46.44,1770.14,66.0,0,Month-to-month,DSL,Mailed check,No,No,No,No,0,0
CUST-004198,69,68.7,4736.94,39.0,0,Month-to-month,Fiber optic,Mailed check,Yes,Yes,No,No,0,1
CUST-002222,1,43.11,36.09,28.0,4,One year,No,Mailed check,Yes,Yes,Yes,No,0,0
CUST-003624,60,59.09,4013.76,23.0,0,One year,DSL,Bank transfer,No,Yes,No,Yes,0,0
CUST-003270,12,60.17,741.14,30.0,0,Month-to-month,No,Mailed check,Yes,Yes,No,No,0,0
CUST-005370,57,72.86,4303.26,56.0,2,Month-to-month,Fiber optic,Credit card,No internet service,No,No,Yes,0,0
CUST-004017,11,107.75,1182.61,32.0,2,Two year,DSL,Electronic check,Yes,No,Yes,Yes,0,0
CUST-004602,22,76.33,1675.82,48.0,1,Two year,DSL,Mailed check,Yes,Yes,Yes,No,1,0
CUST-005343,32,40.18,1348.61,62.0,4,Month-to-month,DSL,Electronic check,No,Yes,Yes,No,0,0
CUST-001995,0,102.39,0.0,,1,Month-to-month,Fiber optic,Credit card,No,Yes,Yes,No,0,0
CUST-003200,67,28.24,1732.97,70.0,0,One year,DSL,Credit card,No internet service,Yes,No,Yes,0,0
CUST-002224,29,77.37,2187.46,24.0,4,Month-to-month,Fiber optic,Mailed check,Yes,Yes,No,No,0,1
CUST-001106,17,60.66,1012.2,33.0,0,Month-to-month,Fiber optic,Mailed check,No,Yes,No,No,0,1
CUST-004087,67,68.1,4899.85,49.0,1,Month-to-month,DSL,Electronic check,No internet service,No,Yes,No,1,0
CUST-000818,48,49.2,2270.19,19.0,0,Month-to-month,Fiber optic,Electronic check,No,Yes,No,No,1,1
CUST-004098,57,107.01,5819.2,37.0,1,Month-to-month,DSL,Credit card,Yes,Yes,No,No,0,0
CUST-004372,16,54.03,854.45,75.0,5,Month-to-month,DSL,Credit card,Yes,No,Yes,No,0,0
CUST-001697,10,21.0,191.17,40.0,0,One year,Fiber optic,Mailed check,Yes,No,Yes,No,0,0
CUST-005994,9,52.93,475.22,53.0,0,One year,No,Mailed check,Yes,Yes,No,Yes,0,0
CUST-000136,44,43.87,2064.44,61.0,2,One year,Fiber optic,Credit card,No,Yes,No,Yes,0,0
CUST-003260,31,59.48,1910.93,63.0,0,One year,DSL,Credit card,No,Yes,No,No,0,0
CUST-003879,3,66.25,189.3,61.0,3,Month-to-month,Fiber optic,Mailed check,No internet service,No,Yes,No,1,1
CUST-005335,5,56.45,293.86,46.0,1,One year,DSL,Mailed check,No internet service,Yes,No,Yes,0,0
CUST-001180,44,78.68,3392.92,18.0,1,Month-to-month,No,Electronic check,No internet service,No,Yes,No,0,0
CUST-003620,72,61.85,4152.28,18.0,1,Month-to-month,Fiber optic,Bank transfer,Yes,No,Yes,No,0,1
CUST-000888,1,95.8,92.77,73.0,2,Two year,Fiber optic,Electronic check,Yes,No,No,No,1,0
CUST-003158,48,32.77,1566.53,73.0,3,Two year,DSL,Bank transfer,No,Yes,Yes,No,0,0
CUST-002574,56,34.37,1875.76,69.0,3,Month-to-month,Fiber optic,Mailed check,No,No,Yes,No,0,1
CUST-004291,67,45.32,2847.4,32.0,1,Month-to-month,Fiber optic,Electronic check,No internet service,Yes,No,No,0,1
CUST-000817,7,57.95,387.3,57.0,3,Month-to-month,Fiber optic,Credit card,No,No,Yes,No,0,0
CUST-001111,16,40.93,597.18,31.0,1,Month-to-month,DSL,Electronic check,No,No,No,No,0,0
CUST-003434,17,39.89,658.26,46.0,2,Month-to-month,DSL,Electronic check,No,No,Yes,Yes,0,1
CUST-002341,28,48.47,1446.79,62.0,0,Two year,DSL,Electronic check,No,No,No,Yes,1,0
CUST-004440,23,43.1,993.37,47.0,3,Two year,No,Electronic check,No,No,No,Yes,0,0
CUST-003782,7,36.34,259.23,33.0,2,Month-to-month,DSL,Electronic check,Yes,No,Yes,Yes,0,1
CUST-001264,17,24.02,435.19,43.0,1,Month-to-month,Fiber optic,Credit card,No internet service,No,Yes,No,0,0
CUST-000990,25,81.65,1993.61,67.0,0,One year,Fiber optic,Electronic check,No,Yes,Yes,No,0,1
CUST-003256,12,59.25,715.49,29.0,3,Month-to-month,Fiber optic,Bank transfer,No,Yes,Yes,No,0,0
CUST-001739,14,78.96,1072.59,28.0,0,Two year,Fiber optic,Credit card,Yes,No,No,No,0,0
CUST-003785,40,17.2,627.25,50.0,2,Two year,DSL,Credit card,No,Yes,No,Yes,0,0
CUST-000353,31,31.03,873.09,63.0,3,Two year,Fiber optic,Credit card,No internet service,No,No,No,0,0
CUST-004587,22,15.0,352.72,32.0,2,Month-to-month,No,Credit card,Yes,No,No,Yes,0,0
CUST-004400,27,114.32,2928.26,34.0,3,One year,DSL,Bank transfer,No,No,Yes,No,0,0
CUST-004221,37,110.04,3710.7,47.0,1,One year,Fiber optic,Electronic check,No,No,Yes,Yes,0,1
CUST-001489,37,29.46,1239.81,20.0,2,One year,Fiber optic,Electronic check,No,Yes,Yes,No,0,0
CUST-003950,27,55.54,1556.57,77.0,2,Month-to-month,Fiber optic,Electronic check,No,Yes,No,No,0,0
CUST-001228,11,31.8,360.96,71.0,1,Month-to-month,Fiber optic,Electronic check,No,No,No,No,0,0
CUST-004739,38,90.9,3329.86,25.0,1,One year,DSL,Credit card,Yes,No,No,No,0,0
CUST-003515,70,53.66,3793.54,37.0,0,Two year,DSL,Bank transfer,Yes,Yes,No,No,1,0
CUST-005703,31,70.42,2243.55,67.0,0,One year,DSL,Electronic check,Yes,No,No,Yes,1,0
CUST-000052,26,53.82,1494.9,35.0,1,Month-to-month,DSL,Credit card,No,Yes,Yes,No,0,0
CUST-003143,41,116.39,4368.56,36.0,1,One year,Fiber optic,Bank transfer,Yes,No,Yes,No,0,0
CUST-004561,30,37.87,1176.27,22.0,0,One year,DSL,Electronic check,Yes,Yes,No,No,0,0
CUST-005568,22,70.24,1388.69,51.0,0,Month-to-month,No,Bank transfer,No,No,No,Yes,0,0
CUST-004845,55,63.38,3542.0,46.0,0,Month-to-month,Fiber optic,Mailed check,No internet service,Yes,No,No,0,1
CUST-001589,2,61.55,110.08,65.0,2,Two year,No,Mailed check,Yes,Yes,Yes,No,0,0
CUST-001479,30,83.66,2503.5,39.0,2,Month-to-month,DSL,Bank transfer,No internet service,Yes,Yes,No,1,0
CUST-001469,4,47.86,,28.0,2,One year,Fiber optic,Bank transfer,No,Yes,Yes,No,1,0
CUST-005156,67,54.94,3688.06,52.0,0,One year,Fiber optic,Electronic check,Yes,Yes,No,Yes,0,0
CUST-002542,69,38.47,2521.49,55.0,0,Month-to-month,Fiber optic,Credit card,No internet service,Yes,Yes,No,0,1
CUST-002078,18,33.23,651.16,35.0,1,Month-to-month,No,Credit card,No,Yes,No,Yes,1,1
CUST-004767,0,52.23,0.0,62.0,5,Month-to-month,DSL,Electronic check,No,No,No,No,0,0
CUST-005936,11,52.18,567.63,60.0,2,Month-to-month,DSL,Credit card,No,No,No,No,0,0
CUST-005437,0,76.29,0.0,69.0,0,Month-to-month,DSL,Credit card,No internet service,Yes,Yes,No,0,1
CUST-000436,41,68.12,2791.87,19.0,3,One year,No,Electronic check,No,Yes,No,No,1,0
CUST-002905,63,64.13,3944.99,32.0,0,Month-to-month,Fiber optic,Bank transfer,Yes,Yes,No,No,0,0
CUST-004666,22,88.13,1758.88,78.0,0,One year,Fiber optic,Bank transfer,Yes,Yes,No,Yes,0,0
CUST-001588,62,72.96,4303.0,62.0,2,One year,Fiber optic,Bank transfer,Yes,No,No,No,0,0
CUST-004431,6,63.98,368.12,24.0,0,Month-to-month,Fiber optic,Credit card,No,Yes,No,No,0,0
CUST-001590,53,66.87,3270.3,41.0,1,Month-to-month,DSL,Electronic check,No,No,No,No,0,1
CUST-005792,28,82.56,2332.69,39.0,0,Two year,Fiber optic,Bank transfer,No,No,Yes,Yes,0,0
CUST-000973,34,25.13,876.16,66.0,2,Month-to-month,Fiber optic,Mailed check,No,No,No,No,0,1
CUST-001238,21,80.18,1633.66,75.0,1,Two year,DSL,Mailed check,No,No,No,No,0,0
CUST-002342,39,18.85,681.29,22.0,2,Month-to-month,Fiber optic,Electronic check,No internet service,No,No,No,0,0
CUST-005780,14,67.27,989.74,39.0,1,Month-to-month,Fiber optic,Mailed check,No internet service,Yes,No,Yes,0,1
CUST-003973,18,39.35,648.24,32.0,2,Month-to-month,DSL,Bank transfer,No,Yes,Yes,Yes,0,0
CUST-005136,33,99.47,3210.63,79.0,1,Month-to-month,Fiber optic,Electronic check,Yes,No,No,No,1,0
CUST-002231,5,42.37,208.98,74.0,1,Month-to-month,Fiber optic,Bank transfer,Yes,No,No,No,0,1
CUST-002536,23,88.11,2265.8,28.0,0,Month-to-month,No,Bank transfer,No,Yes,No,No,0,1
CUST-001497,56,63.67,3580.73,18.0,0,Month-to-month,Fiber optic,Electronic check,Yes,No,Yes,No,1,1
CUST-000449,20,111.96,2215.27,65.0,2,Month-to-month,DSL,Credit card,No internet service,Yes,No,No,1,1
CUST-002369,12,89.71,1124.16,40.0,2,Month-to-month,DSL,Mailed check,Yes,Yes,Yes,No,1,0
CUST-003386,56,89.42,4988.1,24.0,2,Month-to-month,DSL,Electronic check,No,No,No,Yes,0,1
CUST-002422,7,86.7,635.89,51.0,0,Two year,Fiber optic,Mailed check,No internet service,Yes,No,No,0,0
CUST-005406,53,102.58,5578.37,39.0,5,Two year,No,Credit card,Yes,Yes,Yes,No,0,0
CUST-003400,59,20.41,1283.4,18.0,2,Month-to-month,Fiber optic,Credit card,Yes,No,Yes,No,0,0
CUST-001551,62,66.48,4228.46,73.0,1,Month-to-month,Fiber optic,Electronic check,No internet service,Yes,No,No,1,1
CUST-005337,41,77.02,2930.76,75.0,2,One year,Fiber optic,Electronic check,No internet service,No,Yes,No,0,0
CUST-001146,38,52.25,2220.15,57.0,0,One year,Fiber optic,Electronic check,Yes,Yes,No,Yes,0,0
CUST-003759,40,34.2,1446.22,65.0,1,Month-to-month,Fiber optic,Electronic check,No,Yes,Yes,Yes,0,1
CUST-002092,58,15.0,951.51,25.0,2,Two year,Fiber optic,Electronic check,No internet service,No,No,No,0,0
CUST-001313,62,70.38,4255.84,21.0,0,Month-to-month,No,Mailed check,Yes,No,No,No,0,1
CUST-002015,23,64.37,1444.07,73.0,2,Two year,Fiber optic,Electronic check,Yes,No,No,No,1,0
CUST-003289,13,65.51,892.34,19.0,1,Month-to-month,No,Credit card,No,No,No,No,0,0
CUST-002746,16,86.24,1383.33,39.0,0,Month-to-month,Fiber optic,Credit card,Yes,No,Yes,No,0,1
CUST-004765,10,52.66,,22.0,2,Month-to-month,Fiber optic,Bank transfer,No,Yes,Yes,No,0,1
CUST-001381,20,64.28,1162.8,70.0,1,Month-to-month,No,Credit card,No internet service,Yes,No,Yes,0,1
CUST-003269,71,68.63,5003.39,64.0,1,Month-to-month,No,Electronic check,No,No,Yes,No,0,0
CUST-000413,9,71.42,646.86,66.0,2,One year,Fiber optic,Electronic check,No,No,Yes,No,1,1
CUST-000941,29,33.03,936.38,21.0,1,One year,No,Mailed check,No,No,Yes,No,0,0
CUST-000801,22,66.77,1476.54,55.0,2,Month-to-month,DSL,Bank transfer,Yes,Yes,No,Yes,0,0
CUST-002521,3,46.87,142.0,31.0,3,Month-to-month,DSL,Bank transfer,No,No,Yes,No,1,1
CUST-005875,6,73.77,418.66,72.0,0,Two year,Fiber optic,Credit card,No internet service,Yes,Yes,No,0,0
CUST-000256,49,30.95,1460.43,75.0,0,Two year,No,Bank transfer,No internet service,Yes,No,No,0,0
CUST-005910,14,85.06,1171.34,46.0,1,Two year,Fiber optic,Bank transfer,No internet service,No,Yes,Yes,0,0
CUST-002235,57,90.41,4701.8,77.0,1,Month-to-month,Fiber optic,Bank transfer,Yes,No,Yes,Yes,0,1
CUST-000647,39,81.13,3342.34,56.0,2,Two year,DSL,Mailed check,No,No,No,Yes,0,0
CUST-001767,34,84.82,3055.46,28.0,2,Month-to-month,DSL,Electronic check,No,Yes,Yes,No,0,0
CUST-004119,3,78.06,235.31,29.0,2,Month-to-month,Fiber optic,Bank transfer,No,Yes,No,Yes,0,1
CUST-005603,35,73.14,2491.73,57.0,1,Month-to-month,Fiber optic,Bank transfer,No,Yes,Yes,No,0,0
CUST-003002,67,35.97,2472.33,29.0,1,Month-to-month,Fiber optic,Credit card,Yes,Yes,No,No,0,1
CUST-002647,57,74.69,4096.02,30.0,3,Month-to-month,Fiber optic,Credit card,Yes,No,No,Yes,0,0
CUST-000024,57,67.84,3856.79,64.0,0,Month-to-month,DSL,Bank transfer,No internet service,Yes,No,No,0,0
CUST-001088,47,74.05,3271.29,48.0,2,Two year,No,Mailed check,No,Yes,No,No,0,0
CUST-004864,64,42.54,2689.01,60.0,1,Month-to-month,Fiber optic,Mailed check,No,No,Yes,No,0,1
CUST-004819,68,15.0,1063.54,24.0,0,Month-to-month,Fiber optic,Electronic check,Yes,Yes,Yes,Yes,0,0
CUST-000112,40,55.66,2159.68,47.0,1,Two year,Fiber optic,Bank transfer,Yes,Yes,No,No,0,1
CUST-002311,4,91.37,367.59,79.0,1,One year,Fiber optic,Electronic check,No,Yes,Yes,No,0,0
CUST-002788,0,84.93,0.0,22.0,1,Two year,Fiber optic,Bank transfer,No internet service,Yes,No,No,0,0
CUST-000056,39,99.59,,43.0,0,One year,Fiber optic,Credit card,No,No,No,Yes,1,0
CUST-001309,62,38.79,2475.5,21.0,1,One year,DSL,Mailed check,No internet service,Yes,Yes,Yes,0,0
CUST-000695,18,95.67,1669.82,76.0,1,Month-to-month,No,Credit card,No,Yes,No,No,0,0
CUST-004900,25,78.82,1957.0,57.0,2,Month-to-month,Fiber optic,Credit card,Yes,Yes,Yes,No,0,1
CUST-001227,71,31.71,2277.61,50.0,0,Two year,Fiber optic,Credit card,Yes,No,No,Yes,0,0
CUST-001999,20,108.29,2104.99,26.0,0,Two year,Fiber optic,Mailed check,No,Yes,No,No,0,0
CUST-000276,34,51.29,1672.35,45.0,0,Month-to-month,DSL,Mailed check,No,No,Yes,Yes,0,1
CUST-002680,8,101.27,788.6,68.0,2,Month-to-month,DSL,Electronic check,Yes,Yes,Yes,No,0,1
CUST-005095,12,70.37,913.8,64.0,1,One year,Fiber optic,Mailed check,No internet service,No,No,No,0,0
CUST-001833,5,40.27,204.36,72.0,1,One year,Fiber optic,Credit card,No,No,No,Yes,0,1
CUST-000682,70,86.54,6390.68,,3,Month-to-month,DSL,Mailed check,No,Yes,No,No,1,0
CUST-003159,63,56.62,3475.0,28.0,2,Month-to-month,No,Mailed check,No internet service,Yes,No,No,0,0
CUST-004348,55,53.81,2881.2,,1,Month-to-month,DSL,Mailed check,Yes,No,Yes,No,0,0
CUST-002885,11,75.96,898.65,55.0,2,One year,DSL,Electronic check,Yes,No,No,No,0,0
CUST-001137,26,59.51,1634.11,71.0,1,Two year,DSL,Electronic check,No,No,Yes,No,0,0
CUST-005545,64,32.82,,67.0,2,Two year,No,Bank transfer,No,Yes,No,No,0,0
CUST-004196,40,51.55,2090.88,54.0,0,Two year,Fiber optic,Electronic check,Yes,No,Yes,No,0,0
CUST-004180,47,69.65,3107.69,51.0,3,Month-to-month,Fiber optic,Bank transfer,No,No,Yes,Yes,0,1
CUST-005681,57,67.39,3990.19,29.0,1,Two year,No,Electronic check,No,No,No,No,0,0
CUST-005510,29,71.59,2187.93,68.0,2,Month-to-month,DSL,Mailed check,No,Yes,No,No,0,0
CUST-001346,62,41.04,2456.08,66.0,0,One year,Fiber optic,Electronic check,No,No,No,Yes,0,0
CUST-002569,67,37.73,2512.16,44.0,1,Month-to-month,DSL,Electronic check,Yes,Yes,No,Yes,0,1
CUST-005477,51,84.74,4482.07,54.0,0,Month-to-month,Fiber optic,Mailed check,No,Yes,No,Yes,1,1
CUST-002820,39,93.71,3510.2,27.0,0,Month-to-month,Fiber optic,Electronic check,Yes,Yes,No,No,0,0
CUST-002384,13,98.25,1386.75,50.0,3,Month-to-month,DSL,Credit card,No internet service,Yes,No,No,0,1
CUST-003948,70,59.23,,20.0,0,Month-to-month,DSL,Electronic check,No internet service,No,No,Yes,1,1
CUST-004190,31,73.79,2119.77,58.0,1,Two year,Fiber optic,Mailed check,No,Yes,No,No,1,0
CUST-003275,67,90.65,5978.19,56.0,3,Two year,DSL,Electronic check,Yes,No,Yes,Yes,0,0
CUST-003632,2,79.78,175.08,39.0,1,Month-to-month,DSL,Mailed check,No internet service,Yes,Yes,No,0,0
CUST-003276,5,49.47,245.0,55.0,2,Month-to-month,No,Mailed check,Yes,Yes,Yes,No,0,0
CUST-003497,34,42.39,1481.13,71.0,1,Two year,DSL,Electronic check,Yes,Yes,No,No,1,0
CUST-003049,51,59.84,2934.88,29.0,1,One year,Fiber optic,Bank transfer,Yes,Yes,No,No,0,0
CUST-005004,56,73.62,4019.61,40.0,1,One year,Fiber optic,Credit card,Yes,Yes,Yes,No,0,0
CUST-004942,61,82.81,5103.51,47.0,1,One year,DSL,Electronic check,No,No,No,No,0,0
CUST-000081,31,89.68,2846.46,64.0,0,One year,No,Mailed check,No,Yes,Yes,No,0,0
CUST-001972,49,96.01,4820.01,74.0,1,Month-to-month,Fiber optic,Electronic check,Yes,No,No,No,0,1
CUST-001714,47,45.87,2192.58,31.0,3,One year,Fiber optic,Electronic check,No,No,No,No,1,1
CUST-004003,32,46.85,1387.72,60.0,1,Month-to-month,No,Mailed check,Yes,Yes,No,Yes,0,1
CUST-002943,13,52.45,609.88,41.0,2,Two year,DSL,Electronic check,No,Yes,Yes,No,0,0
CUST-005179,29,52.11,1381.3,25.0,1,Month-to-month,Fiber optic,Electronic check,No internet service,Yes,Yes,Yes,0,0
CUST-001946,11,37.53,365.27,26.0,3,Two year,Fiber optic,Credit card,Yes,Yes,Yes,No,1,0
CUST-003339,63,78.42,5155.0,61.0,1,Month-to-month,No,Mailed check,No,Yes,No,Yes,0,0
CUST-003102,1,49.1,49.66,56.0,1,Two year,Fiber optic,Bank transfer,No,Yes,Yes,Yes,0,0
CUST-004217,24,53.89,1328.27,32.0,2,One year,Fiber optic,Credit card,Yes,Yes,No,No,1,0
CUST-001610,56,40.83,2538.29,30.0,1,One year,DSL,Credit card,Yes,No,Yes,Yes,0,0
CUST-003262,54,61.53,3459.8,22.0,2,Month-to-month,DSL,Bank transfer,No,Yes,No,No,0,0
CUST-005707,23,87.01,2107.07,43.0,6,Month-to-month,DSL,Credit card,Yes,Yes,Yes,No,0,1
CUST-005203,48,38.76,1966.45,73.0,1,Two year,Fiber optic,Credit card,Yes,No,No,No,0,0
CUST-005887,12,83.7,986.44,27.0,0,Month-to-month,Fiber optic,Credit card,No,No,Yes,No,0,0
CUST-004641,2,64.65,134.8,72.0,5,Two year,Fiber optic,Credit card,No,No,No,No,0,0
CUST-000665,50,20.63,1042.16,51.0,2,One year,DSL,Mailed check,No internet service,Yes,No,Yes,0,0
CUST-002194,47,99.33,4743.06,40.0,0,One year,No,Credit card,Yes,Yes,No,No,1,0
CUST-003752,70,21.95,1615.56,53.0,2,Two year,DSL,Mailed check,No,No,Yes,Yes,0,0
CUST-005884,9,33.67,310.16,26.0,1,Two year,Fiber optic,Mailed check,No,Yes,No,No,0,1
CUST-001017,36,46.83,,28.0,2,Month-to-month,Fiber optic,Mailed check,No,Yes,No,Yes,0,1
CUST-000557,63,34.69,2205.09,53.0,1,Two year,DSL,Mailed check,Yes,Yes,No,No,0,0
CUST-004305,56,110.94,6385.67,63.0,1,Month-to-month,No,Mailed check,Yes,Yes,Yes,No,0,0
CUST-005361,58,80.16,4515.14,61.0,0,Month-to-month,Fiber optic,Electronic check,No internet service,Yes,No,No,1,0
CUST-001207,52,61.35,3073.72,73.0,1,Month-to-month,No,Electronic check,No,No,Yes,No,0,1
CUST-005978,15,26.32,349.16,23.0,1,Two year,DSL,Electronic check,No internet service,No,No,No,0,0
CUST-003044,13,50.89,645.37,51.0,1,Month-to-month,DSL,Electronic check,No,Yes,No,No,0,1
CUST-001510,24,39.49,936.02,38.0,1,Month-to-month,Fiber optic,Mailed check,Yes,No,Yes,Yes,0,1
CUST-004963,17,31.95,537.77,36.0,1,Month-to-month,DSL,Bank transfer,No,Yes,Yes,No,0,0
CUST-003710,26,38.9,1076.93,28.0,0,Month-to-month,Fiber optic,Bank transfer,No internet service,Yes,Yes,No,1,0
CUST-004091,3,66.05,219.77,39.0,0,Month-to-month,DSL,Bank transfer,Yes,No,Yes,Yes,1,0
CUST-004095,39,58.44,2244.76,25.0,4,One year,DSL,Electronic check,No,Yes,Yes,No,0,0
CUST-000266,32,54.54,1798.52,29.0,1,Two year,Fiber optic,Credit card,Yes,Yes,No,No,0,0
CUST-002707,22,54.71,1194.2,61.0,3,One year,No,Mailed check,No,No,Yes,No,1,0
CUST-003370,72,38.01,2984.41,75.0,0,Month-to-month,No,Bank transfer,No,Yes,Yes,No,0,1
CUST-002111,49,15.0,691.45,68.0,2,Two year,Fiber optic,Bank transfer,Yes,No,No,No,0,0
CUST-002963,4,79.4,331.77,60.0,0,Two year,DSL,Electronic check,Yes,Yes,Yes,No,0,0
CUST-001909,68,26.6,1837.97,26.0,2,Month-to-month,DSL,Credit card,No,Yes,Yes,No,0,0
CUST-003125,64,59.15,3779.63,78.0,1,Month-to-month,No,Electronic check,No,No,No,Yes,0,1
CUST-003927,11,64.73,731.75,45.0,1,One year,Fiber optic,Electronic check,Yes,No,Yes,Yes,1,1
CUST-003975,50,66.32,3353.34,35.0,3,Month-to-month,Fiber optic,Electronic check,No,Yes,No,No,0,0
CUST-004250,30,71.31,2041.01,42.0,0,Month-to-month,DSL,Electronic check,No,No,No,No,0,0
CUST-003592,71,92.48,6315.15,24.0,1,Two year,Fiber optic,Electronic check,No,Yes,Yes,Yes,0,0
CUST-005132,34,49.16,1654.07,23.0,2,Month-to-month,Fiber optic,Electronic check,Yes,No,Yes,No,0,0
CUST-004011,64,68.41,4443.43,60.0,1,Two year,No,Mailed check,No,No,No,Yes,0,0
CUST-001784,53,56.05,3078.44,39.0,0,Month-to-month,No,Electronic check,No internet service,Yes,No,No,0,1
CUST-001237,9,91.54,817.46,63.0,3,Month-to-month,DSL,Mailed check,Yes,Yes,No,No,0,0
CUST-005007,60,62.76,3829.48,39.0,2,Two year,No,Electronic check,Yes,Yes,No,Yes,1,1
CUST-003024,27,84.51,2329.6,71.0,1,One year,Fiber optic,Electronic check,No,No,Yes,No,0,1
CUST-003892,31,94.3,2661.49,59.0,1,Month-to-month,DSL,Electronic check,No,Yes,Yes,No,0,0
CUST-004881,72,49.27,3778.56,71.0,2,Two year,Fiber optic,Electronic check,No,Yes,Yes,No,0,0
CUST-005945,9,53.34,500.99,41.0,1,Two year,No,Credit card,No internet service,Yes,Yes,Yes,0,0
CUST-002186,22,81.35,1859.54,22.0,1,Month-to-month,Fiber optic,Bank transfer,No,Yes,No,No,0,0
CUST-003469,63,65.6,4242.63,38.0,2,Two year,No,Electronic check,Yes,Yes,No,Yes,0,0
CUST-000908,27,62.8,1714.81,60.0,1,Month-to-month,Fiber optic,Credit card,Yes,No,Yes,No,0,1
CUST-003891,67,71.83,4777.19,54.0,2,Month-to-month,DSL,Electronic check,,No,No,No,1,1
CUST-001303,65,70.11,4592.2,55.0,1,One year,No,Bank transfer,No,Yes,Yes,No,0,0
CUST-005621,3,98.94,277.05,70.0,1,Two year,No,Credit card,No,Yes,No,No,0,0
CUST-001627,42,81.1,3521.09,26.0,1,Month-to-month,No,Credit card,Yes,Yes,Yes,No,0,0
CUST-001522,13,126.73,1630.57,18.0,0,One year,DSL,Mailed check,Yes,Yes,No,No,0,0
CUST-000835,56,88.19,5099.07,26.0,3,Month-to-month,Fiber optic,Electronic check,No internet service,No,Yes,Yes,0,1
CUST-000358,6,71.93,442.13,38.0,0,Two year,DSL,Electronic check,Yes,Yes,Yes,No,0,0
CUST-000138,25,70.19,1740.93,44.0,0,Two year,No,Bank transfer,Yes,Yes,Yes,Yes,0,0
CUST-000299,1,38.12,39.46,23.0,0,Month-to-month,Fiber optic,Credit card,Yes,No,Yes,No,0,0
CUST-001556,65,56.99,4059.05,52.0,2,Month-to-month,Fiber optic,Bank transfer,No,Yes,No,No,0,0
CUST-001003,64,94.99,6636.06,48.0,3,Two year,No,Bank transfer,No,No,No,No,0,0
CUST-000382,69,86.58,5761.43,28.0,2,Two year,DSL,Credit card,No internet service,No,Yes,No,0,0
CUST-002812,14,86.71,1244.19,59.0,0,Month-to-month,Fiber optic,Credit card,Yes,Yes,No,Yes,1,1
CUST-000761,40,97.07,,23.0,1,Month-to-month,DSL,Electronic check,No,Yes,No,No,0,0
CUST-003652,29,55.86,1527.75,19.0,0,One year,DSL,Electronic check,No,No,Yes,Yes,0,0
CUST-004288,55,63.36,3412.57,74.0,1,Month-to-month,No,Mailed check,No,No,Yes,No,0,0
CUST-004366,12,66.78,812.46,48.0,0,Month-to-month,DSL,Electronic check,Yes,No,No,Yes,0,0
CUST-004863,52,50.57,2731.77,22.0,0,Month-to-month,DSL,Electronic check,No,No,Yes,Yes,0,0
CUST-004320,48,62.47,2876.2,28.0,2,Month-to-month,Fiber optic,Electronic check,No,Yes,No,Yes,0,0
CUST-001402,21,43.63,842.7,53.0,1,Month-to-month,Fiber optic,Electronic check,No,Yes,No,No,1,1
CUST-002922,9,58.13,511.06,59.0,2,Month-to-month,DSL,Credit card,No internet service,Yes,No,No,0,0
CUST-005163,61,59.66,3373.77,21.0,2,One year,DSL,Bank transfer,No,Yes,No,No,0,0
CUST-001932,60,67.16,3932.86,39.0,1,Month-to-month,No,Electronic check,No,No,No,Yes,0,1
CUST-004031,38,101.44,3898.4,34.0,0,One year,DSL,Bank transfer,Yes,Yes,Yes,No,0,0
CUST-002916,45,64.08,2973.87,38.0,3,Month-to-month,No,Mailed check,Yes,Yes,Yes,No,0,0
CUST-004793,18,59.56,1064.31,70.0,2,Month-to-month,No,Bank transfer,No,Yes,No,No,0,1
CUST-005138,5,82.71,384.57,56.0,0,Month-to-month,DSL,Credit card,No,Yes,No,No,1,0
CUST-002846,62,50.02,2903.89,62.0,1,Month-to-month,No,Electronic check,No internet service,Yes,No,Yes,0,1
CUST-004713,35,15.0,499.17,50.0,1,Two year,Fiber optic,Bank transfer,No,Yes,No,No,0,0
CUST-004110,0,115.46,0.0,33.0,2,Month-to-month,No,Credit card,No,No,Yes,No,0,0
CUST-000058,54,105.69,5953.37,34.0,1,Month-to-month,Fiber optic,Mailed check,Yes,Yes,Yes,No,0,1
CUST-000076,24,83.49,2096.19,56.0,2,Two year,Fiber optic,Credit card,Yes,No,Yes,No,0,0
CUST-000796,70,71.18,5406.29,35.0,3,One year,Fiber optic,Electronic check,No,No,No,Yes,0,1
CUST-002416,45,64.25,3056.02,34.0,1,Month-to-month,Fiber optic,Mailed check,Yes,Yes,Yes,No,1,0
CUST-004955,14,30.43,398.48,39.0,2,Month-to-month,Fiber optic,Mailed check,No,No,Yes,Yes,0,0
CUST-004401,8,61.08,456.12,61.0,1,Month-to-month,DSL,Credit card,,No,No,No,0,1
CUST-000785,42,76.38,3400.73,71.0,4,Month-to-month,DSL,Electronic check,Yes,Yes,No,No,0,0
CUST-002917,69,90.23,6308.55,72.0,3,Month-to-month,Fiber optic,Bank transfer,No,Yes,Yes,Yes,0,0
CUST-005282,60,75.21,4666.34,39.0,3,One year,Fiber optic,Electronic check,No,Yes,No,No,1,1
CUST-002217,72,105.68,7549.13,74.0,2,Month-to-month,DSL,Electronic check,Yes,Yes,No,No,0,1
CUST-002802,72,18.54,1338.31,68.0,1,One year,Fiber optic,Bank transfer,Yes,Yes,No,Yes,0,0
CUST-002654,62,84.58,5448.35,40.0,2,One year,Fiber optic,Electronic check,Yes,No,Yes,Yes,0,0
CUST-004032,19,72.51,1318.94,65.0,2,One year,Fiber optic,Bank transfer,No,Yes,Yes,No,0,1
CUST-002764,14,55.07,748.2,62.0,2,Two year,DSL,Mailed check,No,No,No,No,0,0
CUST-005503,52,83.73,4188.9,28.0,1,One year,Fiber optic,Bank transfer,No internet service,No,Yes,No,1,0
CUST-004644,1,64.44,65.53,72.0,2,One year,No,Bank transfer,No internet service,No,No,Yes,0,0
CUST-000910,56,111.26,6563.66,52.0,1,One year,Fiber optic,Mailed check,Yes,No,Yes,No,1,0
CUST-002172,72,44.59,3177.21,46.0,1,Month-to-month,DSL,Credit card,Yes,Yes,No,No,0,0
CUST-003540,53,39.91,2245.36,75.0,1,Two year,DSL,Mailed check,No,Yes,No,Yes,0,0
CUST-002309,38,84.72,3080.13,54.0,1,Month-to-month,DSL,Bank transfer,Yes,Yes,No,No,0,0
CUST-005639,67,15.81,1142.07,33.0,0,One year,Fiber optic,Credit card,No,Yes,Yes,No,1,0
CUST-001257,40,90.08,3756.11,62.0,1,Two year,No,Electronic check,No internet service,Yes,Yes,No,0,0
CUST-002495,14,90.16,1256.64,75.0,1,Month-to-month,DSL,Electronic check,No,No,Yes,No,0,1
CUST-004535,37,68.72,2494.88,22.0,1,Month-to-month,DSL,Bank transfer,No internet service,Yes,Yes,Yes,0,0
CUST-005169,0,34.79,0.0,61.0,1,Month-to-month,No,Electronic check,No internet service,Yes,No,No,0,0
CUST-001178,18,78.96,1365.97,42.0,2,Two year,Fiber optic,Bank transfer,No,Yes,No,No,0,0
CUST-004528,32,61.14,1732.92,37.0,0,Month-to-month,DSL,Bank transfer,Yes,No,No,Yes,0,1
CUST-004914,56,74.89,4501.38,78.0,1,Two year,Fiber optic,Electronic check,No,Yes,Yes,No,0,1
CUST-000442,9,49.79,488.06,20.0,2,Month-to-month,No,Electronic check,No,Yes,No,Yes,1,0
CUST-004092,26,102.29,2925.3,18.0,0,Two year,No,Electronic check,Yes,No,No,No,0,0
CUST-003774,31,56.41,1853.46,44.0,2,One year,DSL,Mailed check,Yes,No,No,Yes,0,0
CUST-003318,18,82.96,1447.4,27.0,4,One year,Fiber optic,Bank transfer,No,No,No,No,0,0
CUST-005741,45,62.04,2682.45,42.0,4,Two year,Fiber optic,Mailed check,No internet service,No,No,Yes,0,0
CUST-001054,5,76.0,413.55,32.0,0,Month-to-month,DSL,Credit card,No,Yes,Yes,Yes,0,1
CUST-002688,46,69.74,3016.01,35.0,0,Month-to-month,DSL,Credit card,No,Yes,Yes,No,0,0
CUST-004986,70,121.74,8344.99,41.0,1,Two year,DSL,Credit card,No,Yes,No,No,0,0
CUST-003218,71,44.96,3369.11,52.0,0,One year,DSL,Mailed check,No,Yes,Yes,No,0,0
CUST-001415,57,75.18,,61.0,0,One year,DSL,Bank transfer,Yes,No,Yes,No,0,0
CUST-002372,4,110.1,472.84,65.0,2,Month-to-month,DSL,Electronic check,No,Yes,No,No,1,1
CUST-004251,28,70.11,1883.59,29.0,1,Month-to-month,DSL,Bank transfer,Yes,Yes,No,No,0,1
CUST-004387,4,15.0,60.79,47.0,1,Two year,No,Bank transfer,No internet service,Yes,No,Yes,0,0
CUST-002801,32,56.6,1754.54,33.0,3,Month-to-month,Fiber optic,Electronic check,No,Yes,No,No,0,1
CUST-003685,11,92.6,1036.49,25.0,0,Month-to-month,DSL,Electronic check,No,Yes,Yes,No,0,1
CUST-004216,35,75.87,2944.41,38.0,1,Month-to-month,No,Electronic check,No,Yes,Yes,No,1,0
CUST-001502,16,86.2,,75.0,1,Month-to-month,Fiber optic,Electronic check,Yes,Yes,Yes,No,0,1
CUST-003135,1,36.17,36.54,44.0,0,Month-to-month,DSL,Mailed check,Yes,Yes,No,Yes,0,0
CUST-003867,59,53.07,3276.96,50.0,3,One year,DSL,Electronic check,No,Yes,Yes,Yes,0,0
CUST-002011,28,60.97,1749.7,59.0,1,Month-to-month,DSL,Bank transfer,Yes,No,No,Yes,1,1
CUST-004560,35,18.8,661.45,67.0,0,Month-to-month,DSL,Mailed check,Yes,No,Yes,Yes,0,0
CUST-003615,32,15.0,461.42,76.0,0,Month-to-month,No,Credit card,No,Yes,No,No,0,0
CUST-005181,56,83.18,,69.0,2,Month-to-month,DSL,Electronic check,No,No,No,Yes,0,0
CUST-004852,7,118.76,866.5,31.0,1,Two year,DSL,Electronic check,No,Yes,Yes,No,0,1
CUST-004546,43,50.65,2218.58,57.0,0,Two year,Fiber optic,Credit card,No internet service,No,No,No,0,0
CUST-005349,42,55.65,2349.68,20.0,2,Month-to-month,DSL,Electronic check,No,No,No,Yes,0,0
CUST-000006,6,46.23,278.76,34.0,1,One year,No,Electronic check,No internet service,Yes,No,No,1,0
CUST-002487,4,88.57,384.25,55.0,1,Month-to-month,DSL,Credit card,,Yes,Yes,No,0,1
CUST-000678,38,45.86,1713.0,25.0,0,Month-to-month,Fiber optic,Bank transfer,No internet service,Yes,No,Yes,1,1
CUST-001943,2,88.42,185.16,45.0,2,Month-to-month,DSL,Bank transfer,No,Yes,Yes,No,1,0
CUST-003739,60,35.41,2182.09,35.0,2,Two year,DSL,Electronic check,No,Yes,Yes,No,0,0
CUST-005540,20,102.56,2066.08,39.0,3,One year,DSL,Bank transfer,Yes,No,Yes,No,0,1
CUST-003349,57,80.56,5060.13,34.0,1,Month-to-month,No,Electronic check,No internet service,Yes,Yes,Yes,0,1
CUST-004618,46,82.12,4130.36,38.0,2,Two year,Fiber optic,Mailed check,No,No,No,No,0,0
CUST-002607,18,68.31,1346.12,23.0,1,One year,Fiber optic,Bank transfer,No,Yes,No,Yes,0,0
CUST-003583,22,36.32,853.59,25.0,0,One year,No,Electronic check,No internet service,Yes,No,No,0,1
CUST-005536,4,79.03,322.92,39.0,1,One year,DSL,Credit card,No internet service,No,Yes,Yes,1,0
CUST-001064,54,58.86,2983.38,28.0,1,Month-to-month,DSL,Bank transfer,Yes,No,No,Yes,0,0
CUST-003755,23,102.33,2220.58,75.0,0,Month-to-month,No,Bank transfer,No,Yes,No,No,0,0
CUST-002242,33,60.28,1983.22,67.0,2,Month-to-month,Fiber optic,Bank transfer,No,No,Yes,No,0,0
CUST-001474,71,71.12,4590.63,60.0,2,Two year,DSL,Electronic check,Yes,Yes,No,No,0,1
CUST-004463,47,79.31,,22.0,3,Month-to-month,DSL,Electronic check,No internet service,Yes,No,No,0,0
CUST-001889,32,101.74,3218.51,28.0,0,Month-to-month,No,Credit card,No,Yes,No,No,1,1
CUST-000473,34,82.74,2996.61,46.0,1,Two year,DSL,Bank transfer,Yes,No,Yes,No,0,0
CUST-002021,48,93.08,4306.55,39.0,2,Month-to-month,DSL,Electronic check,No,Yes,Yes,No,0,1
CUST-005710,19,19.12,372.1,41.0,0,Month-to-month,DSL,Electronic check,No,Yes,No,No,0,0
CUST-004284,8,55.71,403.36,39.0,0,One year,No,Electronic check,No,Yes,Yes,No,0,0
CUST-002658,49,69.26,3514.57,59.0,1,Two year,DSL,Bank transfer,Yes,Yes,Yes,No,0,0
CUST-002467,49,57.2,2676.83,33.0,4,One year,Fiber optic,Bank transfer,Yes,Yes,No,Yes,0,0
CUST-002770,48,65.51,3187.56,60.0,0,One year,Fiber optic,Bank transfer,Yes,Yes,No,Yes,0,0
CUST-001130,29,49.29,1351.28,44.0,1,One year,No,Electronic check,No internet service,Yes,No,Yes,1,0
CUST-001461,22,35.95,816.7,30.0,1,One year,No,Credit card,No internet service,No,No,No,0,0
CUST-003862,18,113.02,2066.56,44.0,0,Two year,DSL,Bank transfer,Yes,No,Yes,No,1,0
CUST-005862,42,99.52,3840.39,78.0,1,Two year,Fiber optic,Credit card,Yes,No,Yes,No,0,0
CUST-003961,62,62.69,3693.56,77.0,0,Month-to-month,No,Mailed check,No,Yes,No,No,0,1
CUST-003425,71,93.67,6713.18,57.0,1,Month-to-month,DSL,Mailed check,No,No,No,No,0,0
CUST-000222,51,45.59,2125.23,30.0,1,Month-to-month,No,Mailed check,No,No,Yes,No,0,1
CUST-005582,51,17.43,,41.0,3,Month-to-month,DSL,Mailed check,No,No,Yes,No,0,0
CUST-000048,49,103.63,5133.45,74.0,0,Month-to-month,Fiber optic,Electronic check,Yes,No,No,Yes,0,0
CUST-000573,3,60.47,202.76,48.0,1,Month-to-month,DSL,Mailed check,Yes,Yes,Yes,No,0,0
CUST-001236,0,77.59,0.0,19.0,1,Month-to-month,Fiber optic,Mailed check,Yes,No,Yes,No,0,1
CUST-004577,14,89.25,1182.02,62.0,1,Month-to-month,No,Bank transfer,Yes,No,Yes,Yes,1,0
CUST-005839,51,59.92,2985.46,67.0,2,One year,Fiber optic,Electronic check,Yes,Yes,Yes,No,0,0
CUST-005409,51,34.37,1577.37,28.0,0,Month-to-month,DSL,Electronic check,No,Yes,No,No,0,0
CUST-002282,23,47.15,1120.37,38.0,1,Month-to-month,DSL,Electronic check,No,Yes,No,Yes,0,1
CUST-004034,31,33.96,1009.49,29.0,2,One year,Fiber optic,Electronic check,No internet service,Yes,No,No,1,0
CUST-000267,25,50.66,1273.81,20.0,0,Month-to-month,No,Credit card,Yes,No,No,No,0,1
CUST-001104,22,64.56,1348.43,70.0,2,Month-to-month,Fiber optic,Credit card,,Yes,Yes,No,0,1
CUST-002305,7,46.59,328.84,63.0,2,Month-to-month,Fiber optic,Credit card,No,No,No,Yes,0,0
CUST-004734,60,47.64,2870.88,36.0,1,Two year,Fiber optic,Bank transfer,Yes,No,No,No,0,0
CUST-001935,11,118.84,1247.57,36.0,0,Month-to-month,DSL,Electronic check,Yes,Yes,No,No,0,0
CUST-000386,4,84.35,356.45,67.0,0,Month-to-month,Fiber optic,Mailed check,No,Yes,No,No,1,1
CUST-001701,13,72.83,962.22,40.0,1,One year,DSL,Electronic check,No internet service,Yes,No,Yes,0,0
CUST-001628,28,46.65,1253.94,22.0,1,Month-to-month,Fiber optic,Credit card,No,Yes,No,No,0,0
CUST-003221,18,109.09,1949.36,57.0,1,Month-to-month,No,Electronic check,No internet service,Yes,No,Yes,0,1
CUST-002714,36,43.85,1426.86,61.0,1,One year,No,Credit card,No internet service,No,Yes,Yes,1,0
CUST-003006,43,80.28,3942.59,,0,One year,Fiber optic,Mailed check,No,Yes,No,Yes,0,1
CUST-005350,16,60.5,950.7,77.0,1,Month-to-month,DSL,Electronic check,No,Yes,Yes,No,0,1
CUST-001563,67,53.04,3549.49,78.0,1,Two year,No,Electronic check,Yes,No,No,No,0,0
CUST-004909,45,60.24,2661.05,62.0,1,Two year,Fiber optic,Electronic check,Yes,Yes,No,No,0,0
CUST-000209,56,59.31,3285.48,56.0,1,Month-to-month,Fiber optic,Mailed check,Yes,No,Yes,No,0,1
CUST-000909,6,72.4,430.15,63.0,4,Month-to-month,DSL,Electronic check,Yes,No,No,No,0,0
CUST-001289,45,146.78,6757.47,31.0,1,Month-to-month,DSL,Mailed check,,Yes,Yes,Yes,0,0
CUST-004543,44,39.43,1707.85,64.0,1,Month-to-month,Fiber optic,Electronic check,Yes,No,No,No,0,1
CUST-003877,17,73.74,1189.9,29.0,1,One year,DSL,Electronic check,No internet service,Yes,Yes,Yes,0,0
CUST-001842,59,82.88,4995.83,57.0,1,Month-to-month,Fiber optic,Mailed check,No internet service,Yes,No,No,0,1
CUST-002497,64,27.31,1860.82,53.0,2,One year,Fiber optic,Electronic check,No,Yes,Yes,Yes,0,0
CUST-004920,71,22.69,1682.08,57.0,1,Two year,No,Credit card,No,Yes,Yes,No,0,0
CUST-003661,34,49.73,1696.61,55.0,2,One year,Fiber optic,Mailed check,No,Yes,Yes,Yes,0,1
CUST-000958,70,29.66,1978.96,73.0,1,Month-to-month,Fiber optic,Credit card,No,No,No,No,0,1
CUST-001793,20,56.96,1075.31,18.0,0,One year,Fiber optic,Electronic check,Yes,No,No,No,0,0
CUST-002088,22,92.34,2197.4,39.0,2,Month-to-month,DSL,Credit card,No,Yes,Yes,No,0,1
CUST-002702,16,15.0,239.4,66.0,1,Month-to-month,Fiber optic,Mailed check,No,No,Yes,Yes,0,1
CUST-000331,27,52.74,1497.93,57.0,0,One year,Fiber optic,Mailed check,Yes,Yes,No,No,0,0
CUST-004471,63,135.11,8526.63,35.0,1,One year,Fiber optic,Credit card,No,Yes,No,No,0,0
CUST-003905,55,99.58,5824.92,21.0,1,Month-to-month,Fiber optic,Credit card,Yes,No,No,Yes,0,1
CUST-003011,36,95.62,3447.01,32.0,3,One year,DSL,Bank transfer,No,Yes,No,No,1,1
CUST-002459,4,24.53,100.42,33.0,1,Month-to-month,DSL,Bank transfer,No,Yes,No,Yes,0,1
CUST-001774,56,56.29,3196.33,37.0,0,Month-to-month,No,Bank transfer,No,No,No,No,0,1
CUST-004762,7,88.72,646.75,19.0,0,One year,Fiber optic,Electronic check,No,Yes,Yes,No,0,1
CUST-004349,25,96.23,2243.07,60.0,0,Two year,Fiber optic,Credit card,No internet service,Yes,Yes,No,0,0
CUST-005111,50,51.95,2759.06,68.0,2,Month-to-month,Fiber optic,Bank transfer,Yes,No,Yes,No,0,0
CUST-005768,34,34.65,1147.77,52.0,0,Two year,DSL,Credit card,No,Yes,No,No,0,0
CUST-004883,11,81.22,965.45,78.0,0,Month-to-month,DSL,Credit card,No,Yes,Yes,Yes,0,0
CUST-002890,10,59.89,566.45,77.0,1,Month-to-month,Fiber optic,Electronic check,Yes,No,No,No,0,0
CUST-004412,24,18.57,,,3,Month-to-month,Fiber optic,Credit card,Yes,Yes,Yes,No,0,0
CUST-002828,45,79.16,,74.0,0,Month-to-month,DSL,Electronic check,No internet service,No,No,No,0,0
CUST-001710,25,64.53,1737.73,40.0,0,Two year,Fiber optic,Credit card,No internet service,Yes,No,No,0,0
CUST-004595,3,79.87,228.4,34.0,1,Month-to-month,DSL,Electronic check,Yes,Yes,Yes,No,1,1
CUST-002478,5,97.18,500.68,74.0,2,One year,Fiber optic,Bank transfer,Yes,Yes,No,No,0,1
CUST-001366,22,60.3,1451.91,44.0,0,Month-to-month,Fiber optic,Electronic check,No,Yes,Yes,No,0,1
CUST-000173,52,83.96,4568.84,22.0,0,Month-to-month,Fiber optic,Mailed check,No,Yes,Yes,No,0,0
CUST-004215,72,89.32,6565.66,66.0,1,Month-to-month,No,Bank transfer,No internet service,No,No,No,1,0
CUST-005728,30,72.34,2055.86,23.0,2,Month-to-month,DSL,Credit card,No internet service,No,No,Yes,0,1
CUST-002915,31,79.24,2595.29,,0,Month-to-month,DSL,Mailed check,No,Yes,No,No,0,1
CUST-005243,70,47.94,3382.94,22.0,2,Month-to-month,DSL,Mailed check,No,Yes,No,No,0,0
CUST-003544,2,15.0,26.95,68.0,2,One year,Fiber optic,Electronic check,No,Yes,No,No,0,1
CUST-001952,5,56.28,282.09,19.0,3,Month-to-month,Fiber optic,Bank transfer,No,No,Yes,Yes,0,1
CUST-004424,22,55.97,1269.53,70.0,1,Month-to-month,Fiber optic,Mailed check,No internet service,Yes,No,No,0,1
CUST-003375,36,96.62,3504.53,20.0,2,Month-to-month,Fiber optic,Electronic check,Yes,Yes,No,No,0,0
CUST-002036,42,73.49,3030.18,39.0,1,Month-to-month,Fiber optic,Bank transfer,No internet service,Yes,No,No,0,1
CUST-004502,72,15.0,1171.85,50.0,1,One year,Fiber optic,Credit card,No,No,Yes,Yes,0,1
CUST-004414,35,56.27,2001.68,54.0,1,Two year,DSL,Mailed check,No internet service,Yes,No,No,0,0
CUST-000018,61,83.87,5220.92,29.0,0,Month-to-month,Fiber optic,Electronic check,No,Yes,Yes,Yes,0,1
CUST-000000,6,91.41,529.94,51.0,1,Month-to-month,No,Electronic check,Yes,No,No,Yes,0,1
CUST-002174,17,55.5,917.44,73.0,3,Month-to-month,Fiber optic,Mailed check,No,No,Yes,No,0,1
CUST-001356,25,75.35,1750.05,,2,One year,DSL,Mailed check,No,No,No,Yes,1,0
CUST-004479,39,53.23,1941.28,51.0,1,Month-to-month,DSL,Bank transfer,No,No,Yes,No,0,0
CUST-004102,13,34.67,454.75,27.0,2,One year,Fiber optic,Credit card,Yes,Yes,Yes,No,0,1
CUST-004043,7,79.01,554.7,54.0,1,Month-to-month,Fiber optic,Electronic check,No,No,No,Yes,0,1
CUST-000396,3,58.47,182.98,54.0,1,Month-to-month,No,Bank transfer,No internet service,Yes,Yes,Yes,1,1
CUST-004525,33,48.91,1567.65,59.0,0,Month-to-month,DSL,Mailed check,No internet service,No,No,No,0,1
CUST-004898,55,118.05,7159.6,65.0,2,Month-to-month,Fiber optic,Electronic check,Yes,Yes,Yes,Yes,0,1
CUST-001812,49,71.31,3405.87,48.0,1,One year,No,Mailed check,No internet service,Yes,Yes,Yes,1,0
CUST-004453,51,82.41,3964.32,28.0,3,Month-to-month,DSL,Mailed check,Yes,Yes,Yes,No,0,0
CUST-005260,72,51.03,3702.97,48.0,1,Two year,No,Mailed check,Yes,Yes,Yes,No,0,0
CUST-000816,3,97.48,274.96,28.0,4,One year,DSL,Credit card,Yes,Yes,Yes,Yes,0,0
CUST-001572,53,105.04,5930.51,64.0,0,Month-to-month,Fiber optic,Electronic check,Yes,Yes,Yes,No,0,1
CUST-005220,22,92.43,2049.66,43.0,0,Two year,Fiber optic,Credit card,No,No,No,Yes,0,0
CUST-001800,4,15.0,63.35,24.0,1,One year,Fiber optic,Electronic check,Yes,No,No,No,0,1
CUST-002280,55,54.07,2521.01,55.0,3,Two year,Fiber optic,Mailed check,No,No,Yes,Yes,0,0
CUST-003767,54,45.37,2558.66,69.0,2,Two year,No,Bank transfer,No,No,Yes,Yes,0,0
CUST-004760,70,83.55,6071.55,50.0,1,Month-to-month,Fiber optic,Credit card,No,No,No,No,0,0
CUST-003934,13,68.67,868.68,63.0,2,Month-to-month,No,Mailed check,Yes,No,No,No,0,0
CUST-004550,3,15.0,38.61,41.0,4,Two year,No,Credit card,No,No,No,Yes,0,1
CUST-003305,18,39.08,653.93,29.0,1,Month-to-month,DSL,Credit card,Yes,Yes,Yes,Yes,0,0
CUST-005552,47,96.93,4804.86,58.0,1,Month-to-month,DSL,Credit card,Yes,Yes,Yes,Yes,0,0
CUST-003945,53,65.03,3351.25,28.0,0,Month-to-month,DSL,Electronic check,Yes,Yes,No,No,0,0
CUST-003475,15,36.76,547.73,71.0,0,Two year,DSL,Electronic check,No internet service,Yes,Yes,No,0,0
CUST-003332,18,36.33,647.7,58.0,0,Month-to-month,Fiber optic,Electronic check,No internet service,Yes,No,No,0,1
CUST-004207,68,30.5,1929.71,48.0,2,One year,Fiber optic,Electronic check,No internet service,Yes,No,No,0,0
CUST-005404,1,62.6,68.14,69.0,1,One year,Fiber optic,Bank transfer,No internet service,Yes,No,No,1,0
CUST-000554,71,71.64,5193.62,47.0,1,Two year,Fiber optic,Electronic check,Yes,No,Yes,Yes,0,0
CUST-001159,24,45.87,1079.51,41.0,0,Month-to-month,DSL,Electronic check,No,No,No,No,0,0
CUST-001213,63,67.36,3884.44,77.0,1,One year,Fiber optic,Mailed check,No internet service,Yes,Yes,No,0,0
CUST-003750,42,55.03,2258.31,70.0,0,One year,Fiber optic,Electronic check,No,No,No,No,0,1
CUST-001325,13,102.78,1370.87,60.0,1,Month-to-month,DSL,Mailed check,No,Yes,No,No,0,1
CUST-003308,1,64.17,66.63,34.0,2,Month-to-month,DSL,Electronic check,No,No,Yes,No,1,1
CUST-005391,12,50.87,648.58,18.0,2,Month-to-month,Fiber optic,Credit card,No internet service,Yes,No,No,0,1
CUST-000700,37,61.82,2123.5,59.0,0,One year,No,Electronic check,No internet service,No,No,Yes,0,0
CUST-002700,64,88.45,5522.47,68.0,1,Two year,DSL,Electronic check,Yes,No,No,No,0,0
CUST-004307,58,92.47,5284.1,72.0,3,Month-to-month,Fiber optic,Mailed check,No,No,No,No,0,0
CUST-001847,39,56.29,2127.82,77.0,0,Month-to-month,Fiber optic,Bank transfer,No internet service,No,No,Yes,1,0
CUST-004420,52,66.43,3478.56,20.0,1,Month-to-month,Fiber optic,Bank transfer,No internet service,Yes,Yes,No,0,1
CUST-003886,6,49.59,281.66,49.0,0,Month-to-month,No,Mailed check,Yes,No,Yes,No,0,0
CUST-001455,4,24.28,88.93,68.0,3,Month-to-month,DSL,Electronic check,No,Yes,Yes,No,0,1
CUST-005035,16,44.5,634.32,43.0,1,One year,Fiber optic,Electronic check,No,Yes,No,No,1,0
CUST-002970,44,68.39,3052.26,56.0,2,Month-to-month,No,Mailed check,Yes,Yes,Yes,No,0,0
CUST-002882,41,54.67,2344.81,33.0,1,One year,Fiber optic,Bank transfer,Yes,Yes,No,No,0,0
CUST-000866,59,63.75,4148.67,27.0,0,Two year,Fiber optic,Mailed check,No,Yes,Yes,Yes,0,0
CUST-004600,72,103.81,8153.44,43.0,3,One year,DSL,Electronic check,No,Yes,Yes,No,1,0
CUST-001644,9,15.0,121.46,22.0,1,Two year,Fiber optic,Credit card,Yes,Yes,Yes,No,0,0
CUST-002140,51,58.07,2875.8,29.0,0,Month-to-month,No,Electronic check,No,Yes,No,No,0,1
CUST-004024,33,80.53,2603.07,70.0,1,Month-to-month,No,Electronic check,No internet service,Yes,No,No,1,1
CUST-003467,18,92.09,1675.99,48.0,2,Month-to-month,DSL,Electronic check,No,Yes,Yes,No,0,0
CUST-001490,20,47.61,952.43,19.0,1,Two year,DSL,Bank transfer,Yes,No,Yes,No,0,0
CUST-003107,26,118.33,3349.44,55.0,0,Month-to-month,DSL,Electronic check,Yes,No,Yes,Yes,0,0
CUST-000729,48,54.26,2768.54,62.0,1,Month-to-month,Fiber optic,Bank transfer,No,No,No,Yes,0,0
CUST-004214,50,79.16,4138.59,23.0,1,Month-to-month,DSL,Electronic check,No,No,Yes,No,0,0
CUST-005829,33,92.28,3219.39,42.0,1,One year,Fiber optic,Credit card,Yes,Yes,Yes,No,0,0
CUST-002620,61,49.18,2915.76,24.0,1,Month-to-month,Fiber optic,Credit card,No,No,No,Yes,1,1
CUST-001936,27,67.39,1896.78,68.0,0,One year,Fiber optic,Credit card,No,No,No,Yes,0,0
CUST-003165,29,89.96,2532.71,62.0,1,Two year,Fiber optic,Mailed check,No,Yes,No,No,0,0
CUST-001110,46,28.91,1388.7,37.0,2,Month-to-month,Fiber optic,Mailed check,No internet service,Yes,Yes,No,0,1
CUST-004886,50,99.82,5054.3,53.0,0,One year,Fiber optic,Bank transfer,Yes,Yes,Yes,No,0,0
CUST-005380,12,44.83,589.74,47.0,4,Month-to-month,DSL,Bank transfer,No internet service,No,No,Yes,0,1
CUST-002394,34,44.64,1412.5,47.0,2,One year,Fiber optic,Credit card,No,No,No,No,0,0
CUST-001185,22,47.34,1038.94,19.0,0,Month-to-month,Fiber optic,Electronic check,No internet service,Yes,No,No,0,1
CUST-002007,11,74.27,804.62,21.0,1,Month-to-month,Fiber optic,Credit card,Yes,No,Yes,No,0,0
CUST-000193,26,63.93,,36.0,0,Month-to-month,No,Credit card,Yes,Yes,Yes,Yes,0,0
CUST-001515,67,100.01,7215.01,30.0,0,Month-to-month,No,Bank transfer,No,Yes,Yes,No,0,1
CUST-000578,65,30.15,,58.0,3,One year,DSL,Mailed check,No,Yes,Yes,Yes,1,0
CUST-002123,44,58.18,2691.29,53.0,1,Month-to-month,DSL,Electronic check,No internet service,Yes,Yes,Yes,0,1
CUST-001429,57,55.76,3117.86,50.0,1,Month-to-month,Fiber optic,Electronic check,Yes,No,No,No,1,1
CUST-000771,72,78.06,5620.12,34.0,2,Month-to-month,DSL,Mailed check,Yes,Yes,Yes,No,1,1
CUST-003601,44,28.75,1319.19,76.0,2,Month-to-month,DSL,Mailed check,No,No,No,No,0,0
CUST-002395,47,78.16,3519.86,78.0,1,Two year,Fiber optic,Bank transfer,No,Yes,Yes,Yes,0,0
CUST-005966,52,43.43,2151.22,27.0,4,Month-to-month,No,Bank transfer,No,Yes,No,No,0,0
CUST-001846,29,65.79,1904.54,34.0,0,Month-to-month,DSL,Credit card,No,No,No,No,1,0
CUST-000131,40,57.75,2382.92,64.0,1,Month-to-month,Fiber optic,Mailed check,No,No,No,No,0,0
CUST-000178,65,95.39,6195.12,65.0,1,Month-to-month,Fiber optic,Electronic check,Yes,Yes,No,Yes,1,0
CUST-005375,49,52.32,2621.03,31.0,2,Month-to-month,Fiber optic,Bank transfer,No,Yes,Yes,Yes,0,0
CUST-003832,59,49.19,3002.61,20.0,2,Month-to-month,No,Credit card,Yes,No,Yes,No,0,0
CUST-003589,66,91.8,6066.36,41.0,1,Month-to-month,Fiber optic,Mailed check,Yes,No,Yes,No,0,1
CUST-002580,28,49.5,1416.48,64.0,1,Month-to-month,Fiber optic,Electronic check,No,No,No,Yes,0,1
CUST-003647,43,16.27,709.71,76.0,1,One year,Fiber optic,Bank transfer,No,Yes,No,No,1,1
CUST-003377,42,79.17,3181.29,,0,One year,Fiber optic,Credit card,No,No,Yes,Yes,0,0
CUST-002652,72,68.95,4981.5,67.0,0,Two year,Fiber optic,Credit card,No internet service,Yes,No,No,0,0
CUST-005919,66,35.26,2368.73,55.0,0,Two year,No,Mailed check,No internet service,No,Yes,No,0,0
CUST-002073,24,23.71,540.99,72.0,2,Two year,Fiber optic,Credit card,Yes,No,No,No,0,0
CUST-000658,5,98.68,453.47,67.0,1,Month-to-month,DSL,Credit card,No internet service,No,No,No,0,0
CUST-001896,41,17.75,754.74,28.0,2,One year,Fiber optic,Credit card,Yes,Yes,Yes,No,1,1
CUST-004833,17,78.85,1326.4,70.0,1,Month-to-month,Fiber optic,Credit card,No,Yes,No,No,0,1
CUST-004157,22,38.85,956.42,22.0,4,Month-to-month,DSL,Credit card,Yes,Yes,Yes,No,0,1
CUST-002221,11,81.54,865.88,60.0,3,Month-to-month,DSL,Mailed check,Yes,No,Yes,Yes,0,0
CUST-005720,71,34.11,2476.53,48.0,0,One year,No,Bank transfer,Yes,Yes,Yes,Yes,0,0
CUST-002379,47,77.3,3931.23,18.0,1,Two year,Fiber optic,Credit card,No,Yes,No,No,0,0
CUST-001447,70,113.62,7984.76,66.0,1,Two year,DSL,Credit card,No internet service,No,Yes,No,0,0
CUST-000342,45,36.7,1529.52,,0,Month-to-month,DSL,Electronic check,No,No,Yes,No,0,1
CUST-003626,56,60.86,3185.91,56.0,1,Month-to-month,DSL,Electronic check,No,Yes,No,No,1,0
CUST-002527,69,78.95,5484.58,59.0,0,Month-to-month,Fiber optic,Bank transfer,Yes,Yes,No,No,0,1
CUST-000727,6,65.37,384.9,29.0,1,One year,No,Mailed check,Yes,No,Yes,No,1,0
CUST-004738,25,95.85,2487.75,28.0,1,Month-to-month,DSL,Electronic check,Yes,Yes,No,No,0,1
CUST-000976,6,27.58,167.12,60.0,1,Month-to-month,DSL,Bank transfer,No,No,Yes,No,0,0
CUST-002957,35,85.72,3029.04,74.0,0,Month-to-month,DSL,Electronic check,No,No,No,No,0,1
CUST-005360,47,69.47,3188.07,22.0,1,Month-to-month,DSL,Electronic check,Yes,Yes,No,Yes,0,0
CUST-001928,13,79.88,1085.07,48.0,1,Month-to-month,DSL,Mailed check,No internet service,No,No,No,0,1
CUST-003717,18,85.49,1471.79,72.0,3,Two year,Fiber optic,Electronic check,No,Yes,No,Yes,0,0
CUST-005783,71,50.37,3275.46,71.0,1,Month-to-month,DSL,Electronic check,Yes,No,No,No,0,1
CUST-001299,2,40.98,85.11,20.0,0,One year,Fiber optic,Bank transfer,No,Yes,Yes,No,1,0
CUST-004187,15,80.18,1096.97,64.0,0,Two year,DSL,Electronic check,Yes,Yes,Yes,No,0,0
CUST-005528,1,68.65,,19.0,1,Month-to-month,No,Electronic check,No,Yes,Yes,No,0,1
CUST-000660,12,76.2,942.88,74.0,3,Month-to-month,No,Mailed check,Yes,No,No,No,0,1
CUST-001790,42,56.08,2454.58,37.0,1,Month-to-month,Fiber optic,Mailed check,No,Yes,Yes,No,0,0
CUST-003412,16,94.71,1481.66,32.0,0,Month-to-month,DSL,Electronic check,No internet service,Yes,No,No,0,0
CUST-003967,17,38.33,686.91,31.0,1,One year,Fiber optic,Mailed check,No internet service,No,No,No,0,0
CUST-000493,44,74.52,3223.54,57.0,0,One year,Fiber optic,Electronic check,No,No,No,No,0,1
CUST-003132,55,73.84,3734.44,30.0,0,Month-to-month,Fiber optic,Credit card,No internet service,No,No,No,0,1
CUST-004728,8,87.54,673.69,73.0,2,Month-to-month,DSL,Credit card,No internet service,Yes,Yes,No,0,0
CUST-003130,26,77.48,2020.56,46.0,2,Month-to-month,No,Mailed check,Yes,No,Yes,No,0,0
CUST-003849,16,36.15,583.85,43.0,2,One year,Fiber optic,Mailed check,Yes,Yes,No,No,0,0
CUST-005542,21,24.17,476.56,63.0,0,Month-to-month,DSL,Mailed check,No,No,No,No,0,1
CUST-001085,61,56.98,3471.41,71.0,1,Month-to-month,Fiber optic,Electronic check,No internet service,Yes,No,No,0,1
CUST-005683,31,61.68,1847.43,36.0,4,One year,Fiber optic,Electronic check,Yes,Yes,Yes,No,1,1
CUST-000694,6,41.85,236.56,44.0,0,One year,DSL,Electronic check,Yes,Yes,Yes,No,0,0
CUST-001278,0,72.52,0.0,62.0,2,Month-to-month,DSL,Credit card,No,No,Yes,No,0,0
CUST-005868,67,85.4,5211.88,29.0,4,Two year,No,Electronic check,No,Yes,No,Yes,0,0
CUST-001621,0,109.53,0.0,60.0,1,Two year,Fiber optic,Bank transfer,Yes,No,No,No,0,0
CUST-002561,26,84.59,2146.39,56.0,0,One year,No,Electronic check,No,Yes,No,No,0,0
CUST-005182,46,53.29,2482.24,73.0,1,Month-to-month,Fiber optic,Bank transfer,No,Yes,No,No,1,1
CUST-004183,62,69.86,4542.02,54.0,1,Month-to-month,Fiber optic,Electronic check,No,Yes,No,No,0,1
CUST-000067,27,96.23,2554.39,48.0,0,Two year,Fiber optic,Mailed check,No,Yes,Yes,No,1,1
CUST-005054,3,63.29,206.27,28.0,3,One year,No,Electronic check,Yes,Yes,No,No,0,0
CUST-003033,8,45.05,320.23,26.0,1,Two year,DSL,Mailed check,No,No,Yes,Yes,0,0
CUST-002269,71,41.61,3031.04,20.0,1,One year,DSL,Credit card,No,No,No,Yes,0,0
CUST-004687,21,83.7,1833.74,71.0,1,One year,No,Electronic check,No,No,No,No,0,0
CUST-004741,33,65.67,2273.53,34.0,2,Month-to-month,DSL,Credit card,Yes,Yes,Yes,No,0,1
CUST-000820,1,83.94,81.1,58.0,1,One year,DSL,Credit card,No internet service,No,Yes,No,0,0
CUST-001226,7,76.4,512.55,21.0,2,Two year,DSL,Mailed check,No,Yes,Yes,Yes,0,0
CUST-001677,30,67.44,1952.82,79.0,1,Two year,DSL,Mailed check,Yes,Yes,No,No,0,0
CUST-005027,7,15.0,103.77,58.0,1,Month-to-month,Fiber optic,Electronic check,,No,No,Yes,0,1
CUST-002867,11,53.25,567.74,44.0,2,One year,No,Credit card,No,Yes,No,No,0,0
CUST-004390,13,85.76,1080.13,79.0,1,Month-to-month,Fiber optic,Bank transfer,Yes,No,No,No,1,0
CUST-002367,12,45.84,561.88,29.0,0,Month-to-month,No,Credit card,No internet service,Yes,No,No,1,0
CUST-005870,57,56.22,3199.99,49.0,0,Two year,DSL,Electronic check,Yes,No,Yes,No,0,0
CUST-003907,70,109.35,7472.86,59.0,1,Month-to-month,Fiber optic,Electronic check,No,No,Yes,No,0,0
CUST-002512,70,47.31,3056.11,53.0,1,Month-to-month,DSL,Credit card,No,No,No,Yes,1,0
CUST-002723,27,16.25,429.97,64.0,3,Two year,DSL,Credit card,No internet service,Yes,Yes,No,0,1
CUST-005363,62,63.18,4240.81,,2,One year,Fiber optic,Mailed check,No,Yes,No,No,0,0
CUST-005120,59,78.88,4499.3,20.0,3,Month-to-month,DSL,Bank transfer,Yes,No,No,No,0,0
CUST-004448,40,45.17,,46.0,2,Month-to-month,Fiber optic,Credit card,No internet service,No,Yes,No,1,0
CUST-001143,61,15.0,882.51,48.0,1,Month-to-month,Fiber optic,Credit card,No,Yes,Yes,Yes,0,0
CUST-000397,14,65.47,878.46,69.0,1,Month-to-month,No,Mailed check,No,Yes,No,No,0,0
CUST-000786,2,72.02,149.15,36.0,2,Month-to-month,Fiber optic,Electronic check,No,No,Yes,No,0,1
CUST-005155,62,76.43,4040.98,51.0,1,Month-to-month,No,Bank transfer,Yes,Yes,Yes,Yes,0,1
CUST-003931,5,57.77,291.65,40.0,1,Month-to-month,Fiber optic,Electronic check,No internet service,Yes,Yes,Yes,1,1
CUST-001398,1,35.2,34.99,79.0,2,Month-to-month,No,Bank transfer,No,No,No,No,0,1
CUST-001659,18,71.0,1292.03,38.0,2,Month-to-month,DSL,Credit card,No,No,Yes,Yes,0,1
CUST-003353,53,95.82,4847.6,77.0,1,One year,Fiber optic,Mailed check,No,No,No,No,0,0
CUST-002220,69,98.86,7054.43,43.0,1,Two year,Fiber optic,Electronic check,Yes,Yes,Yes,No,0,1
CUST-000979,41,53.11,2205.36,37.0,1,Two year,Fiber optic,Electronic check,No,Yes,Yes,No,0,0
CUST-002331,62,40.38,2484.92,26.0,1,Two year,No,Electronic check,Yes,Yes,Yes,No,0,0
CUST-001298,38,82.62,3042.02,70.0,0,Month-to-month,Fiber optic,Mailed check,Yes,No,No,Yes,0,1
CUST-003532,4,34.11,135.34,34.0,2,Two year,No,Electronic check,No internet service,Yes,Yes,No,0,0
CUST-003813,32,57.33,1928.27,26.0,0,Month-to-month,No,Electronic check,No,No,No,Yes,0,0
CUST-000082,11,50.83,517.82,25.0,1,One year,Fiber optic,Bank transfer,No,Yes,Yes,No,0,0
CUST-004895,29,93.81,2662.59,32.0,0,Month-to-month,DSL,Mailed check,No,No,Yes,No,0,0
CUST-004037,44,70.23,3209.36,33.0,0,Two year,Fiber optic,Bank transfer,No,Yes,Yes,Yes,0,0
CUST-004704,53,81.56,4365.57,78.0,2,Two year,DSL,Electronic check,No,Yes,No,No,0,0
CUST-003954,43,39.24,1622.5,23.0,2,Month-to-month,No,Credit card,Yes,Yes,Yes,No,0,1
CUST-005818,28,64.94,1785.64,30.0,0,Month-to-month,Fiber optic,Bank transfer,No,No,No,No,0,1
CUST-004056,61,34.67,2464.4,75.0,2,Two year,No,Bank transfer,No,Yes,Yes,Yes,0,0
CUST-002903,45,88.16,3809.16,46.0,1,One year,No,Mailed check,Yes,Yes,No,No,0,0
CUST-000423,42,49.46,2080.41,37.0,2,Two year,Fiber optic,Mailed check,Yes,Yes,No,No,0,0
CUST-005206,51,102.75,5163.43,27.0,3,Two year,DSL,Electronic check,Yes,Yes,Yes,No,0,0
CUST-001904,24,39.55,,64.0,1,One year,DSL,Credit card,No,Yes,Yes,No,0,0
CUST-005459,65,59.36,3763.43,18.0,2,Two year,Fiber optic,Mailed check,No,Yes,Yes,Yes,1,0
CUST-001530,6,49.58,289.06,,1,One year,Fiber optic,Electronic check,Yes,Yes,Yes,Yes,0,1
CUST-005167,14,96.18,1424.72,60.0,1,Month-to-month,Fiber optic,Credit card,No internet service,No,Yes,No,0,1
CUST-001565,33,71.01,2371.06,59.0,2,Month-to-month,No,Credit card,No internet service,Yes,Yes,Yes,0,1
CUST-004450,62,54.15,3467.57,52.0,2,One year,No,Bank transfer,No internet service,Yes,Yes,Yes,0,0
CUST-002749,71,55.51,3644.87,54.0,1,Month-to-month,DSL,Credit card,No internet service,Yes,No,No,1,1
CUST-000839,66,75.51,5153.7,56.0,2,Two year,DSL,Mailed check,No,No,Yes,No,0,0
CUST-000500,8,67.68,542.41,28.0,1,Two year,DSL,Credit card,No,Yes,No,No,0,0
CUST-003295,58,48.43,2912.18,68.0,2,Month-to-month,DSL,Electronic check,Yes,Yes,No,No,0,1
CUST-000141,15,96.69,1357.75,18.0,0,Two year,Fiber optic,Bank transfer,Yes,Yes,No,Yes,0,1
CUST-004965,7,59.61,407.82,30.0,0,Month-to-month,No,Credit card,No,Yes,No,No,1,0
CUST-002605,55,79.12,4566.92,70.0,0,Month-to-month,DSL,Bank transfer,Yes,No,Yes,No,0,0
CUST-003527,6,97.22,,19.0,0,One year,No,Electronic check,No internet service,No,No,No,0,0
CUST-001377,54,73.16,3782.14,62.0,2,Two year,DSL,Mailed check,No,No,No,No,0,0
CUST-004677,41,62.97,2584.8,25.0,2,Month-to-month,DSL,Bank transfer,No,No,No,Yes,0,0
CUST-005906,34,78.15,2971.37,58.0,1,One year,No,Electronic check,No,No,No,No,0,0
CUST-002266,49,59.51,2975.82,25.0,2,Month-to-month,No,Electronic check,No,Yes,No,Yes,0,1
CUST-004867,23,79.06,1922.87,31.0,3,Month-to-month,No,Electronic check,No,Yes,No,No,0,1
CUST-001138,54,61.07,3129.43,45.0,3,Two year,No,Electronic check,Yes,Yes,Yes,No,0,0
CUST-002257,47,67.66,3329.4,55.0,0,Month-to-month,DSL,Bank transfer,No,No,Yes,Yes,0,0
CUST-003625,54,53.67,2769.49,76.0,2,Month-to-month,No,Electronic check,Yes,Yes,Yes,No,0,1
CUST-001787,7,15.0,114.05,56.0,2,Month-to-month,Fiber optic,Bank transfer,No,No,No,No,0,1
CUST-003657,67,74.58,4867.02,74.0,3,One year,No,Bank transfer,No,Yes,No,No,0,0
CUST-000550,58,97.75,5262.36,44.0,2,Month-to-month,Fiber optic,Bank transfer,Yes,Yes,Yes,No,1,1
CUST-000459,7,45.11,344.76,78.0,0,Month-to-month,No,Bank transfer,No,No,No,Yes,0,0
CUST-002019,33,63.06,2065.27,39.0,1,Month-to-month,Fiber optic,Credit card,No internet service,Yes,No,No,0,0
CUST-000948,69,100.17,7231.37,26.0,2,Month-to-month,DSL,Bank transfer,No,Yes,Yes,No,1,0
CUST-004538,60,74.41,4270.73,29.0,1,Two year,DSL,Credit card,No,Yes,Yes,Yes,1,0
CUST-003142,32,15.0,458.32,60.0,3,Month-to-month,DSL,Electronic check,Yes,Yes,No,Yes,0,1
CUST-000532,11,116.6,1317.26,59.0,0,Month-to-month,No,Bank transfer,Yes,No,Yes,Yes,0,1
CUST-005598,54,83.29,4276.7,43.0,2,Month-to-month,DSL,Bank transfer,No,No,Yes,No,0,0
CUST-001829,71,72.53,4623.22,63.0,0,Month-to-month,DSL,Bank transfer,Yes,Yes,Yes,No,0,0
CUST-005166,52,109.45,5484.08,79.0,1,Month-to-month,Fiber optic,Bank transfer,Yes,No,No,No,0,1
CUST-005310,66,101.79,6403.39,47.0,2,Month-to-month,Fiber optic,Mailed check,No,Yes,Yes,Yes,0,1
CUST-004790,14,15.0,225.63,57.0,1,One year,Fiber optic,Bank transfer,No internet service,Yes,No,Yes,1,0
CUST-003396,33,70.99,2309.08,25.0,5,One year,No,Mailed check,Yes,Yes,No,No,0,0
CUST-001602,60,74.16,4359.49,30.0,2,Month-to-month,No,Bank transfer,Yes,Yes,No,Yes,0,1
CUST-002238,34,62.7,2082.4,19.0,1,Month-to-month,DSL,Mailed check,Yes,Yes,Yes,Yes,0,0
CUST-000639,69,74.08,5300.72,27.0,2,Month-to-month,DSL,Mailed check,Yes,Yes,Yes,No,0,1
CUST-005816,29,15.0,462.93,31.0,1,Month-to-month,DSL,Electronic check,No,No,Yes,No,1,0
CUST-000967,23,81.06,1708.15,40.0,2,One year,Fiber optic,Bank transfer,No,Yes,No,No,0,0
CUST-005082,0,93.87,0.0,39.0,3,Month-to-month,DSL,Bank transfer,No,No,No,Yes,0,1
CUST-003734,23,85.29,1955.43,53.0,0,Month-to-month,DSL,Electronic check,No,Yes,Yes,No,0,0
CUST-001683,58,15.0,890.48,77.0,2,One year,Fiber optic,Bank transfer,Yes,Yes,No,Yes,0,1
CUST-002248,11,63.0,694.81,50.0,1,Two year,Fiber optic,Mailed check,Yes,Yes,No,No,1,0
CUST-004140,53,66.22,3753.01,37.0,0,Month-to-month,Fiber optic,Bank transfer,Yes,Yes,Yes,No,0,1
CUST-005379,37,88.17,3073.98,45.0,0,Month-to-month,Fiber optic,Electronic check,No,No,No,No,0,0
CUST-003341,22,61.93,1337.35,24.0,1,Month-to-month,No,Mailed check,No,Yes,No,No,0,0
CUST-000155,48,68.85,3142.66,38.0,0,Two year,DSL,Mailed check,No,No,Yes,Yes,0,0
CUST-002295,58,74.18,4083.03,64.0,1,Month-to-month,Fiber optic,Electronic check,No internet service,Yes,Yes,No,0,1
CUST-003545,46,51.39,2232.27,44.0,0,Month-to-month,Fiber optic,Electronic check,No internet service,No,No,Yes,0,1
CUST-004384,27,60.75,1707.78,25.0,2,Month-to-month,Fiber optic,Credit card,No,No,No,Yes,1,0
CUST-001089,10,31.09,306.16,23.0,0,Month-to-month,Fiber optic,Mailed check,No,Yes,Yes,No,0,1
CUST-003771,24,39.59,,76.0,1,Two year,No,Mailed check,No,Yes,No,No,0,0
CUST-002319,56,107.74,5847.62,52.0,0,Month-to-month,Fiber optic,Electronic check,Yes,Yes,Yes,No,0,1
CUST-002940,52,65.56,3749.97,49.0,2,Month-to-month,DSL,Credit card,No,No,No,No,0,0
CUST-005087,18,102.47,1854.21,34.0,2,Month-to-month,Fiber optic,Electronic check,No,Yes,Yes,No,0,0
CUST-000288,39,67.13,2749.88,77.0,1,Month-to-month,DSL,Electronic check,Yes,Yes,Yes,No,1,0
CUST-000930,39,106.07,4622.68,30.0,2,Month-to-month,DSL,Electronic check,Yes,No,No,No,1,0
CUST-002909,25,64.72,1549.4,22.0,1,One year,Fiber optic,Credit card,No,Yes,Yes,No,0,0
CUST-003607,50,26.04,1306.05,68.0,2,Two year,DSL,Electronic check,No internet service,Yes,Yes,No,0,0
CUST-004672,15,83.67,1261.71,52.0,1,Month-to-month,Fiber optic,Electronic check,Yes,No,No,No,0,1
CUST-002884,25,58.27,1494.58,26.0,2,Two year,Fiber optic,Credit card,No,Yes,No,No,0,0
CUST-003399,52,58.79,3053.56,67.0,2,Two year,DSL,Credit card,Yes,No,No,No,0,0
CUST-004656,9,114.41,1070.32,,4,Two year,Fiber optic,Electronic check,No internet service,No,No,No,0,0
CUST-005464,14,77.47,1189.27,73.0,1,Two year,DSL,Electronic check,No,Yes,No,No,0,0
CUST-003000,56,64.5,3524.01,52.0,1,One year,DSL,Electronic check,No,No,Yes,No,0,1
CUST-004464,32,87.69,2653.09,25.0,2,One year,Fiber optic,Electronic check,Yes,No,Yes,No,1,1
CUST-003372,22,117.44,2440.99,,0,Month-to-month,No,Mailed check,No,No,Yes,No,0,1
CUST-005938,72,101.56,7831.71,35.0,0,Month-to-month,Fiber optic,Electronic check,No internet service,No,Yes,Yes,0,1
CUST-000942,66,75.04,5097.0,27.0,2,Two year,Fiber optic,Credit card,No,No,No,No,0,0
CUST-002354,22,45.86,1009.02,65.0,2,Month-to-month,Fiber optic,Electronic check,No internet service,Yes,No,No,1,1
CUST-005275,15,42.09,620.85,50.0,2,One year,Fiber optic,Electronic check,Yes,Yes,No,No,0,0
CUST-005189,21,51.69,1093.29,40.0,0,Month-to-month,DSL,Electronic check,No,Yes,Yes,No,0,0
CUST-005613,24,52.91,1309.25,71.0,1,Month-to-month,DSL,Bank transfer,No,Yes,Yes,Yes,0,0
CUST-001698,26,25.87,656.03,48.0,0,Month-to-month,Fiber optic,Credit card,No,Yes,No,No,0,0
CUST-005667,60,75.04,4521.6,47.0,0,Two year,DSL,Bank transfer,Yes,No,Yes,No,0,0
CUST-004152,66,62.82,4072.74,50.0,0,Month-to-month,DSL,Mailed check,No,No,Yes,No,0,1
CUST-003567,11,96.28,1049.65,74.0,2,One year,Fiber optic,Electronic check,No,No,No,No,0,0
CUST-004001,61,101.03,6535.66,26.0,1,One year,DSL,Mailed check,No,No,Yes,No,0,1
CUST-004241,19,103.6,1924.85,21.0,2,One year,Fiber optic,Mailed check,No internet service,Yes,Yes,No,0,1
CUST-000985,47,70.53,3520.67,53.0,1,Month-to-month,No,Mailed check,No internet service,Yes,Yes,Yes,0,0
CUST-003949,12,84.88,1091.85,45.0,0,Month-to-month,Fiber optic,Mailed check,No,Yes,Yes,Yes,0,1
CUST-003127,66,51.98,3510.11,52.0,2,Month-to-month,DSL,Bank transfer,Yes,No,No,No,1,1
CUST-003185,69,52.92,3768.13,40.0,0,One year,Fiber optic,Credit card,Yes,Yes,Yes,No,0,0
CUST-005748,67,82.4,5646.39,50.0,1,Month-to-month,Fiber optic,Mailed check,Yes,Yes,Yes,No,1,1
CUST-000981,51,15.0,752.07,57.0,1,One year,DSL,Electronic check,Yes,No,No,Yes,0,0
CUST-003550,32,108.1,3557.61,24.0,0,Month-to-month,Fiber optic,Electronic check,No internet service,No,Yes,No,0,0
CUST-004828,67,41.17,2826.79,35.0,2,One year,No,Electronic check,No,Yes,No,No,0,0
CUST-005478,6,82.26,487.76,53.0,2,Month-to-month,No,Electronic check,No,Yes,No,No,0,0
CUST-003464,26,33.32,930.88,21.0,1,One year,No,Electronic check,No,No,No,No,0,0
CUST-004310,37,15.0,571.27,36.0,1,One year,DSL,Bank transfer,Yes,Yes,No,No,0,0
CUST-003519,67,56.95,4031.63,47.0,0,Month-to-month,DSL,Mailed check,No,Yes,Yes,No,0,1
CUST-001473,15,51.67,768.88,32.0,3,Month-to-month,Fiber optic,Electronic check,No,Yes,No,No,1,1
CUST-004818,38,69.66,2779.16,74.0,0,One year,Fiber optic,Credit card,No,Yes,No,No,0,0
CUST-003378,62,95.54,5690.19,29.0,1,One year,No,Credit card,Yes,Yes,Yes,No,0,0
CUST-004773,72,108.9,8163.67,53.0,1,Month-to-month,Fiber optic,Electronic check,Yes,Yes,No,No,0,0
CUST-001457,33,69.56,2578.59,58.0,2,Month-to-month,Fiber optic,Electronic check,No internet service,Yes,No,No,0,1
CUST-001395,43,79.21,3814.64,31.0,1,Month-to-month,No,Mailed check,No,No,No,No,0,1
CUST-000264,72,59.84,4425.38,59.0,3,Month-to-month,DSL,Bank transfer,Yes,Yes,Yes,No,0,0
CUST-002748,30,112.38,3403.42,33.0,2,Month-to-month,No,Electronic check,No,Yes,No,Yes,0,1
CUST-005527,23,51.67,1204.04,68.0,1,Month-to-month,No,Mailed check,No internet service,No,No,No,1,0
CUST-002692,66,95.72,5956.53,78.0,3,Two year,DSL,Mailed check,No,Yes,No,No,0,0
CUST-000929,42,35.41,1575.69,78.0,5,Month-to-month,No,Credit card,No internet service,Yes,Yes,No,0,1
CUST-005076,24,22.87,506.62,18.0,0,Month-to-month,Fiber optic,Electronic check,No,Yes,No,No,1,1
CUST-005803,67,84.76,6030.05,61.0,0,Month-to-month,DSL,Mailed check,No,Yes,No,Yes,0,0
CUST-002400,0,107.19,0.0,20.0,2,One year,DSL,Credit card,Yes,Yes,Yes,No,0,0
CUST-002178,45,59.13,2446.62,62.0,4,Two year,Fiber optic,Mailed check,Yes,Yes,Yes,No,0,1
CUST-003829,10,57.49,547.21,76.0,2,Two year,DSL,Electronic check,No,No,Yes,No,0,0
CUST-000246,55,74.5,3921.21,63.0,3,One year,DSL,Bank transfer,Yes,No,No,No,0,0
CUST-001594,51,69.72,3545.38,67.0,1,Two year,Fiber optic,Mailed check,No,Yes,No,Yes,0,0
CUST-001758,41,72.33,2973.56,21.0,0,Two year,Fiber optic,Credit card,No,Yes,Yes,No,0,1
CUST-005860,37,73.76,2881.15,19.0,1,Month-to-month,DSL,Bank transfer,No internet service,Yes,Yes,Yes,0,1
CUST-005294,67,31.1,1943.36,79.0,1,Month-to-month,DSL,Bank transfer,No,No,No,No,0,1
CUST-000923,10,36.27,360.83,76.0,1,Month-to-month,DSL,Mailed check,Yes,Yes,No,No,0,0
CUST-005935,20,51.98,1085.39,44.0,2,One year,DSL,Mailed check,Yes,No,No,Yes,0,0
CUST-000268,44,94.09,4062.7,43.0,2,Two year,Fiber optic,Electronic check,No,Yes,No,No,0,0
CUST-000669,9,30.26,290.83,37.0,1,Two year,No,Credit card,Yes,Yes,Yes,No,0,0
CUST-003898,22,70.14,1456.64,77.0,1,One year,DSL,Bank transfer,No,Yes,No,No,0,0
CUST-001910,5,36.52,177.05,42.0,0,One year,Fiber optic,Credit card,No,Yes,Yes,No,1,0
CUST-004200,49,54.42,2773.62,74.0,2,Month-to-month,Fiber optic,Electronic check,Yes,Yes,Yes,No,0,0
CUST-001152,31,64.51,2112.02,21.0,1,Month-to-month,DSL,Credit card,No internet service,No,Yes,No,1,1
CUST-004934,27,45.34,1134.21,35.0,1,Month-to-month,DSL,Credit card,Yes,Yes,Yes,No,0,0
CUST-005795,14,72.96,1058.57,67.0,5,Month-to-month,DSL,Electronic check,No,Yes,No,Yes,0,1
CUST-005916,23,101.76,2247.02,73.0,1,One year,No,Bank transfer,No,No,No,No,0,0
CUST-002696,9,112.95,1005.73,35.0,1,Month-to-month,Fiber optic,Electronic check,No,Yes,No,No,1,1
CUST-002591,27,60.99,1643.16,44.0,3,One year,DSL,Credit card,No,No,Yes,No,0,1
CUST-005671,46,94.05,4406.64,72.0,2,Two year,Fiber optic,Mailed check,Yes,Yes,No,No,0,0
CUST-001781,24,50.41,1194.52,79.0,4,Two year,DSL,Credit card,No,No,Yes,No,0,0
CUST-002413,43,35.34,1554.35,34.0,1,One year,DSL,Mailed check,No internet service,No,No,No,1,0
CUST-003013,53,86.08,5196.69,62.0,5,Month-to-month,Fiber optic,Electronic check,No,Yes,No,Yes,1,1
CUST-005255,25,81.52,2063.46,49.0,1,Month-to-month,DSL,Electronic check,No,Yes,Yes,No,0,1
CUST-002307,11,86.22,970.54,44.0,2,Month-to-month,Fiber optic,Electronic check,Yes,Yes,No,No,0,0
CUST-003098,13,105.49,1356.73,61.0,2,Month-to-month,DSL,Mailed check,No internet service,Yes,Yes,No,0,0
CUST-000687,43,73.21,3388.09,49.0,2,Month-to-month,Fiber optic,Bank transfer,No internet service,Yes,Yes,No,0,1
CUST-001915,37,46.56,1847.24,65.0,1,Two year,Fiber optic,Credit card,Yes,Yes,Yes,No,0,0
CUST-005666,14,57.89,756.22,78.0,3,Two year,Fiber optic,Electronic check,Yes,No,Yes,No,0,0
CUST-000612,57,48.77,2836.78,30.0,0,One year,No,Bank transfer,No,Yes,No,No,0,0
CUST-003071,35,15.0,515.48,44.0,1,Month-to-month,Fiber optic,Electronic check,Yes,No,Yes,No,1,0
CUST-004335,31,111.56,3281.0,54.0,1,One year,No,Credit card,No internet service,No,Yes,No,0,0
CUST-002267,53,71.31,4043.3,47.0,1,Month-to-month,No,Bank transfer,No internet service,Yes,Yes,No,1,0
CUST-005775,68,53.06,3456.59,56.0,1,Month-to-month,Fiber optic,Bank transfer,No internet service,No,Yes,No,0,1
CUST-002533,12,85.17,1083.15,49.0,0,Two year,No,Bank transfer,No,No,No,No,0,0
CUST-000039,46,64.23,2673.12,53.0,2,Month-to-month,DSL,Bank transfer,Yes,No,Yes,No,0,0
CUST-001898,54,16.32,973.55,51.0,1,Month-to-month,Fiber optic,Credit card,No,Yes,No,No,0,1
CUST-001649,61,68.72,4166.95,29.0,0,One year,Fiber optic,Bank transfer,Yes,No,Yes,Yes,0,1
CUST-003667,13,87.08,1001.48,31.0,2,One year,No,Mailed check,Yes,No,No,No,0,1
CUST-000258,12,44.45,557.15,24.0,0,Month-to-month,Fiber optic,Bank transfer,No internet service,Yes,No,Yes,0,1
CUST-002924,30,64.47,1866.99,48.0,3,Two year,Fiber optic,Electronic check,No,No,Yes,No,0,0
CUST-002434,32,110.37,3836.58,50.0,1,Two year,Fiber optic,Electronic check,No,Yes,No,Yes,0,0
CUST-000847,3,74.38,212.87,68.0,0,Month-to-month,Fiber optic,Mailed check,No,Yes,No,Yes,0,1
CUST-002822,9,70.96,725.63,53.0,0,Month-to-month,No,Electronic check,No,Yes,Yes,No,0,0
CUST-005080,23,34.34,807.86,25.0,2,One year,Fiber optic,Credit card,Yes,No,Yes,No,1,1
CUST-005100,40,70.1,2602.46,29.0,2,Month-to-month,DSL,Credit card,Yes,Yes,Yes,No,0,1
CUST-003978,39,50.18,2000.39,,1,Month-to-month,No,Credit card,No internet service,Yes,No,Yes,1,1
CUST-003664,37,61.41,2061.74,61.0,2,Month-to-month,Fiber optic,Mailed check,No,No,No,No,0,0
CUST-001233,54,36.56,1806.07,72.0,1,Month-to-month,Fiber optic,Credit card,No internet service,No,Yes,No,0,1
CUST-001127,46,71.12,3282.56,75.0,2,Month-to-month,No,Credit card,No,No,Yes,Yes,1,0
CUST-004507,42,43.46,1597.02,62.0,0,One year,DSL,Bank transfer,No,Yes,No,No,0,1
CUST-001967,34,15.0,478.34,76.0,2,Month-to-month,Fiber optic,Electronic check,No,Yes,Yes,No,0,0
CUST-000558,57,41.12,2197.75,43.0,0,Month-to-month,Fiber optic,Credit card,Yes,Yes,No,Yes,1,1
CUST-000904,33,61.55,2135.74,32.0,2,Two year,No,Mailed check,No internet service,No,No,Yes,0,0
CUST-002614,7,89.68,560.11,60.0,1,One year,DSL,Bank transfer,Yes,No,Yes,No,0,0
CUST-000484,33,88.61,3018.13,71.0,3,One year,DSL,Electronic check,Yes,Yes,Yes,No,0,1
CUST-002211,56,22.95,1264.01,75.0,2,Month-to-month,Fiber optic,Electronic check,No,No,No,No,0,1
CUST-001320,8,19.09,158.63,34.0,1,Month-to-month,Fiber optic,Mailed check,No internet service,No,No,No,0,0
CUST-005698,52,102.41,5301.42,59.0,2,Month-to-month,Fiber optic,Electronic check,No,No,Yes,No,1,0
CUST-002555,7,40.35,268.26,29.0,2,Month-to-month,DSL,Electronic check,No,No,No,Yes,0,1
CUST-000007,50,106.07,5809.49,45.0,1,Month-to-month,Fiber optic,Electronic check,Yes,No,Yes,No,0,0
CUST-002315,0,73.12,0.0,53.0,4,Month-to-month,Fiber optic,Electronic check,No internet service,No,Yes,No,0,1
CUST-005094,32,87.88,2870.02,20.0,2,Month-to-month,DSL,Bank transfer,No,No,No,No,1,1
CUST-004398,5,127.35,583.7,33.0,2,Two year,Fiber optic,Electronic check,Yes,Yes,Yes,No,0,0
CUST-004329,64,93.28,5678.94,18.0,0,Two year,Fiber optic,Bank transfer,Yes,Yes,Yes,No,0,1
CUST-005285,41,85.92,3517.78,57.0,3,Month-to-month,DSL,Mailed check,No internet service,Yes,Yes,No,0,0
CUST-001450,21,47.7,1052.2,23.0,2,Month-to-month,No,Credit card,Yes,Yes,Yes,No,0,0
CUST-001201,34,38.68,1281.88,67.0,0,Month-to-month,Fiber optic,Mailed check,Yes,No,Yes,No,0,0
CUST-002426,11,61.65,634.97,37.0,1,Month-to-month,DSL,Mailed check,No,Yes,Yes,No,0,0
CUST-002648,68,77.26,5368.12,37.0,0,Month-to-month,DSL,Electronic check,No,No,No,No,0,1
CUST-001814,64,34.24,2281.9,57.0,0,Month-to-month,Fiber optic,Credit card,No,No,Yes,Yes,0,0
CUST-002726,9,69.22,660.48,74.0,1,Month-to-month,No,Credit card,Yes,Yes,No,Yes,0,0
CUST-000773,52,60.54,3192.04,51.0,0,Two year,Fiber optic,Bank transfer,No,No,No,Yes,1,1
CUST-002274,12,39.99,495.59,32.0,0,Month-to-month,Fiber optic,Electronic check,No,Yes,No,No,0,1
CUST-001011,58,95.93,5737.1,46.0,2,Two year,No,Bank transfer,Yes,Yes,No,Yes,0,0
CUST-005653,33,79.99,2617.81,66.0,1,Two year,No,Bank transfer,,Yes,Yes,No,0,0
CUST-003489,51,15.0,745.22,41.0,1,One year,Fiber optic,Mailed check,Yes,Yes,Yes,No,0,0
CUST-001991,31,29.62,,20.0,2,One year,DSL,Credit card,No,No,No,Yes,0,1
CUST-001277,56,65.85,3814.48,58.0,1,Month-to-month,No,Mailed check,No internet service,Yes,No,No,0,0
CUST-001783,69,86.71,6422.63,76.0,0,Month-to-month,No,Electronic check,No internet service,Yes,Yes,No,0,0
CUST-004267,67,86.17,5473.24,25.0,0,One year,DSL,Bank transfer,No,Yes,Yes,No,0,0
CUST-000446,22,58.05,1313.45,43.0,1,Month-to-month,Fiber optic,Credit card,No internet service,Yes,No,No,0,1
CUST-000880,6,58.86,339.8,79.0,2,Month-to-month,Fiber optic,Electronic check,No internet service,No,No,Yes,0,1
CUST-005474,4,23.42,95.61,68.0,0,Month-to-month,Fiber optic,Mailed check,No internet service,Yes,No,No,0,1
CUST-005366,6,54.01,336.58,59.0,1,Two year,Fiber optic,Electronic check,Yes,No,No,Yes,0,0
CUST-002727,2,74.47,148.19,23.0,2,Month-to-month,Fiber optic,Mailed check,Yes,Yes,Yes,Yes,0,1
CUST-003048,12,102.46,1404.76,25.0,1,Month-to-month,Fiber optic,Credit card,No,Yes,Yes,Yes,0,1
CUST-000781,46,45.46,2131.23,74.0,1,Month-to-month,DSL,Bank transfer,No,Yes,No,No,0,0
CUST-002651,64,51.2,3231.99,33.0,1,Month-to-month,No,Credit card,No,No,Yes,No,0,1
CUST-005851,43,56.91,2387.78,58.0,0,Month-to-month,DSL,Electronic check,No,Yes,Yes,No,0,1
CUST-001749,52,49.42,2749.23,34.0,3,Month-to-month,DSL,Credit card,No internet service,Yes,No,No,0,0
CUST-002126,22,65.86,1425.98,44.0,2,Month-to-month,DSL,Electronic check,No internet service,No,No,No,1,1
CUST-005235,62,30.95,1654.53,47.0,2,Month-to-month,DSL,Electronic check,No,Yes,Yes,No,0,0
CUST-002791,11,68.78,693.82,77.0,1,Month-to-month,No,Electronic check,No,Yes,No,No,1,1
CUST-002423,60,16.6,966.16,60.0,1,Month-to-month,Fiber optic,Mailed check,No,Yes,No,No,0,1
CUST-005881,72,108.97,7641.15,72.0,0,Month-to-month,Fiber optic,Electronic check,No,Yes,Yes,No,1,1
CUST-005185,47,31.19,1459.24,69.0,1,Month-to-month,Fiber optic,Electronic check,No,No,Yes,No,0,1
CUST-000883,11,63.43,643.03,70.0,2,Month-to-month,Fiber optic,Credit card,No,No,Yes,No,0,1
CUST-003379,28,66.96,1949.73,60.0,4,Month-to-month,No,Electronic check,Yes,No,Yes,No,0,1
CUST-001091,32,42.82,1429.19,27.0,1,Two year,Fiber optic,Electronic check,Yes,Yes,Yes,Yes,0,0
CUST-004355,60,49.85,2970.59,38.0,4,Month-to-month,Fiber optic,Electronic check,Yes,Yes,No,Yes,0,1
CUST-005216,57,80.86,4356.51,62.0,2,Two year,Fiber optic,Electronic check,No,No,No,Yes,0,0
CUST-000531,12,77.29,961.97,58.0,0,Month-to-month,DSL,Electronic check,Yes,No,Yes,No,1,1
CUST-003612,44,64.01,2808.55,20.0,0,Month-to-month,Fiber optic,Credit card,No internet service,Yes,No,No,0,1
CUST-002438,61,72.68,5074.23,66.0,0,Month-to-month,No,Bank transfer,No,Yes,No,No,0,0
CUST-004877,31,76.79,2407.52,38.0,0,Month-to-month,Fiber optic,Electronic check,Yes,Yes,Yes,No,0,1
CUST-005048,21,70.35,1431.38,38.0,0,One year,No,Bank transfer,No,No,No,Yes,0,0
CUST-003979,10,82.13,868.84,78.0,1,Two year,DSL,Bank transfer,Yes,Yes,Yes,Yes,0,0
CUST-004926,29,90.69,2794.84,22.0,1,One year,Fiber optic,Credit card,Yes,No,Yes,Yes,0,0
CUST-002290,28,74.8,2129.79,50.0,2,Month-to-month,No,Mailed check,No,Yes,No,No,1,1
CUST-001727,41,24.43,879.4,78.0,0,Month-to-month,No,Bank transfer,Yes,Yes,Yes,No,1,0
CUST-000610,60,75.11,4196.11,41.0,2,Month-to-month,DSL,Electronic check,No,Yes,No,No,0,1
CUST-000570,69,35.24,2274.05,40.0,1,Month-to-month,DSL,Mailed check,No internet service,No,No,No,0,0
CUST-004936,70,63.51,4609.29,31.0,4,Month-to-month,No,Bank transfer,No,No,No,No,0,0
CUST-001317,43,58.31,2433.93,60.0,2,Month-to-month,DSL,Mailed check,Yes,No,No,No,1,0
CUST-000343,37,89.03,3472.23,76.0,1,Month-to-month,DSL,Bank transfer,No,Yes,Yes,No,0,1
CUST-000587,7,46.82,318.83,64.0,2,Month-to-month,Fiber optic,Electronic check,No,No,Yes,Yes,0,0
CUST-004693,62,72.71,4327.64,24.0,0,Month-to-month,Fiber optic,Electronic check,No internet service,Yes,No,No,0,0
CUST-000636,17,86.27,1358.78,24.0,1,Month-to-month,Fiber optic,Credit card,Yes,Yes,Yes,No,0,1
CUST-000434,31,57.92,1817.3,27.0,0,Two year,DSL,Electronic check,Yes,No,Yes,Yes,0,0
CUST-001903,18,15.0,256.25,58.0,0,Month-to-month,No,Mailed check,No,Yes,No,No,0,1
CUST-000097,49,62.5,2757.95,50.0,1,Two year,DSL,Bank transfer,Yes,Yes,Yes,No,0,0
CUST-003198,71,69.25,4787.51,49.0,0,Month-to-month,No,Bank transfer,Yes,Yes,No,No,0,0
CUST-003447,41,55.24,2376.66,21.0,1,One year,Fiber optic,Bank transfer,Yes,No,No,No,1,0
CUST-003402,11,19.11,204.4,55.0,2,One year,Fiber optic,Credit card,No,No,Yes,No,0,0
CUST-005735,40,54.74,2277.59,21.0,0,Month-to-month,DSL,Bank transfer,No,Yes,Yes,No,0,0
CUST-002069,30,47.58,1431.17,34.0,0,Month-to-month,Fiber optic,Bank transfer,No,Yes,No,Yes,0,0
CUST-001537,8,72.45,520.17,73.0,0,Month-to-month,Fiber optic,Bank transfer,No,Yes,Yes,No,0,0
CUST-003227,27,72.16,1957.75,48.0,2,One year,DSL,Bank transfer,Yes,Yes,No,No,0,0
CUST-004147,62,95.69,5745.6,41.0,1,Month-to-month,No,Mailed check,Yes,Yes,No,No,0,0
CUST-004787,0,32.33,0.0,28.0,0,Two year,DSL,Electronic check,No,Yes,Yes,No,0,0
CUST-005154,58,80.36,5024.27,19.0,1,Month-to-month,No,Electronic check,No internet service,Yes,No,No,0,0
CUST-001517,3,45.78,148.12,62.0,0,Month-to-month,Fiber optic,Credit card,Yes,No,Yes,No,0,1
CUST-000965,42,49.09,2122.03,31.0,1,One year,Fiber optic,Electronic check,No internet service,Yes,Yes,No,0,0
CUST-005419,46,85.95,4257.36,73.0,3,One year,No,Bank transfer,No,Yes,No,Yes,0,0
CUST-000528,66,29.68,2112.36,41.0,0,One year,No,Mailed check,No,Yes,Yes,No,0,0
CUST-000176,52,44.68,2271.03,67.0,2,One year,Fiber optic,Mailed check,No internet service,Yes,Yes,No,0,1
CUST-002470,65,65.12,3888.32,52.0,0,One year,Fiber optic,Mailed check,Yes,Yes,Yes,No,0,0
CUST-004536,5,84.72,410.5,21.0,2,One year,Fiber optic,Mailed check,Yes,Yes,No,No,0,1
CUST-003895,67,55.02,3573.78,32.0,0,Month-to-month,No,Bank transfer,No,Yes,No,No,0,0
CUST-003001,49,25.39,1274.79,57.0,0,Month-to-month,DSL,Electronic check,No internet service,No,Yes,No,0,0
CUST-005150,11,35.1,384.93,50.0,1,Month-to-month,Fiber optic,Electronic check,Yes,Yes,Yes,No,0,0
CUST-000572,20,106.2,2075.82,34.0,1,Month-to-month,Fiber optic,Electronic check,No,No,No,No,0,0
CUST-005690,27,85.41,2324.08,74.0,2,One year,Fiber optic,Electronic check,Yes,No,No,No,0,1
CUST-000592,17,104.21,1867.79,29.0,1,Month-to-month,Fiber optic,Credit card,No,No,Yes,No,0,1
CUST-004990,47,23.13,1055.37,35.0,1,Month-to-month,DSL,Electronic check,No,Yes,No,No,0,1
CUST-003062,27,28.25,,29.0,3,Month-to-month,DSL,Electronic check,Yes,Yes,No,Yes,0,0
CUST-003504,1,92.32,83.82,40.0,1,Month-to-month,No,Electronic check,No internet service,No,No,Yes,0,1
CUST-002374,51,57.22,2842.52,,0,Month-to-month,Fiber optic,Credit card,No,Yes,No,No,0,0
CUST-003064,51,105.34,5668.85,25.0,0,Month-to-month,DSL,Mailed check,No,Yes,No,No,1,1
CUST-005648,71,72.46,5093.98,72.0,0,Two year,DSL,Credit card,No,Yes,No,Yes,0,1
CUST-004653,15,82.89,1274.86,42.0,2,One year,No,Electronic check,No internet service,Yes,Yes,No,0,0
CUST-003794,65,59.66,4166.1,36.0,3,Month-to-month,DSL,Bank transfer,No,Yes,Yes,Yes,0,0
CUST-002208,17,15.0,244.42,68.0,2,Month-to-month,Fiber optic,Credit card,Yes,No,No,No,0,0
CUST-003656,37,65.94,2508.21,65.0,1,Two year,No,Mailed check,No internet service,Yes,No,Yes,1,0
CUST-002492,67,49.33,3110.25,50.0,2,One year,Fiber optic,Credit card,No internet service,No,No,Yes,0,0
CUST-005296,0,67.62,0.0,77.0,0,Two year,No,Credit card,Yes,No,Yes,Yes,0,0
CUST-000383,17,60.96,1069.6,69.0,2,Month-to-month,DSL,Electronic check,No,Yes,No,No,0,0
CUST-000852,70,34.61,2459.8,59.0,2,One year,DSL,Credit card,No internet service,No,No,Yes,0,1
CUST-001880,28,64.01,1813.44,26.0,1,Month-to-month,Fiber optic,Electronic check,Yes,Yes,No,Yes,0,1
CUST-000370,24,89.4,,72.0,0,Month-to-month,DSL,Electronic check,No internet service,Yes,No,Yes,0,0
CUST-003384,58,51.69,3084.0,76.0,0,One year,Fiber optic,Credit card,Yes,Yes,No,No,0,0
CUST-004245,20,80.48,1678.78,52.0,3,Month-to-month,DSL,Electronic check,No internet service,Yes,Yes,No,0,1
CUST-005221,64,73.74,4548.55,59.0,1,Month-to-month,Fiber optic,Credit card,Yes,Yes,Yes,No,0,0
CUST-005187,9,71.31,646.95,68.0,0,Month-to-month,DSL,Electronic check,No,Yes,No,No,0,0
CUST-005982,67,61.03,4009.01,28.0,0,One year,DSL,Mailed check,Yes,Yes,No,Yes,0,0
CUST-001105,13,47.67,632.68,46.0,3,Two year,DSL,Bank transfer,No,Yes,Yes,Yes,0,0
CUST-004328,3,94.58,296.0,53.0,1,Month-to-month,No,Electronic check,No,Yes,No,Yes,0,1
CUST-002361,54,67.56,3703.14,31.0,4,One year,DSL,Mailed check,Yes,No,No,No,0,0
CUST-004837,4,95.73,409.09,45.0,1,One year,DSL,Bank transfer,No,Yes,Yes,Yes,0,1
CUST-001336,46,60.4,2970.05,59.0,4,Month-to-month,No,Electronic check,Yes,Yes,No,Yes,0,0
CUST-002189,42,56.8,2458.12,40.0,2,One year,Fiber optic,Electronic check,No,Yes,Yes,No,0,1
CUST-005522,54,73.25,4298.3,46.0,0,One year,DSL,Bank transfer,No,Yes,Yes,No,1,1
CUST-005758,39,57.55,2283.64,67.0,1,One year,No,Mailed check,Yes,No,Yes,No,0,0
CUST-003315,61,110.34,6723.67,33.0,0,Month-to-month,Fiber optic,Mailed check,Yes,Yes,No,No,0,1
CUST-002246,42,48.35,2011.18,32.0,0,One year,DSL,Bank transfer,No internet service,Yes,Yes,No,0,0
CUST-005633,20,68.1,1351.56,48.0,2,Month-to-month,No,Electronic check,No,Yes,No,Yes,0,0
CUST-005835,62,52.36,3212.6,63.0,2,Month-to-month,DSL,Mailed check,No,Yes,Yes,No,0,0
CUST-001171,46,56.21,2507.56,76.0,1,Month-to-month,No,Mailed check,Yes,No,No,No,0,1
CUST-003691,45,47.31,2096.76,73.0,1,Two year,No,Electronic check,Yes,No,Yes,Yes,0,0
CUST-003831,14,56.15,740.83,23.0,4,Month-to-month,No,Credit card,No internet service,Yes,Yes,Yes,0,0
CUST-001422,42,46.23,2021.68,50.0,5,One year,No,Mailed check,No internet service,Yes,No,No,1,0
CUST-002686,17,76.82,1267.41,34.0,2,Two year,No,Credit card,No,No,Yes,No,1,0
CUST-005400,62,105.82,6994.88,,1,Month-to-month,Fiber optic,Credit card,No,No,Yes,No,0,0
CUST-003340,39,142.55,4860.55,59.0,1,Month-to-month,Fiber optic,Mailed check,No,Yes,Yes,No,0,0
CUST-005465,40,36.41,1472.19,67.0,0,Two year,DSL,Bank transfer,Yes,Yes,Yes,No,0,0
CUST-004989,64,44.25,2785.2,74.0,0,One year,DSL,Electronic check,No,No,Yes,Yes,0,1
CUST-001464,62,53.39,3314.38,27.0,2,Month-to-month,No,Electronic check,Yes,No,No,No,0,1
CUST-000874,50,68.98,3512.13,31.0,1,One year,Fiber optic,Mailed check,No internet service,Yes,No,Yes,0,0
CUST-002297,35,86.7,2835.76,70.0,0,Month-to-month,DSL,Electronic check,Yes,No,Yes,No,1,0
CUST-002643,34,75.13,2479.85,71.0,4,Month-to-month,Fiber optic,Electronic check,No,Yes,Yes,No,0,0
CUST-003323,46,35.99,1805.2,54.0,3,Month-to-month,DSL,Electronic check,Yes,No,Yes,Yes,0,0
CUST-005207,55,79.23,4156.97,27.0,1,One year,DSL,Electronic check,No,No,No,Yes,0,0
CUST-001251,30,64.28,2020.16,23.0,4,One year,No,Credit card,No,Yes,Yes,No,0,1
CUST-005482,22,57.42,1327.51,72.0,1,Month-to-month,DSL,Credit card,No,Yes,Yes,Yes,0,0
CUST-000840,21,78.65,1694.51,68.0,1,One year,No,Bank transfer,No internet service,Yes,Yes,Yes,0,0
CUST-004829,35,50.54,1792.99,62.0,1,One year,No,Mailed check,No,Yes,No,Yes,0,0
CUST-000581,60,73.92,4624.92,65.0,3,Month-to-month,Fiber optic,Electronic check,No,Yes,Yes,No,0,1
CUST-000204,33,91.64,3290.09,47.0,3,Month-to-month,DSL,Credit card,Yes,Yes,Yes,No,0,0
CUST-001641,3,91.11,256.81,18.0,2,Month-to-month,Fiber optic,Electronic check,Yes,No,No,No,0,1
CUST-002014,47,73.86,3737.27,66.0,2,Month-to-month,Fiber optic,Credit card,No,No,No,No,0,0
CUST-003253,27,70.73,2030.1,20.0,1,Two year,Fiber optic,Credit card,Yes,Yes,No,No,0,0
CUST-000905,51,57.03,2767.38,29.0,0,One year,No,Bank transfer,No internet service,Yes,Yes,No,0,0
CUST-000631,23,99.53,2241.46,78.0,1,Month-to-month,No,Credit card,No,No,No,Yes,0,1
CUST-004258,44,38.2,1672.15,21.0,0,Month-to-month,Fiber optic,Bank transfer,No internet service,Yes,Yes,No,0,0
CUST-001974,40,40.95,1710.05,65.0,0,Month-to-month,Fiber optic,Electronic check,Yes,Yes,Yes,No,0,1
CUST-000162,29,36.66,1038.53,78.0,0,One year,DSL,Electronic check,No,Yes,No,No,0,0
CUST-004318,62,53.15,3311.87,68.0,3,Month-to-month,DSL,Mailed check,No,Yes,No,No,0,0
CUST-004081,20,68.8,1401.27,22.0,1,One year,Fiber optic,Mailed check,No,No,Yes,No,1,0
CUST-005740,54,93.17,4885.35,49.0,2,Month-to-month,Fiber optic,Mailed check,Yes,Yes,No,No,1,0
CUST-003535,5,129.84,612.21,54.0,4,Month-to-month,Fiber optic,Mailed check,No,Yes,Yes,No,0,0
CUST-000617,19,46.43,923.76,,1,Month-to-month,Fiber optic,Mailed check,No,Yes,Yes,No,0,1
CUST-000875,36,62.53,2142.75,21.0,1,Month-to-month,No,Bank transfer,No internet service,Yes,Yes,Yes,0,1
CUST-001431,13,15.0,184.12,49.0,2,Month-to-month,Fiber optic,Bank transfer,No internet service,Yes,Yes,No,0,1
CUST-002973,71,66.32,4804.21,28.0,2,Month-to-month,DSL,Credit card,No internet service,Yes,Yes,No,0,1
CUST-004160,29,51.33,1402.65,27.0,0,Month-to-month,Fiber optic,Electronic check,Yes,No,Yes,No,1,0
CUST-000547,43,52.53,2223.4,63.0,1,Two year,Fiber optic,Electronic check,Yes,Yes,Yes,Yes,0,0
CUST-004436,47,81.2,3996.68,56.0,1,Month-to-month,DSL,Bank transfer,No,Yes,No,No,1,1
CUST-005469,19,55.18,1064.87,21.0,2,Month-to-month,Fiber optic,Electronic check,No internet service,Yes,No,No,0,1
CUST-005064,37,32.0,1101.48,41.0,1,Two year,DSL,Bank transfer,Yes,Yes,Yes,Yes,0,0
CUST-003403,71,74.48,5059.69,74.0,0,Month-to-month,Fiber optic,Electronic check,Yes,No,Yes,No,0,1
CUST-003786,12,63.84,786.11,45.0,3,Month-to-month,DSL,Mailed check,No,Yes,Yes,No,0,1
CUST-003529,8,58.09,474.53,68.0,2,One year,DSL,Credit card,No internet service,Yes,No,No,0,0
CUST-004906,20,59.34,1181.57,39.0,2,Two year,Fiber optic,Electronic check,No internet service,Yes,Yes,No,0,0
CUST-002856,41,99.37,4073.67,56.0,1,Month-to-month,No,Electronic check,No internet service,No,Yes,No,0,0
CUST-001861,21,93.53,1880.92,28.0,1,Month-to-month,DSL,Credit card,Yes,Yes,Yes,Yes,1,0
CUST-002659,11,88.37,944.89,69.0,0,Month-to-month,Fiber optic,Bank transfer,No internet service,No,Yes,No,0,0
CUST-005525,7,37.1,,56.0,1,One year,No,Electronic check,No,Yes,No,No,0,0
CUST-000640,48,63.19,2807.79,41.0,4,One year,DSL,Mailed check,No,Yes,Yes,No,0,0
CUST-003835,52,109.21,6352.86,53.0,1,One year,Fiber optic,Credit card,Yes,Yes,Yes,No,0,1
CUST-001009,37,44.05,1618.34,30.0,2,Month-to-month,Fiber optic,Credit card,No internet service,No,No,No,0,1
CUST-005886,72,27.78,,61.0,1,Month-to-month,DSL,Electronic check,Yes,Yes,Yes,Yes,0,1
CUST-000637,21,83.14,1681.43,34.0,0,Two year,No,Electronic check,No,Yes,No,No,0,0
CUST-004915,7,27.57,195.94,25.0,0,Month-to-month,No,Electronic check,No,No,Yes,No,0,0
CUST-004518,51,37.36,1988.78,36.0,1,Month-to-month,Fiber optic,Bank transfer,Yes,No,No,No,0,0
CUST-002308,22,47.53,1073.13,35.0,1,One year,Fiber optic,Mailed check,No,No,Yes,No,0,1
CUST-004182,7,62.13,411.43,29.0,2,Month-to-month,DSL,Mailed check,No internet service,Yes,Yes,No,0,0
CUST-003145,40,116.3,4946.82,49.0,2,Month-to-month,No,Mailed check,Yes,No,No,No,0,1
CUST-004333,65,51.5,3415.06,43.0,3,One year,Fiber optic,Credit card,No,Yes,Yes,No,0,1
CUST-002096,68,17.84,1104.04,56.0,2,Two year,Fiber optic,Electronic check,No,Yes,No,No,1,0
CUST-003534,6,68.65,373.72,42.0,2,One year,Fiber optic,Electronic check,No,No,No,Yes,0,0
CUST-001956,38,94.48,3713.34,38.0,1,Month-to-month,Fiber optic,Credit card,Yes,Yes,Yes,No,0,1
CUST-001372,32,65.01,2046.54,34.0,2,Month-to-month,Fiber optic,Mailed check,Yes,Yes,Yes,No,0,1
CUST-004047,18,105.24,,72.0,3,Month-to-month,Fiber optic,Bank transfer,Yes,No,No,No,0,1
CUST-000921,41,67.29,2794.2,29.0,0,Month-to-month,DSL,Electronic check,No internet service,Yes,No,No,1,0
CUST-000546,31,65.46,2016.24,45.0,0,Two year,DSL,Mailed check,No,No,No,No,0,1
CUST-001449,7,76.87,515.97,28.0,2,Month-to-month,Fiber optic,Mailed check,Yes,Yes,Yes,Yes,0,0
CUST-002804,12,81.53,1001.64,36.0,2,Month-to-month,No,Electronic check,No,No,No,No,0,1
CUST-002610,70,34.9,2610.26,74.0,1,Month-to-month,Fiber optic,Bank transfer,Yes,Yes,Yes,Yes,1,0
CUST-001900,39,44.71,1657.65,25.0,4,Two year,Fiber optic,Bank transfer,No internet service,No,No,No,0,1
CUST-002757,46,110.28,4956.33,19.0,1,Two year,Fiber optic,Bank transfer,No internet service,Yes,Yes,No,0,1
CUST-002028,38,80.66,3209.76,43.0,0,Month-to-month,Fiber optic,Bank transfer,No,No,Yes,No,0,0
CUST-002301,10,49.35,506.44,21.0,1,Month-to-month,No,Credit card,No internet service,No,Yes,No,0,0
CUST-001885,13,79.52,1016.26,61.0,1,Month-to-month,DSL,Mailed check,Yes,Yes,Yes,No,1,1
CUST-001642,32,74.06,2611.63,53.0,1,One year,Fiber optic,Electronic check,No internet service,Yes,Yes,No,0,0
CUST-000972,34,126.16,4456.41,78.0,3,One year,Fiber optic,Credit card,No,No,Yes,No,0,0
CUST-005787,44,27.54,1189.48,50.0,0,Month-to-month,No,Credit card,No,Yes,No,No,0,0
CUST-002097,62,94.05,5771.47,36.0,1,Two year,Fiber optic,Bank transfer,Yes,No,No,No,0,0
CUST-005594,62,126.89,7915.96,57.0,1,One year,No,Electronic check,No,No,No,Yes,1,0
CUST-004591,2,51.88,110.44,70.0,4,Two year,DSL,Credit card,Yes,Yes,No,Yes,0,0
CUST-005407,59,93.22,5915.57,49.0,2,One year,Fiber optic,Electronic check,Yes,No,Yes,No,0,1
CUST-005983,59,79.25,4362.04,50.0,1,Two year,Fiber optic,Electronic check,Yes,No,No,No,0,0
CUST-000836,59,83.76,4733.41,51.0,1,One year,Fiber optic,Electronic check,No,Yes,Yes,No,0,0
CUST-000601,56,76.78,4548.95,62.0,0,One year,DSL,Electronic check,No,Yes,No,No,0,0
CUST-002184,46,60.0,2982.03,56.0,0,Month-to-month,No,Electronic check,No,No,No,No,0,0
CUST-005295,58,48.18,2580.63,56.0,1,Month-to-month,Fiber optic,Credit card,No,Yes,Yes,No,1,1
CUST-001054,5,76.0,413.55,32.0,0,Month-to-month,DSL,Credit card,No,Yes,Yes,Yes,0,1
CUST-005165,5,64.6,306.42,46.0,0,Month-to-month,DSL,Bank transfer,Yes,No,No,No,0,0
CUST-001582,37,88.87,3320.93,24.0,0,Month-to-month,DSL,Mailed check,Yes,No,No,No,1,1
CUST-005117,33,74.36,2541.55,30.0,1,Two year,No,Mailed check,Yes,No,Yes,No,0,0
CUST-003605,9,59.14,479.13,77.0,2,One year,DSL,Electronic check,No,No,Yes,No,0,0
CUST-003881,16,71.19,1196.62,37.0,3,One year,DSL,Bank transfer,No internet service,No,Yes,Yes,0,0
CUST-001070,49,120.97,5599.02,25.0,1,Month-to-month,Fiber optic,Electronic check,No,No,No,No,1,1
CUST-001775,9,44.83,360.04,64.0,0,Month-to-month,Fiber optic,Credit card,No,No,Yes,No,0,1
CUST-005786,47,66.4,2876.67,36.0,0,Month-to-month,No,Bank transfer,No internet service,Yes,No,No,0,0
CUST-001283,58,95.24,5610.7,57.0,0,Month-to-month,Fiber optic,Electronic check,No,No,Yes,Yes,1,1
CUST-005003,49,51.48,2446.97,29.0,2,Month-to-month,DSL,Credit card,Yes,Yes,No,Yes,0,0
CUST-004394,37,53.68,1959.52,34.0,0,One year,DSL,Bank transfer,No,Yes,No,No,0,0
CUST-005721,30,35.1,1045.54,28.0,0,Month-to-month,No,Electronic check,Yes,No,Yes,No,0,0
CUST-001836,68,105.02,6711.84,77.0,2,One year,Fiber optic,Mailed check,No internet service,No,No,Yes,0,1
CUST-005089,38,83.65,3213.6,54.0,1,Month-to-month,DSL,Credit card,No,Yes,Yes,No,0,1
CUST-001019,8,63.35,483.98,59.0,2,Two year,No,Bank transfer,Yes,No,Yes,No,0,0
CUST-000970,21,59.22,1330.91,45.0,0,Month-to-month,Fiber optic,Mailed check,No,Yes,Yes,No,0,0
CUST-001326,49,55.76,2827.87,30.0,1,Two year,Fiber optic,Credit card,No,Yes,No,No,0,0
CUST-005905,10,27.38,280.09,42.0,0,Month-to-month,DSL,Electronic check,No internet service,Yes,No,No,0,0
CUST-000475,57,77.34,4589.01,43.0,1,Month-to-month,Fiber optic,Mailed check,No,Yes,Yes,No,0,0
CUST-002810,37,81.34,3185.28,52.0,4,Month-to-month,DSL,Credit card,No,Yes,No,No,0,1
CUST-004509,70,78.12,5458.22,27.0,3,Month-to-month,DSL,Credit card,No,Yes,No,Yes,0,0
CUST-001651,1,57.62,49.45,51.0,2,Month-to-month,No,Electronic check,No,Yes,No,Yes,0,1
CUST-005589,61,64.82,3871.39,40.0,2,One year,DSL,Bank transfer,No,No,Yes,Yes,0,0
CUST-005137,47,105.78,4998.03,23.0,1,Month-to-month,No,Bank transfer,Yes,No,No,No,0,0
CUST-002528,6,60.97,390.5,79.0,4,One year,No,Bank transfer,No internet service,Yes,No,No,1,0
CUST-004295,72,41.57,2855.98,40.0,0,Two year,Fiber optic,Mailed check,Yes,Yes,No,Yes,1,1
CUST-003528,13,89.25,1177.04,67.0,0,Month-to-month,Fiber optic,Credit card,No internet service,No,No,No,0,1
CUST-003680,51,66.6,3247.03,40.0,1,Month-to-month,Fiber optic,Bank transfer,Yes,Yes,No,No,0,0
CUST-001373,30,71.49,2117.71,67.0,1,Month-to-month,Fiber optic,Electronic check,No internet service,Yes,No,No,1,1
CUST-000739,65,79.18,4794.88,68.0,2,Month-to-month,DSL,Mailed check,No,Yes,No,Yes,0,1
CUST-004624,28,103.26,2787.87,69.0,1,Month-to-month,Fiber optic,Electronic check,No internet service,No,Yes,No,0,1
CUST-003479,56,39.94,2203.9,71.0,3,Month-to-month,DSL,Credit card,Yes,Yes,Yes,No,0,0
CUST-000867,61,57.02,3722.48,60.0,3,Two year,DSL,Bank transfer,Yes,Yes,Yes,No,0,0
CUST-002974,1,43.37,41.36,77.0,2,One year,No,Bank transfer,Yes,Yes,Yes,No,0,0
CUST-001140,64,100.4,6095.78,60.0,1,Month-to-month,Fiber optic,Credit card,No,Yes,Yes,No,1,1
CUST-000997,26,38.59,929.08,73.0,1,Month-to-month,DSL,Electronic check,No internet service,No,Yes,Yes,0,1
CUST-001337,21,33.22,632.67,57.0,1,Month-to-month,No,Mailed check,Yes,No,No,No,0,0
CUST-000541,4,32.27,121.24,71.0,0,Month-to-month,Fiber optic,Mailed check,Yes,No,Yes,No,0,0
CUST-001099,31,79.68,2575.85,21.0,5,Month-to-month,Fiber optic,Credit card,No internet service,No,Yes,Yes,0,1
CUST-001132,57,75.38,4140.87,53.0,2,Month-to-month,No,Credit card,No,Yes,Yes,No,0,0
CUST-005840,56,27.59,1451.61,25.0,2,One year,Fiber optic,Bank transfer,No,Yes,No,No,1,0
CUST-003866,38,103.0,3558.41,70.0,1,Month-to-month,DSL,Bank transfer,Yes,No,Yes,No,0,1
CUST-002258,0,77.78,0.0,36.0,2,Month-to-month,No,Mailed check,No,No,Yes,No,0,0
CUST-005242,66,34.06,2383.24,50.0,1,Two year,Fiber optic,Credit card,No internet service,No,Yes,No,0,0
CUST-002962,71,59.58,4106.23,28.0,0,Month-to-month,DSL,Credit card,Yes,Yes,No,No,0,0
CUST-000059,49,63.52,3066.51,,3,Month-to-month,Fiber optic,Credit card,No,Yes,Yes,No,0,0
CUST-003259,29,31.84,842.76,54.0,2,Month-to-month,Fiber optic,Bank transfer,Yes,No,Yes,No,0,1
CUST-002206,9,76.72,726.99,70.0,1,One year,DSL,Mailed check,No,Yes,No,No,0,0
CUST-001938,70,69.51,4956.11,45.0,0,Month-to-month,DSL,Credit card,No,Yes,Yes,No,0,1
CUST-005331,58,65.89,3329.95,70.0,2,One year,No,Electronic check,Yes,No,No,Yes,0,0
CUST-005948,68,63.21,4312.83,62.0,1,Two year,DSL,Bank transfer,Yes,No,Yes,No,0,0
CUST-004932,65,63.79,4394.27,58.0,1,One year,Fiber optic,Credit card,No,No,Yes,Yes,0,0
CUST-002813,70,19.53,1432.0,,2,One year,DSL,Credit card,Yes,Yes,Yes,No,0,0
CUST-005208,35,91.46,3208.8,55.0,2,Two year,Fiber optic,Electronic check,Yes,Yes,Yes,No,1,0
CUST-003442,33,68.58,2104.39,62.0,1,One year,DSL,Electronic check,No,No,Yes,No,0,0
CUST-001078,30,71.41,2121.06,74.0,0,One year,Fiber optic,Mailed check,No internet service,No,Yes,No,0,0
CUST-004838,62,51.49,3083.02,44.0,1,Month-to-month,Fiber optic,Credit card,Yes,Yes,No,Yes,0,0
CUST-005524,44,50.84,2057.55,31.0,1,Month-to-month,No,Credit card,No,Yes,Yes,No,1,1
CUST-004531,9,68.0,606.2,29.0,3,Month-to-month,DSL,Credit card,Yes,No,No,No,0,0
CUST-003737,38,60.7,2393.74,59.0,0,One year,No,Mailed check,Yes,Yes,Yes,No,0,0
CUST-005832,60,71.84,4351.51,21.0,0,Month-to-month,Fiber optic,Mailed check,No,Yes,Yes,No,1,1
CUST-002630,68,31.9,2195.35,65.0,2,Month-to-month,DSL,Electronic check,No,Yes,Yes,No,0,1
CUST-004817,24,47.78,1058.09,53.0,1,Two year,DSL,Bank transfer,Yes,No,No,No,0,0
CUST-005521,47,58.04,2760.32,35.0,0,Month-to-month,Fiber optic,Credit card,Yes,Yes,No,Yes,0,0
CUST-005879,0,75.55,0.0,60.0,2,Month-to-month,No,Bank transfer,No,Yes,No,Yes,0,0
CUST-000940,50,34.7,1786.34,35.0,1,Month-to-month,No,Electronic check,Yes,No,Yes,No,0,0
CUST-001080,67,108.07,7020.58,55.0,2,Month-to-month,No,Mailed check,No internet service,Yes,Yes,No,0,1
CUST-000187,27,73.34,1869.1,60.0,0,Month-to-month,Fiber optic,Bank transfer,No,Yes,Yes,Yes,0,0
CUST-003745,71,78.7,5942.8,50.0,1,One year,Fiber optic,Bank transfer,Yes,Yes,Yes,Yes,1,0
CUST-004145,20,42.19,856.46,73.0,2,One year,Fiber optic,Bank transfer,No,No,No,No,0,0
CUST-002085,47,35.24,1734.51,53.0,2,Month-to-month,Fiber optic,Electronic check,No,Yes,Yes,No,0,1
CUST-002249,30,63.49,2049.57,67.0,1,Two year,DSL,Credit card,Yes,No,Yes,Yes,0,0
CUST-003711,72,50.17,3569.77,74.0,2,Month-to-month,Fiber optic,Electronic check,Yes,No,Yes,No,0,1
CUST-005914,38,15.0,583.83,78.0,1,Month-to-month,DSL,Mailed check,No,Yes,Yes,No,0,0
CUST-002023,43,67.0,,39.0,0,Two year,DSL,Electronic check,Yes,Yes,Yes,No,1,0
CUST-003817,58,82.4,4736.85,72.0,1,Month-to-month,Fiber optic,Electronic check,Yes,Yes,Yes,No,0,0
CUST-001492,2,83.19,156.09,27.0,1,Month-to-month,Fiber optic,Electronic check,No,No,No,No,0,0
CUST-004617,43,71.89,3120.68,40.0,0,One year,No,Electronic check,Yes,No,Yes,Yes,0,0
CUST-004066,62,76.77,5103.71,69.0,0,One year,Fiber optic,Mailed check,Yes,No,Yes,No,0,0
CUST-000226,59,47.54,2941.12,30.0,1,Two year,DSL,Mailed check,No,No,No,No,0,0
CUST-001013,22,97.7,2267.16,70.0,2,Month-to-month,DSL,Electronic check,No,Yes,Yes,No,0,0
CUST-002583,48,66.87,3472.68,79.0,1,Month-to-month,DSL,Electronic check,No internet service,Yes,Yes,No,0,0
CUST-001929,69,81.66,5626.24,71.0,4,Month-to-month,Fiber optic,Credit card,No,Yes,Yes,No,0,0
CUST-004229,1,54.6,54.36,48.0,1,Two year,Fiber optic,Electronic check,Yes,No,Yes,No,0,0
CUST-005402,49,62.89,3132.22,50.0,2,Month-to-month,Fiber optic,Bank transfer,No internet service,Yes,Yes,No,0,1
CUST-001404,12,53.23,615.29,78.0,1,Month-to-month,Fiber optic,Bank transfer,Yes,No,Yes,No,0,1
CUST-002179,33,65.26,2202.68,,1,Two year,DSL,Electronic check,Yes,No,Yes,No,1,0
CUST-000697,43,83.17,3526.85,72.0,0,Two year,No,Mailed check,No,No,No,Yes,0,0
CUST-001124,61,82.84,5192.34,44.0,3,Month-to-month,DSL,Credit card,No,Yes,Yes,No,0,1
CUST-003282,70,57.79,4076.7,49.0,0,One year,Fiber optic,Bank transfer,No,No,No,No,0,0
CUST-003984,62,54.57,3649.31,61.0,0,Month-to-month,No,Electronic check,No,No,Yes,Yes,0,1
CUST-004648,21,88.5,1823.42,29.0,1,Month-to-month,No,Mailed check,No,Yes,Yes,No,0,0
CUST-001778,22,50.98,1109.15,73.0,2,Month-to-month,Fiber optic,Credit card,No,Yes,No,No,0,0
CUST-002634,6,34.68,208.43,61.0,1,Two year,Fiber optic,Electronic check,No,Yes,No,No,1,1
CUST-003091,28,31.59,,79.0,2,Two year,DSL,Mailed check,No,No,Yes,No,0,0
CUST-004073,68,24.87,1766.48,32.0,0,Month-to-month,Fiber optic,Electronic check,Yes,Yes,No,Yes,0,0
CUST-001037,1,25.91,26.91,34.0,0,One year,Fiber optic,Mailed check,No,Yes,Yes,Yes,0,0
CUST-005010,61,70.01,4194.96,43.0,0,Month-to-month,No,Mailed check,No,Yes,No,Yes,0,0
CUST-002256,58,38.88,2244.2,70.0,1,One year,Fiber optic,Mailed check,No,No,No,Yes,0,0
CUST-003796,50,21.83,1054.45,20.0,3,Two year,DSL,Credit card,No,Yes,No,No,1,0
CUST-005954,49,51.28,2314.81,51.0,2,Month-to-month,DSL,Electronic check,Yes,No,Yes,Yes,0,0
CUST-000313,20,43.9,878.52,66.0,0,Month-to-month,Fiber optic,Electronic check,No,Yes,Yes,No,0,1
CUST-002649,24,102.55,2468.21,47.0,1,Month-to-month,DSL,Electronic check,No,No,No,No,0,0
CUST-002281,25,78.44,2013.28,30.0,1,One year,No,Bank transfer,No,Yes,Yes,Yes,1,0
CUST-003716,25,23.48,628.22,62.0,1,Month-to-month,DSL,Mailed check,No internet service,No,No,No,0,1
CUST-004301,47,74.52,3250.55,48.0,4,Month-to-month,Fiber optic,Electronic check,Yes,No,Yes,No,0,0
CUST-002547,42,81.77,3419.73,23.0,2,Month-to-month,Fiber optic,Credit card,Yes,Yes,No,Yes,0,0
CUST-001416,46,77.98,3459.94,55.0,2,One year,DSL,Bank transfer,Yes,Yes,No,No,1,0
CUST-001036,65,39.13,2819.52,54.0,0,Month-to-month,Fiber optic,Credit card,Yes,Yes,No,No,0,1
CUST-002159,24,31.49,692.16,61.0,2,One year,Fiber optic,Electronic check,No,No,No,No,0,0
CUST-002984,52,68.44,3339.07,59.0,1,One year,DSL,Electronic check,Yes,No,No,No,0,0
CUST-003137,34,37.9,1298.93,48.0,0,Month-to-month,DSL,Mailed check,Yes,No,Yes,Yes,0,0
CUST-004997,59,51.56,3181.75,43.0,0,Month-to-month,Fiber optic,Electronic check,No internet service,No,Yes,Yes,0,1
CUST-001754,45,27.49,1298.55,76.0,2,Month-to-month,DSL,Mailed check,No,No,Yes,No,0,1
CUST-005949,36,39.61,1512.66,22.0,2,One year,No,Mailed check,No,Yes,Yes,Yes,0,0
CUST-004004,58,51.31,2826.92,49.0,2,Month-to-month,Fiber optic,Mailed check,Yes,No,No,No,0,0
CUST-005896,1,82.12,75.7,55.0,0,Month-to-month,Fiber optic,Electronic check,No,No,Yes,No,1,1
CUST-003649,53,69.05,3367.41,55.0,0,Two year,No,Bank transfer,No internet service,Yes,No,Yes,0,0
CUST-002520,32,39.26,1108.52,18.0,3,Month-to-month,Fiber optic,Credit card,No,Yes,Yes,No,0,1
CUST-000873,9,44.21,391.77,62.0,1,Month-to-month,Fiber optic,Electronic check,No,No,Yes,No,1,1
CUST-004444,53,18.2,920.77,48.0,1,Two year,DSL,Mailed check,No,No,Yes,No,1,0
CUST-004503,56,91.97,5102.14,60.0,2,Month-to-month,No,Electronic check,No internet service,Yes,Yes,No,1,0
CUST-001506,66,40.94,2719.45,77.0,0,One year,Fiber optic,Bank transfer,Yes,Yes,No,Yes,1,0
CUST-003915,5,15.0,77.63,23.0,1,Month-to-month,Fiber optic,Electronic check,No,Yes,Yes,No,1,0
CUST-001923,31,28.35,908.84,35.0,1,One year,Fiber optic,Electronic check,No,No,No,No,0,0
CUST-000448,38,73.12,2917.53,,0,One year,DSL,Electronic check,Yes,Yes,Yes,Yes,0,0
CUST-003482,58,39.65,2480.03,72.0,1,Month-to-month,Fiber optic,Bank transfer,Yes,No,Yes,No,0,1
CUST-005952,14,109.86,1588.93,56.0,0,Two year,DSL,Credit card,No,Yes,No,No,0,0
CUST-005985,22,59.61,1343.72,47.0,1,One year,DSL,Mailed check,No,No,No,No,0,0
CUST-003655,35,48.82,1775.14,72.0,0,Month-to-month,No,Electronic check,No,No,No,No,1,1
CUST-003257,14,60.71,861.7,44.0,2,Month-to-month,No,Electronic check,No,Yes,No,Yes,0,0
CUST-000361,65,50.43,3379.93,47.0,0,Month-to-month,DSL,Bank transfer,No,Yes,No,No,0,0
CUST-002183,47,85.08,4083.49,33.0,0,One year,DSL,Credit card,Yes,No,No,No,0,0
CUST-001134,44,63.13,2927.07,49.0,1,Month-to-month,No,Credit card,No,Yes,No,No,0,0
CUST-005425,18,117.09,2090.53,31.0,1,Month-to-month,No,Mailed check,No internet service,No,No,No,0,0
CUST-003199,19,87.3,1784.26,68.0,1,Month-to-month,No,Electronic check,Yes,Yes,No,No,0,0
CUST-004795,13,81.23,1083.44,21.0,0,Month-to-month,DSL,Electronic check,Yes,No,No,No,0,1
CUST-003438,68,118.01,7579.85,38.0,4,Month-to-month,No,Electronic check,No internet service,Yes,No,No,0,1
CUST-002155,35,29.09,1001.29,62.0,1,Month-to-month,No,Electronic check,No,No,No,No,0,0
CUST-001830,25,105.16,2458.01,47.0,1,One year,DSL,Bank transfer,No internet service,No,No,No,0,0
CUST-001053,69,36.9,2496.92,35.0,3,Month-to-month,Fiber optic,Electronic check,No internet service,Yes,Yes,Yes,0,1
CUST-002460,24,44.29,1081.35,36.0,1,Two year,Fiber optic,Bank transfer,Yes,No,No,No,0,0
CUST-000022,13,39.55,538.18,21.0,0,One year,No,Electronic check,Yes,No,No,No,0,0
CUST-002066,52,42.68,2215.71,50.0,1,Month-to-month,Fiber optic,Credit card,No internet service,Yes,No,No,0,1
CUST-001653,43,77.65,3483.68,62.0,1,One year,Fiber optic,Bank transfer,No,No,Yes,Yes,0,0
CUST-003684,71,64.19,4546.21,38.0,1,Month-to-month,Fiber optic,Electronic check,No internet service,Yes,Yes,No,0,1
CUST-004692,72,65.11,4866.33,73.0,2,Month-to-month,DSL,Electronic check,No internet service,Yes,Yes,No,0,0
CUST-002743,69,23.85,1540.31,28.0,1,One year,Fiber optic,Bank transfer,No,No,Yes,Yes,1,0
CUST-004154,16,49.12,802.99,41.0,2,Month-to-month,Fiber optic,Electronic check,No,No,No,No,0,1
CUST-004888,24,89.89,2177.65,79.0,1,Month-to-month,DSL,Electronic check,No,No,No,Yes,0,0
CUST-002468,1,83.29,85.17,76.0,1,Two year,Fiber optic,Bank transfer,Yes,Yes,Yes,No,0,0
CUST-002325,60,27.81,1691.03,49.0,2,One year,No,Bank transfer,No internet service,No,Yes,No,0,0
CUST-000460,52,38.82,1906.5,51.0,1,Month-to-month,Fiber optic,Electronic check,No,Yes,No,No,0,1
CUST-001067,46,71.33,3275.26,61.0,3,Month-to-month,DSL,Electronic check,No,No,No,Yes,0,0
CUST-000087,22,34.37,827.62,55.0,2,Month-to-month,DSL,Electronic check,Yes,No,No,No,0,0
CUST-001430,34,50.09,1696.73,28.0,0,Month-to-month,No,Bank transfer,No internet service,No,No,No,0,0
CUST-004396,21,93.67,2051.58,20.0,2,Month-to-month,No,Bank transfer,Yes,No,No,No,0,0
CUST-000282,48,76.66,3563.04,29.0,1,Month-to-month,DSL,Credit card,No,Yes,No,No,0,0
CUST-002483,23,80.31,1955.84,37.0,1,One year,DSL,Mailed check,No,Yes,No,No,0,0
CUST-000462,54,80.03,4469.89,71.0,1,One year,Fiber optic,Mailed check,Yes,No,Yes,No,1,1
CUST-000212,57,74.31,3945.14,32.0,3,Month-to-month,DSL,Bank transfer,Yes,No,No,Yes,0,0
CUST-002588,70,81.01,5507.05,50.0,5,Month-to-month,Fiber optic,Bank transfer,,Yes,Yes,No,0,1
CUST-003559,34,37.63,1316.03,40.0,1,Two year,DSL,Electronic check,No,Yes,Yes,No,0,0
CUST-002907,69,50.44,3250.04,47.0,1,Two year,Fiber optic,Credit card,Yes,Yes,Yes,Yes,0,0
CUST-002581,33,54.82,1708.88,36.0,5,Two year,DSL,Electronic check,No,Yes,No,No,1,0
CUST-001368,70,92.4,6572.66,70.0,0,One year,No,Electronic check,No internet service,No,Yes,No,0,1
CUST-000234,35,49.51,1826.77,45.0,1,Month-to-month,DSL,Credit card,No internet service,No,No,No,0,1
CUST-003946,1,68.03,71.55,77.0,0,Month-to-month,DSL,Bank transfer,,No,No,Yes,0,0
CUST-000597,56,104.03,5723.34,61.0,0,Month-to-month,Fiber optic,Electronic check,No,No,Yes,No,0,1
CUST-005313,28,70.61,2110.19,65.0,1,Month-to-month,Fiber optic,Mailed check,,No,Yes,No,0,1
CUST-002250,36,139.91,4907.06,54.0,1,One year,No,Credit card,Yes,No,Yes,Yes,0,0
CUST-004885,14,76.68,1016.18,66.0,0,Month-to-month,Fiber optic,Bank transfer,No,Yes,No,Yes,1,0
CUST-002283,57,45.43,2656.42,29.0,1,Two year,DSL,Mailed check,Yes,Yes,Yes,Yes,0,0
CUST-000662,2,127.32,256.33,35.0,0,One year,Fiber optic,Bank transfer,Yes,Yes,No,No,1,0
CUST-005979,44,33.05,1500.97,67.0,1,One year,Fiber optic,Electronic check,No,Yes,No,No,0,0
CUST-002285,60,87.1,5178.6,73.0,0,Month-to-month,Fiber optic,Electronic check,Yes,Yes,Yes,Yes,0,0
CUST-003431,56,51.91,3003.5,48.0,0,Two year,Fiber optic,Mailed check,No,No,Yes,No,0,0
CUST-005676,38,41.25,,55.0,1,Month-to-month,Fiber optic,Mailed check,No internet service,Yes,No,Yes,0,0
CUST-004334,66,80.4,5514.38,20.0,2,One year,No,Bank transfer,No internet service,Yes,No,No,0,0
CUST-003707,55,78.82,4266.97,65.0,0,Month-to-month,DSL,Electronic check,Yes,Yes,No,No,0,0
CUST-005493,15,66.16,1043.82,48.0,1,Two year,DSL,Credit card,No,Yes,Yes,No,0,0
CUST-003468,38,41.07,1613.66,30.0,0,Month-to-month,DSL,Electronic check,No internet service,Yes,Yes,Yes,1,0
CUST-003563,58,63.98,,29.0,1,Month-to-month,No,Bank transfer,No internet service,Yes,Yes,No,0,0
CUST-002990,33,34.89,1044.76,73.0,1,One year,Fiber optic,Credit card,No,Yes,Yes,No,0,0
CUST-005352,8,86.02,660.61,22.0,3,Month-to-month,DSL,Electronic check,Yes,Yes,Yes,No,1,0
CUST-000779,62,61.32,3657.5,48.0,0,Month-to-month,Fiber optic,Credit card,No internet service,No,Yes,No,0,1
CUST-002544,58,80.89,4858.96,79.0,0,Two year,Fiber optic,Credit card,Yes,Yes,Yes,Yes,1,0
CUST-005302,12,57.6,721.13,78.0,0,Month-to-month,DSL,Bank transfer,No,Yes,Yes,No,0,0
CUST-004498,17,98.78,1736.58,68.0,1,Month-to-month,DSL,Bank transfer,No,No,No,Yes,0,0
CUST-004403,68,107.42,7251.62,50.0,3,Two year,DSL,Mailed check,Yes,No,No,No,0,0
CUST-004338,54,81.8,4864.86,45.0,0,Month-to-month,Fiber optic,Mailed check,Yes,Yes,Yes,No,0,1
CUST-004947,37,50.5,1955.79,27.0,2,Two year,DSL,Electronic check,No internet service,Yes,No,Yes,1,0
CUST-005820,44,47.53,2150.94,76.0,0,Month-to-month,No,Electronic check,No,Yes,Yes,No,0,0
CUST-000685,58,73.71,4198.98,57.0,2,Two year,Fiber optic,Electronic check,No internet service,No,No,Yes,0,0
CUST-005958,44,83.0,3535.67,61.0,2,Two year,DSL,Mailed check,No internet service,Yes,Yes,No,0,0
CUST-003552,68,50.99,3469.06,33.0,0,Two year,DSL,Bank transfer,No,No,No,No,0,0
CUST-003243,37,45.81,1588.88,36.0,2,Month-to-month,DSL,Credit card,No,Yes,Yes,Yes,0,1
CUST-001748,58,67.52,3858.35,48.0,1,Two year,DSL,Bank transfer,No internet service,Yes,Yes,Yes,0,0
CUST-003912,13,80.81,1031.97,62.0,1,Month-to-month,Fiber optic,Credit card,No,Yes,No,Yes,0,1
CUST-005083,31,79.7,2420.28,70.0,3,Month-to-month,Fiber optic,Electronic check,No,No,Yes,Yes,1,1
CUST-002837,65,95.09,6662.15,68.0,2,Month-to-month,Fiber optic,Mailed check,Yes,Yes,Yes,No,0,1
CUST-003032,41,95.53,3993.93,55.0,2,Month-to-month,Fiber optic,Mailed check,Yes,No,No,No,0,1
CUST-002171,54,65.91,3998.87,40.0,2,Month-to-month,No,Mailed check,Yes,No,Yes,Yes,0,0
CUST-003790,8,30.08,240.0,42.0,1,Month-to-month,Fiber optic,Bank transfer,No,Yes,No,No,1,1
CUST-001850,5,72.83,387.86,36.0,3,One year,DSL,Credit card,No,No,Yes,Yes,0,0
CUST-000487,38,65.2,2385.37,68.0,1,One year,Fiber optic,Credit card,Yes,Yes,Yes,Yes,0,1
CUST-001688,68,63.95,4495.96,57.0,1,Month-to-month,DSL,Electronic check,No internet service,No,Yes,Yes,0,0
CUST-002230,46,69.42,3345.39,66.0,0,One year,Fiber optic,Electronic check,Yes,Yes,Yes,Yes,0,1
CUST-003473,64,54.13,3557.87,24.0,2,Month-to-month,No,Electronic check,No internet service,No,No,No,0,1
CUST-004625,28,53.05,1467.26,31.0,0,Month-to-month,No,Electronic check,No,Yes,Yes,Yes,0,1
CUST-002320,7,101.96,706.88,40.0,2,Month-to-month,DSL,Credit card,No,Yes,No,Yes,0,0
CUST-000782,8,43.48,339.58,69.0,1,One year,DSL,Bank transfer,Yes,Yes,No,Yes,0,0
CUST-000521,10,101.54,1012.83,61.0,0,Month-to-month,Fiber optic,Credit card,No,No,Yes,No,1,0
CUST-000522,14,43.85,634.77,36.0,1,Two year,No,Bank transfer,Yes,Yes,Yes,Yes,0,0
CUST-005214,58,58.91,3388.16,19.0,3,One year,DSL,Electronic check,Yes,No,No,No,0,0
CUST-002939,12,69.44,801.87,26.0,1,Month-to-month,Fiber optic,Bank transfer,Yes,Yes,No,Yes,0,0
CUST-004696,5,57.42,287.58,66.0,4,One year,Fiber optic,Bank transfer,Yes,Yes,No,No,0,0
CUST-004842,7,37.28,252.25,60.0,2,Month-to-month,Fiber optic,Credit card,No,Yes,No,No,0,1
CUST-002398,18,74.97,1384.54,79.0,0,Month-to-month,Fiber optic,Credit card,No,Yes,No,No,1,1
CUST-002207,61,60.45,4104.65,42.0,1,Two year,Fiber optic,Mailed check,No,Yes,Yes,No,0,0
CUST-005278,27,61.21,1672.86,18.0,1,Month-to-month,No,Bank transfer,Yes,No,No,No,0,0
CUST-000780,64,67.02,4437.04,23.0,1,One year,Fiber optic,Mailed check,No,No,No,Yes,0,0
CUST-004703,62,109.9,7291.5,40.0,1,Month-to-month,Fiber optic,Mailed check,No internet service,Yes,Yes,Yes,0,1
CUST-004925,6,59.15,374.71,57.0,1,Month-to-month,No,Bank transfer,No internet service,Yes,No,No,0,1
CUST-001511,16,67.53,1020.67,75.0,2,Month-to-month,No,Mailed check,Yes,No,No,No,0,0
CUST-001882,12,15.0,172.87,49.0,0,Month-to-month,DSL,Bank transfer,No,No,Yes,No,0,1
CUST-000651,47,72.73,3043.41,32.0,1,Month-to-month,Fiber optic,Bank transfer,No,No,No,Yes,0,0
CUST-003971,67,44.09,3129.71,66.0,1,One year,Fiber optic,Bank transfer,No internet service,No,No,No,0,0
CUST-001801,34,55.29,1682.19,38.0,1,Month-to-month,Fiber optic,Electronic check,No,Yes,Yes,Yes,0,1
CUST-000369,56,88.49,4689.96,21.0,3,One year,DSL,Electronic check,No,Yes,No,No,0,0
CUST-005251,30,61.87,1942.49,31.0,1,Month-to-month,DSL,Electronic check,Yes,No,Yes,No,0,1
CUST-003754,2,37.84,80.45,43.0,1,One year,Fiber optic,Electronic check,Yes,Yes,Yes,Yes,0,0
CUST-000118,17,41.64,655.37,37.0,1,One year,Fiber optic,Electronic check,No,Yes,Yes,No,0,1
CUST-000377,54,52.35,2768.96,41.0,1,Month-to-month,DSL,Mailed check,No internet service,No,No,No,0,0
CUST-000216,5,70.98,352.86,54.0,2,One year,Fiber optic,Bank transfer,Yes,Yes,Yes,No,0,0
CUST-002216,32,32.4,995.99,64.0,0,Month-to-month,DSL,Electronic check,Yes,Yes,Yes,Yes,0,0
CUST-004574,51,44.97,2378.81,28.0,2,Month-to-month,Fiber optic,Credit card,No,Yes,Yes,Yes,0,1
CUST-001613,50,15.0,813.41,18.0,1,Month-to-month,DSL,Credit card,No,Yes,Yes,No,0,0
CUST-002883,3,71.81,225.32,60.0,3,Month-to-month,Fiber optic,Credit card,Yes,No,Yes,Yes,0,0
CUST-004309,43,75.51,3189.32,63.0,1,One year,DSL,Credit card,Yes,No,No,No,0,0
CUST-005401,50,96.89,4935.86,46.0,1,One year,DSL,Bank transfer,Yes,Yes,No,No,0,0
CUST-000962,61,25.04,1608.09,27.0,2,Month-to-month,Fiber optic,Electronic check,No,Yes,No,Yes,0,1
CUST-005417,12,70.96,836.14,40.0,0,Two year,Fiber optic,Bank transfer,No internet service,No,Yes,Yes,0,0
CUST-002510,14,63.68,934.04,61.0,4,One year,Fiber optic,Bank transfer,Yes,Yes,No,Yes,0,0
CUST-005650,67,35.17,2373.58,30.0,1,One year,DSL,Credit card,No,No,No,No,0,0
CUST-004579,21,72.52,1579.19,70.0,3,Two year,Fiber optic,Credit card,No,Yes,Yes,No,0,0
CUST-004022,39,63.97,2684.32,18.0,1,Month-to-month,Fiber optic,Electronic check,Yes,Yes,Yes,No,0,0
CUST-000359,54,52.63,2751.04,60.0,1,One year,Fiber optic,Bank transfer,No,Yes,No,No,1,0
CUST-001246,62,45.36,2757.4,77.0,2,Two year,Fiber optic,Bank transfer,No,Yes,Yes,No,0,1
CUST-003408,48,43.9,1926.63,65.0,3,One year,DSL,Bank transfer,Yes,No,Yes,No,0,0
CUST-004184,4,36.38,147.07,74.0,2,One year,Fiber optic,Electronic check,No internet service,Yes,No,Yes,0,0
CUST-002415,35,77.61,2771.88,48.0,3,Month-to-month,Fiber optic,Credit card,No internet service,No,No,No,0,1
CUST-005599,56,72.24,3946.66,33.0,0,Two year,DSL,Mailed check,No,Yes,Yes,Yes,0,0
CUST-005079,37,68.71,2588.39,77.0,1,Month-to-month,DSL,Bank transfer,No,No,No,Yes,0,0
CUST-002185,21,47.31,1013.3,68.0,1,One year,DSL,Electronic check,No,Yes,Yes,No,0,1
CUST-004020,9,82.66,724.99,68.0,2,Month-to-month,Fiber optic,Credit card,No,Yes,Yes,No,1,1
CUST-002567,46,52.67,2418.32,66.0,0,Month-to-month,Fiber optic,Electronic check,Yes,Yes,Yes,Yes,0,1
CUST-003423,27,85.18,2455.04,,3,Month-to-month,Fiber optic,Mailed check,No internet service,No,No,Yes,1,0
CUST-002037,2,60.55,111.85,41.0,1,Month-to-month,Fiber optic,Credit card,Yes,Yes,No,No,0,1
CUST-005112,72,74.11,5907.74,79.0,2,One year,Fiber optic,Mailed check,No,No,Yes,Yes,1,0
CUST-000772,0,59.2,0.0,42.0,2,Month-to-month,Fiber optic,Bank transfer,No,Yes,Yes,No,0,0
CUST-001284,27,76.94,2121.95,45.0,2,One year,DSL,Electronic check,No,Yes,Yes,No,0,0
CUST-005532,36,80.15,2629.98,38.0,0,Month-to-month,Fiber optic,Bank transfer,No internet service,No,Yes,No,0,1
CUST-003562,30,15.68,441.01,56.0,1,One year,Fiber optic,Electronic check,No,No,No,Yes,0,0
CUST-005700,45,91.2,4067.7,28.0,2,Two year,No,Electronic check,No internet service,Yes,Yes,Yes,0,0
CUST-002587,23,81.96,1895.31,74.0,0,One year,No,Bank transfer,Yes,Yes,No,Yes,0,0
CUST-005501,16,72.73,1196.15,20.0,1,Month-to-month,Fiber optic,Bank transfer,No,Yes,Yes,Yes,0,0
CUST-001414,42,15.0,615.9,43.0,4,Month-to-month,DSL,Bank transfer,No,Yes,No,No,0,0
CUST-001234,46,39.39,1745.27,48.0,2,Two year,Fiber optic,Credit card,No internet service,Yes,Yes,Yes,0,0
CUST-003841,36,35.81,1224.47,31.0,2,Two year,DSL,Mailed check,No,No,No,No,0,0
CUST-000435,9,72.58,635.79,45.0,0,Two year,DSL,Mailed check,Yes,Yes,Yes,No,0,0
CUST-001674,52,97.43,4869.54,60.0,7,One year,DSL,Credit card,Yes,No,Yes,Yes,0,0
CUST-003299,58,62.5,3760.48,78.0,1,Month-to-month,DSL,Mailed check,No internet service,No,No,No,0,1
CUST-000365,37,53.97,1888.74,50.0,3,Month-to-month,No,Electronic check,Yes,No,Yes,No,0,0
CUST-003764,30,53.36,1493.46,50.0,1,Month-to-month,Fiber optic,Bank transfer,Yes,Yes,No,Yes,0,1
CUST-000231,62,48.88,3077.6,44.0,2,Month-to-month,DSL,Credit card,Yes,Yes,No,No,0,0
CUST-005118,63,87.05,5722.31,77.0,2,Month-to-month,Fiber optic,Electronic check,Yes,Yes,No,No,0,0
CUST-000147,17,53.34,908.48,79.0,2,Month-to-month,Fiber optic,Bank transfer,Yes,No,No,Yes,1,1
CUST-005284,72,37.5,2524.49,19.0,0,One year,Fiber optic,Bank transfer,Yes,Yes,Yes,Yes,1,1
CUST-003088,16,22.3,377.76,61.0,1,Month-to-month,Fiber optic,Bank transfer,No internet service,Yes,No,No,0,1
CUST-005767,24,30.29,751.71,47.0,1,One year,Fiber optic,Mailed check,No,Yes,Yes,No,1,0
CUST-003554,30,64.29,2033.69,70.0,2,Month-to-month,DSL,Mailed check,No,Yes,No,No,0,0
CUST-000407,10,56.3,563.88,69.0,0,Month-to-month,Fiber optic,Bank transfer,No internet service,Yes,No,Yes,0,0
CUST-005558,38,116.35,4717.57,77.0,2,Two year,DSL,Credit card,No,Yes,Yes,No,0,1
CUST-003456,54,75.54,3951.52,57.0,0,One year,No,Bank transfer,No,No,No,No,0,1
CUST-002090,64,38.92,2498.7,51.0,0,Month-to-month,Fiber optic,Electronic check,Yes,No,Yes,No,0,0
CUST-000086,7,15.0,93.92,66.0,2,One year,DSL,Bank transfer,No,No,No,No,1,0
CUST-003576,47,74.95,3520.65,55.0,1,Two year,DSL,Bank transfer,Yes,No,No,No,0,0
CUST-003271,30,63.42,1984.43,48.0,1,Two year,Fiber optic,Bank transfer,No,Yes,No,No,0,0
CUST-000844,0,76.5,0.0,45.0,3,Month-to-month,No,Mailed check,Yes,No,No,No,0,0
CUST-001031,12,59.01,701.4,42.0,0,Month-to-month,Fiber optic,Credit card,No,Yes,No,No,0,1
CUST-004522,39,73.46,2831.85,75.0,2,One year,Fiber optic,Mailed check,Yes,Yes,No,No,0,0
CUST-004343,18,119.05,,31.0,3,Month-to-month,DSL,Electronic check,No,Yes,No,No,0,0
CUST-003878,13,53.45,688.36,57.0,1,Month-to-month,Fiber optic,Electronic check,Yes,Yes,Yes,No,0,1
CUST-002987,57,58.94,3441.12,73.0,2,Month-to-month,DSL,Bank transfer,No internet service,Yes,No,Yes,1,1
CUST-005597,49,81.16,3752.87,32.0,0,Month-to-month,Fiber optic,Electronic check,No,Yes,No,Yes,0,0
CUST-002628,45,127.23,5679.67,74.0,1,Two year,Fiber optic,Credit card,No,Yes,Yes,No,0,0
CUST-004905,46,71.85,3455.6,41.0,4,Two year,No,Mailed check,Yes,No,No,Yes,0,0
CUST-004786,40,30.1,1173.64,40.0,0,One year,DSL,Bank transfer,No,Yes,No,Yes,0,0
CUST-000855,62,109.53,7121.26,58.0,1,Month-to-month,DSL,Mailed check,No internet service,Yes,Yes,No,0,0
CUST-003003,70,36.96,2726.23,37.0,1,One year,Fiber optic,Electronic check,Yes,No,Yes,No,0,0
CUST-000078,41,56.17,2256.57,63.0,1,Two year,Fiber optic,Electronic check,Yes,Yes,Yes,Yes,1,0
CUST-002992,14,41.07,568.49,62.0,0,One year,Fiber optic,Mailed check,Yes,No,Yes,Yes,0,0
CUST-002247,12,48.27,572.4,36.0,1,One year,DSL,Mailed check,,Yes,Yes,No,0,0
CUST-004082,56,48.46,2727.92,37.0,2,Two year,DSL,Credit card,Yes,No,No,No,0,0
CUST-005495,13,108.09,1424.1,27.0,1,One year,Fiber optic,Mailed check,No internet service,Yes,Yes,No,0,0
CUST-005807,72,75.8,5837.38,41.0,2,One year,Fiber optic,Electronic check,Yes,No,No,No,0,1
CUST-000758,9,62.86,580.8,68.0,0,One year,DSL,Electronic check,No internet service,No,Yes,No,0,0
CUST-004121,69,87.53,6387.19,25.0,3,Month-to-month,No,Electronic check,No,No,Yes,No,1,1
CUST-003355,32,66.86,1975.57,24.0,0,Month-to-month,No,Electronic check,Yes,No,Yes,No,0,0
CUST-000788,39,82.41,2942.32,33.0,1,One year,No,Credit card,No internet service,No,Yes,No,0,0
CUST-002279,49,51.26,2468.73,77.0,0,Month-to-month,DSL,Mailed check,No,Yes,Yes,No,1,0
CUST-003697,30,73.47,2065.8,52.0,5,Month-to-month,Fiber optic,Bank transfer,No,No,Yes,No,0,1
CUST-005234,27,36.65,1019.32,75.0,2,One year,Fiber optic,Credit card,No,Yes,No,Yes,0,0
CUST-004993,40,65.37,2584.2,63.0,0,Two year,No,Mailed check,Yes,Yes,Yes,Yes,0,0
CUST-004789,43,78.73,3496.69,66.0,0,Month-to-month,Fiber optic,Electronic check,No,Yes,No,No,0,0
CUST-003631,39,96.54,3769.02,79.0,3,Month-to-month,Fiber optic,Electronic check,Yes,No,No,No,0,1
CUST-004500,50,83.82,3954.97,68.0,1,Month-to-month,DSL,Mailed check,No,No,No,No,0,0
CUST-003779,32,69.61,2390.18,50.0,1,Month-to-month,DSL,Mailed check,Yes,Yes,Yes,No,0,0
CUST-002176,7,80.22,574.54,44.0,0,Two year,Fiber optic,Credit card,No,No,Yes,No,0,0
CUST-000424,30,51.89,1470.6,66.0,1,Two year,No,Electronic check,No,Yes,No,No,0,0
CUST-000392,26,72.1,1885.55,29.0,0,One year,Fiber optic,Electronic check,Yes,Yes,No,No,1,0
CUST-005891,30,84.04,2674.96,56.0,0,Month-to-month,DSL,Bank transfer,Yes,No,Yes,No,0,0
CUST-005686,55,65.45,3798.88,49.0,0,Month-to-month,Fiber optic,Credit card,No,Yes,No,No,1,1
CUST-002239,64,54.2,3136.42,33.0,1,One year,Fiber optic,Mailed check,No internet service,No,No,Yes,0,0
CUST-000104,58,62.6,3743.4,42.0,2,One year,No,Bank transfer,Yes,Yes,No,No,0,0
CUST-002672,62,33.47,2199.37,29.0,0,Two year,DSL,Bank transfer,No,Yes,No,No,0,0
CUST-005505,61,89.42,5881.54,39.0,1,Two year,No,Electronic check,No,Yes,No,No,0,0
CUST-003666,42,96.65,4119.69,76.0,4,One year,No,Electronic check,No,Yes,No,No,1,0
CUST-002068,24,57.51,1334.6,47.0,4,Month-to-month,DSL,Electronic check,No internet service,Yes,Yes,No,0,1
CUST-004477,26,85.24,2026.14,46.0,1,Two year,No,Electronic check,No,Yes,Yes,Yes,0,0
CUST-003493,54,89.12,4703.09,36.0,0,Month-to-month,DSL,Bank transfer,No,No,Yes,No,1,0
CUST-001948,0,71.8,0.0,35.0,2,Month-to-month,DSL,Mailed check,No internet service,Yes,Yes,No,0,0
CUST-001459,37,38.11,1414.75,33.0,0,Month-to-month,DSL,Mailed check,Yes,No,Yes,No,0,0
CUST-001768,4,52.75,197.12,69.0,4,Two year,DSL,Mailed check,No,Yes,Yes,Yes,0,1
CUST-003298,39,86.61,3206.42,75.0,1,Month-to-month,No,Bank transfer,No,No,No,No,0,1
CUST-005195,29,86.5,2673.02,44.0,2,Two year,DSL,Credit card,Yes,Yes,Yes,No,0,0
CUST-005430,70,52.14,3313.71,67.0,0,Two year,Fiber optic,Mailed check,No,No,No,No,0,0
CUST-005763,6,94.16,540.5,56.0,1,Month-to-month,DSL,Mailed check,No internet service,No,No,No,0,0
CUST-001587,5,38.59,191.21,34.0,0,One year,Fiber optic,Electronic check,No,Yes,No,No,0,1
CUST-004655,14,35.37,533.56,39.0,0,Month-to-month,DSL,Credit card,Yes,No,No,No,1,0
CUST-001731,65,128.02,,37.0,0,Month-to-month,DSL,Credit card,No,Yes,No,No,1,1
CUST-002178,45,59.13,2446.62,62.0,4,Two year,Fiber optic,Mailed check,Yes,Yes,Yes,No,0,1
CUST-005280,52,39.88,2124.41,44.0,2,One year,DSL,Bank transfer,No internet service,Yes,No,Yes,0,0
CUST-000182,36,83.72,2954.15,33.0,1,Month-to-month,Fiber optic,Credit card,Yes,No,No,No,1,1
CUST-001791,64,71.18,4495.74,51.0,1,Month-to-month,DSL,Bank transfer,No internet service,Yes,Yes,No,0,1
CUST-002355,26,88.18,2324.75,50.0,1,Month-to-month,No,Electronic check,No,Yes,Yes,No,0,0
CUST-001940,12,35.02,403.69,45.0,2,One year,Fiber optic,Electronic check,No,Yes,Yes,Yes,0,0
CUST-000702,12,32.73,397.35,27.0,1,One year,No,Credit card,No,Yes,Yes,No,0,1
CUST-002442,0,87.43,0.0,65.0,1,One year,No,Electronic check,No,No,No,No,1,0
CUST-005790,53,56.9,3022.59,78.0,1,One year,DSL,Credit card,No internet service,Yes,Yes,No,1,0
CUST-000496,8,84.81,648.21,33.0,2,Month-to-month,Fiber optic,Electronic check,No,No,No,Yes,0,0
CUST-004679,5,94.5,489.77,61.0,0,Month-to-month,DSL,Credit card,No,No,No,No,0,1
CUST-000464,0,58.49,0.0,52.0,0,Month-to-month,Fiber optic,Bank transfer,No internet service,Yes,No,Yes,0,0
CUST-005574,52,28.26,1544.64,35.0,0,Month-to-month,DSL,Bank transfer,No,Yes,No,No,0,0
CUST-005200,31,40.96,1256.42,69.0,0,Month-to-month,Fiber optic,Electronic check,No,No,Yes,Yes,0,1
CUST-000172,56,66.12,3716.89,75.0,1,One year,No,Mailed check,,Yes,Yes,No,0,0
CUST-002020,22,19.45,422.54,45.0,1,Two year,DSL,Bank transfer,No,No,Yes,No,0,0
CUST-005772,29,53.08,1525.38,54.0,2,Month-to-month,Fiber optic,Electronic check,Yes,Yes,Yes,No,0,1
CUST-005358,4,104.14,434.45,,1,One year,DSL,Electronic check,No internet service,Yes,Yes,No,0,1
CUST-002540,21,55.34,1152.26,37.0,0,Month-to-month,Fiber optic,Mailed check,No,No,Yes,No,0,1
CUST-005972,36,69.74,2527.69,19.0,0,Two year,DSL,Bank transfer,No,No,Yes,No,0,0
CUST-002009,46,58.39,2786.0,43.0,1,One year,DSL,Bank transfer,No,No,Yes,No,0,0
CUST-002260,1,79.26,77.88,45.0,3,Month-to-month,DSL,Electronic check,No,No,No,No,0,0
CUST-003084,24,27.22,649.14,30.0,2,One year,Fiber optic,Electronic check,No,Yes,No,No,0,0
CUST-002112,66,99.31,6487.01,66.0,1,Month-to-month,DSL,Electronic check,No,Yes,Yes,No,0,1
CUST-000900,0,45.63,0.0,76.0,2,Month-to-month,Fiber optic,Mailed check,No,No,Yes,No,0,0
CUST-001446,68,31.89,2062.89,37.0,0,Two year,DSL,Electronic check,No,No,Yes,No,0,0
CUST-001911,64,63.92,4058.28,32.0,1,One year,No,Mailed check,No,No,Yes,No,0,0
CUST-003542,6,43.19,239.51,25.0,0,Month-to-month,DSL,Mailed check,Yes,No,Yes,No,0,1
CUST-002697,30,15.1,444.68,76.0,1,Month-to-month,Fiber optic,Electronic check,No,Yes,Yes,No,0,1
CUST-004039,27,35.78,921.68,75.0,1,Two year,Fiber optic,Electronic check,No,Yes,Yes,No,0,0
CUST-003662,70,51.9,,44.0,3,Month-to-month,Fiber optic,Mailed check,No,No,Yes,Yes,0,0
CUST-000741,55,30.97,1786.5,28.0,1,Month-to-month,Fiber optic,Electronic check,No,No,Yes,No,0,1
CUST-002293,54,66.22,3279.22,36.0,2,Month-to-month,DSL,Credit card,Yes,No,Yes,Yes,0,1
CUST-002452,6,93.65,560.01,57.0,2,Two year,Fiber optic,Bank transfer,No,Yes,No,No,0,0
CUST-003728,24,126.1,3193.85,66.0,1,Month-to-month,DSL,Credit card,No,No,No,No,0,0
CUST-004913,44,79.42,3500.34,70.0,2,Month-to-month,No,Bank transfer,No,No,Yes,No,0,1
CUST-001206,37,72.63,2585.14,78.0,1,One year,No,Bank transfer,Yes,Yes,No,No,0,0
CUST-000509,17,66.6,1149.14,66.0,4,Month-to-month,DSL,Bank transfer,Yes,No,No,No,0,0
CUST-004988,68,92.89,5925.44,30.0,0,One year,Fiber optic,Electronic check,No,Yes,No,No,0,0
CUST-004035,2,124.93,261.41,62.0,0,Month-to-month,Fiber optic,Mailed check,Yes,No,Yes,Yes,0,0
CUST-003992,10,40.52,401.99,65.0,3,Month-to-month,Fiber optic,Electronic check,No internet service,No,No,No,0,1
CUST-005451,54,59.68,3120.88,31.0,0,Month-to-month,No,Electronic check,No,No,No,No,0,0
CUST-001549,0,75.78,0.0,24.0,1,Month-to-month,Fiber optic,Credit card,No internet service,No,No,No,0,1
CUST-003029,65,104.87,7048.52,46.0,3,Month-to-month,DSL,Electronic check,No,Yes,Yes,Yes,0,0
CUST-004537,52,69.85,3366.72,68.0,0,Two year,DSL,Electronic check,Yes,No,Yes,No,0,0
CUST-002202,2,56.92,111.76,52.0,2,One year,DSL,Bank transfer,No,Yes,No,No,0,1
CUST-002566,58,45.79,2488.8,55.0,0,Two year,Fiber optic,Electronic check,No internet service,No,No,No,0,0
CUST-005123,49,49.19,2310.04,44.0,1,Month-to-month,No,Credit card,No internet service,No,No,No,0,0
CUST-002044,20,79.04,1624.65,69.0,1,One year,Fiber optic,Bank transfer,Yes,No,No,Yes,0,0
CUST-000767,34,63.74,2436.38,23.0,1,Month-to-month,Fiber optic,Electronic check,Yes,No,Yes,No,0,1
CUST-005871,34,93.33,2926.93,42.0,1,Month-to-month,DSL,Credit card,Yes,Yes,No,Yes,0,0
CUST-003699,55,53.66,2929.67,29.0,3,One year,DSL,Credit card,No,No,No,Yes,0,0
CUST-001508,63,15.0,977.92,43.0,1,Month-to-month,Fiber optic,Electronic check,Yes,Yes,Yes,No,1,1
CUST-003134,51,82.98,4339.82,71.0,0,Two year,No,Electronic check,No internet service,Yes,Yes,No,0,0
CUST-005857,26,25.85,697.97,40.0,0,Month-to-month,Fiber optic,Electronic check,No,Yes,Yes,Yes,0,0
CUST-000421,50,56.37,3002.33,60.0,0,One year,No,Electronic check,No internet service,Yes,No,Yes,0,0
CUST-000123,34,53.96,1872.75,70.0,3,Month-to-month,DSL,Bank transfer,No,Yes,No,Yes,1,0
CUST-004996,54,108.4,5590.12,24.0,2,Two year,DSL,Electronic check,Yes,Yes,No,No,0,0
CUST-005244,25,61.01,1531.52,45.0,0,Month-to-month,No,Electronic check,No,Yes,No,No,0,1
CUST-003292,17,57.55,1049.1,18.0,1,Month-to-month,Fiber optic,Electronic check,No,Yes,Yes,No,0,0
CUST-000819,72,60.55,3727.22,24.0,2,One year,Fiber optic,Mailed check,No,Yes,No,Yes,0,0
CUST-001403,23,68.79,1468.71,52.0,0,Month-to-month,Fiber optic,Electronic check,Yes,Yes,No,No,0,0
CUST-001382,25,63.68,1690.4,43.0,0,Month-to-month,DSL,Electronic check,Yes,Yes,Yes,No,0,0
CUST-002148,61,49.04,3028.66,34.0,1,Month-to-month,Fiber optic,Mailed check,Yes,Yes,No,Yes,0,0
CUST-005060,39,29.77,1006.91,47.0,2,Two year,Fiber optic,Bank transfer,No,No,Yes,No,1,0
CUST-001575,23,42.07,1002.46,60.0,2,Month-to-month,Fiber optic,Bank transfer,No,No,Yes,No,1,0
CUST-001638,13,106.05,1435.4,25.0,0,Month-to-month,Fiber optic,Electronic check,No,Yes,No,No,0,1
CUST-001795,14,73.12,1044.26,48.0,1,Month-to-month,DSL,Electronic check,No,Yes,Yes,No,0,0
CUST-003331,62,66.29,4232.83,76.0,3,One year,Fiber optic,Bank transfer,No,No,Yes,No,1,0
CUST-005793,71,97.77,6851.94,22.0,0,Month-to-month,No,Electronic check,Yes,Yes,Yes,Yes,0,1
CUST-005356,50,76.72,3492.39,32.0,1,Month-to-month,DSL,Mailed check,Yes,Yes,No,No,0,0
CUST-000399,22,17.86,408.4,30.0,0,One year,No,Mailed check,No,No,Yes,Yes,0,0
CUST-003151,16,38.17,643.53,52.0,2,Month-to-month,Fiber optic,Bank transfer,No,Yes,No,No,1,1
CUST-002310,20,85.56,1692.93,71.0,1,Two year,DSL,Mailed check,No internet service,Yes,Yes,No,1,0
CUST-000882,32,46.7,1447.62,,3,Month-to-month,Fiber optic,Electronic check,Yes,Yes,No,No,0,0
CUST-003565,19,76.28,1518.52,52.0,2,Month-to-month,Fiber optic,Electronic check,No internet service,Yes,Yes,No,0,1
CUST-005989,41,87.35,3382.0,69.0,1,One year,No,Mailed check,No internet service,Yes,No,Yes,0,0
CUST-001179,1,48.93,49.88,28.0,1,One year,DSL,Bank transfer,Yes,Yes,No,No,0,1
CUST-001352,36,107.31,3950.04,64.0,1,Month-to-month,Fiber optic,Mailed check,No internet service,Yes,No,No,0,1
CUST-004015,10,99.56,1026.57,27.0,1,Month-to-month,Fiber optic,Electronic check,,Yes,Yes,Yes,0,1
CUST-005475,38,90.22,3102.65,69.0,1,One year,No,Electronic check,No,Yes,No,No,0,1
CUST-002130,52,59.54,3126.56,21.0,2,One year,DSL,Electronic check,Yes,No,No,No,0,0
CUST-000982,39,58.9,2486.44,37.0,1,Two year,Fiber optic,Mailed check,No,No,Yes,No,0,0
CUST-000456,10,52.23,474.73,24.0,0,One year,Fiber optic,Mailed check,No internet service,No,Yes,Yes,0,0
CUST-001486,11,98.95,1210.37,53.0,0,Month-to-month,Fiber optic,Electronic check,No,No,No,No,0,0
CUST-001079,61,82.17,4880.45,35.0,2,Month-to-month,No,Bank transfer,No,Yes,Yes,No,0,1
CUST-001950,66,58.04,3506.28,45.0,2,Month-to-month,Fiber optic,Electronic check,No,Yes,Yes,Yes,0,0
CUST-005174,14,90.64,1392.52,68.0,2,One year,Fiber optic,Credit card,Yes,No,No,Yes,0,1
CUST-000689,57,42.91,2559.18,77.0,0,Month-to-month,No,Mailed check,No internet service,Yes,Yes,No,0,0
CUST-002429,19,113.09,2183.99,59.0,0,One year,DSL,Electronic check,Yes,Yes,No,No,0,0
CUST-000641,66,49.79,3329.7,78.0,0,One year,No,Electronic check,No internet service,Yes,No,Yes,0,0
CUST-002392,45,105.7,4422.11,45.0,2,Month-to-month,DSL,Bank transfer,No,Yes,Yes,No,0,0
CUST-002825,61,73.04,4806.69,42.0,3,One year,Fiber optic,Credit card,Yes,No,Yes,No,0,0
CUST-001953,33,70.65,2337.21,22.0,1,Two year,DSL,Credit card,No internet service,Yes,Yes,Yes,0,0
CUST-003538,38,71.23,2912.39,77.0,3,Month-to-month,DSL,Bank transfer,Yes,Yes,Yes,No,0,0
CUST-005508,41,98.41,4115.97,73.0,0,One year,Fiber optic,Credit card,No internet service,No,Yes,No,1,1
CUST-003058,28,88.06,2515.22,22.0,1,Month-to-month,Fiber optic,Credit card,No,No,Yes,Yes,0,1
CUST-003939,37,59.97,2205.96,44.0,1,One year,DSL,Electronic check,No,No,No,No,0,0
CUST-004505,27,46.37,1301.75,69.0,4,Month-to-month,Fiber optic,Credit card,Yes,No,No,No,0,1
CUST-002710,4,108.74,440.46,55.0,1,Two year,No,Bank transfer,Yes,Yes,No,No,1,0
CUST-001083,40,102.72,4142.67,18.0,1,Month-to-month,Fiber optic,Mailed check,No internet service,No,Yes,No,0,1
CUST-004462,42,65.37,2633.15,68.0,1,Month-to-month,No,Mailed check,No,Yes,Yes,No,0,0
CUST-005736,21,65.91,1394.32,64.0,1,Month-to-month,Fiber optic,Bank transfer,No internet service,Yes,Yes,No,0,0
CUST-005468,40,93.98,3843.3,29.0,1,Month-to-month,Fiber optic,Bank transfer,Yes,No,Yes,No,0,0
CUST-001884,45,61.32,2618.18,51.0,3,Month-to-month,Fiber optic,Credit card,No,Yes,No,Yes,1,0
CUST-004873,42,33.49,1517.23,48.0,0,One year,No,Electronic check,,Yes,Yes,No,0,0
CUST-000389,11,69.14,706.96,53.0,0,Month-to-month,Fiber optic,Bank transfer,No,No,Yes,No,0,1
CUST-002494,30,67.47,1927.01,71.0,1,Month-to-month,Fiber optic,Electronic check,No,Yes,Yes,No,0,1
CUST-001851,18,66.7,1205.58,24.0,1,Month-to-month,DSL,Bank transfer,Yes,Yes,No,No,0,1
CUST-003036,58,103.16,6126.05,52.0,2,One year,Fiber optic,Credit card,No,No,Yes,No,0,0
CUST-005382,28,76.37,2119.51,55.0,1,Month-to-month,No,Electronic check,Yes,No,No,No,0,0
CUST-003603,45,35.71,1576.59,77.0,1,Month-to-month,DSL,Mailed check,No,Yes,Yes,Yes,1,1
CUST-000845,0,63.22,0.0,33.0,1,Month-to-month,DSL,Bank transfer,Yes,No,Yes,No,0,0
CUST-000542,14,80.27,1114.6,66.0,0,Two year,DSL,Bank transfer,No internet service,Yes,No,Yes,1,0
CUST-003724,0,59.61,0.0,44.0,1,Month-to-month,DSL,Credit card,No,No,Yes,No,0,0
CUST-000091,58,60.74,3675.54,58.0,2,Month-to-month,No,Bank transfer,No internet service,No,Yes,No,0,1
CUST-003679,53,63.47,3461.34,26.0,2,Two year,DSL,Credit card,No,Yes,No,No,0,0
CUST-005662,62,60.63,3624.22,79.0,1,Month-to-month,DSL,Credit card,Yes,Yes,Yes,Yes,0,1
CUST-004270,58,66.84,3907.34,71.0,2,One year,DSL,Credit card,No internet service,Yes,No,No,0,0
CUST-001979,57,73.92,4367.8,70.0,2,Month-to-month,No,Mailed check,No,Yes,Yes,No,0,0
CUST-003244,53,65.85,3940.06,53.0,2,One year,Fiber optic,Mailed check,No internet service,No,No,No,0,1
CUST-004002,2,54.06,107.94,44.0,1,One year,Fiber optic,Bank transfer,No,Yes,Yes,Yes,0,0
CUST-003150,52,37.47,2099.28,41.0,2,Month-to-month,No,Electronic check,No internet service,No,No,No,0,1
CUST-005009,20,83.64,1678.16,39.0,1,One year,No,Bank transfer,No,Yes,Yes,No,0,0
CUST-004118,15,109.02,1699.91,72.0,3,Two year,DSL,Bank transfer,Yes,No,Yes,No,0,0
CUST-004375,42,46.74,1870.83,77.0,1,Two year,DSL,Mailed check,Yes,No,No,No,0,0
CUST-002964,53,106.85,5418.31,60.0,4,Month-to-month,DSL,Mailed check,No,No,No,Yes,1,0
CUST-003463,3,94.2,267.9,52.0,4,Month-to-month,No,Bank transfer,No,No,Yes,Yes,0,1
CUST-002529,42,38.42,1535.84,58.0,2,Month-to-month,No,Credit card,Yes,No,No,No,0,0
CUST-004122,71,19.86,1394.03,44.0,2,Two year,No,Credit card,No internet service,No,Yes,No,0,0
CUST-001676,10,54.2,534.62,40.0,1,Month-to-month,Fiber optic,Mailed check,No,No,Yes,No,0,0
CUST-001048,48,58.61,2633.56,41.0,1,Month-to-month,No,Bank transfer,No,Yes,No,No,1,1
CUST-002949,37,63.73,2428.8,77.0,0,Two year,No,Electronic check,Yes,Yes,No,No,0,0
CUST-001960,61,44.16,2413.76,41.0,2,One year,Fiber optic,Credit card,No,Yes,Yes,No,0,0
CUST-002530,66,61.5,4215.89,47.0,1,One year,Fiber optic,Credit card,Yes,No,No,No,0,0
CUST-002447,47,95.63,4208.47,44.0,2,Month-to-month,DSL,Electronic check,No,No,No,No,1,1
CUST-004919,38,117.96,4535.75,79.0,2,Two year,No,Electronic check,Yes,No,No,No,0,0
CUST-004449,65,66.97,4537.0,57.0,2,One year,No,Mailed check,No,Yes,Yes,No,0,1
CUST-000237,31,91.61,2715.01,61.0,1,Month-to-month,No,Electronic check,No,Yes,Yes,Yes,0,0
CUST-004163,14,32.28,473.18,33.0,2,One year,No,Mailed check,No,Yes,No,Yes,0,0
CUST-004539,63,49.19,3404.53,52.0,1,One year,No,Credit card,No internet service,Yes,Yes,No,0,1
CUST-001133,55,44.4,2515.75,68.0,1,One year,Fiber optic,Electronic check,No,Yes,Yes,No,0,0
CUST-002880,2,87.08,176.95,,1,Two year,Fiber optic,Credit card,Yes,No,Yes,No,0,0
CUST-001805,3,85.33,268.06,57.0,0,Month-to-month,DSL,Bank transfer,No,Yes,No,No,0,0
CUST-004974,58,29.73,1682.7,19.0,1,Month-to-month,Fiber optic,Mailed check,Yes,No,No,No,0,0
CUST-000163,29,98.21,,69.0,0,Two year,DSL,Electronic check,No internet service,Yes,Yes,Yes,0,0
CUST-005238,66,47.01,3161.53,74.0,1,Two year,DSL,Mailed check,No,Yes,No,No,0,1
CUST-005726,38,82.11,2952.36,42.0,1,One year,DSL,Electronic check,No,No,No,No,0,0
CUST-005668,55,85.65,4888.52,67.0,2,One year,Fiber optic,Mailed check,Yes,Yes,No,No,0,0
CUST-004442,49,46.85,2476.06,60.0,4,One year,Fiber optic,Electronic check,Yes,No,No,No,0,0
CUST-004512,8,92.23,744.41,77.0,3,Two year,Fiber optic,Bank transfer,Yes,Yes,No,No,0,1
CUST-004340,3,76.51,248.33,72.0,0,Month-to-month,Fiber optic,Credit card,No internet service,No,Yes,Yes,0,0
CUST-000265,42,90.62,3526.55,71.0,2,One year,Fiber optic,Credit card,No,Yes,No,No,0,0
CUST-002001,4,55.35,220.15,50.0,2,Month-to-month,DSL,Electronic check,Yes,No,Yes,No,0,0
CUST-001811,47,60.3,2992.99,61.0,0,Two year,No,Electronic check,Yes,Yes,No,No,0,0
CUST-003277,17,49.36,816.23,34.0,2,Month-to-month,Fiber optic,Credit card,Yes,No,No,No,0,0
CUST-003870,3,80.29,209.35,60.0,1,Two year,Fiber optic,Electronic check,No,Yes,No,No,1,1
CUST-002978,20,70.08,1419.03,32.0,3,One year,Fiber optic,Credit card,Yes,No,No,No,1,0
CUST-004274,2,84.12,170.34,33.0,3,Month-to-month,Fiber optic,Electronic check,Yes,Yes,Yes,Yes,0,1
CUST-002906,45,29.33,1221.61,36.0,0,Month-to-month,Fiber optic,Electronic check,No internet service,Yes,Yes,Yes,1,1
CUST-004304,48,66.03,3467.44,79.0,0,Month-to-month,Fiber optic,Mailed check,No,No,No,Yes,0,1
CUST-005517,49,91.64,5029.28,46.0,0,Month-to-month,Fiber optic,Electronic check,Yes,Yes,Yes,Yes,0,0
CUST-001428,19,73.47,1399.83,39.0,1,One year,No,Electronic check,Yes,Yes,No,No,0,1
CUST-000398,20,64.13,1228.7,39.0,0,Month-to-month,Fiber optic,Credit card,No,Yes,No,Yes,0,1
CUST-003988,30,29.43,822.45,40.0,3,Month-to-month,DSL,Electronic check,No,No,No,No,0,0
CUST-005021,33,55.12,1855.07,31.0,1,One year,Fiber optic,Bank transfer,No,No,Yes,No,0,0
CUST-000947,9,52.78,457.4,22.0,3,Two year,No,Mailed check,Yes,No,Yes,No,1,0
CUST-003078,15,82.61,1296.3,72.0,0,Month-to-month,DSL,Electronic check,No,No,Yes,No,0,0
CUST-003138,34,31.7,1101.14,68.0,1,One year,Fiber optic,Bank transfer,No,No,Yes,No,1,0
CUST-005367,42,92.8,4003.6,29.0,3,One year,Fiber optic,Electronic check,No internet service,Yes,No,No,0,0
CUST-004939,24,64.4,1520.25,66.0,1,Month-to-month,Fiber optic,Bank transfer,Yes,Yes,Yes,No,0,0
CUST-005593,45,63.67,2789.89,51.0,1,One year,DSL,Electronic check,Yes,Yes,No,No,0,0
CUST-005164,25,51.63,1287.76,59.0,1,Month-to-month,No,Bank transfer,Yes,Yes,Yes,No,0,1
CUST-003229,60,66.81,4139.11,75.0,1,Month-to-month,DSL,Electronic check,Yes,Yes,No,No,0,0
CUST-004019,50,88.78,4345.54,64.0,5,Month-to-month,No,Credit card,Yes,Yes,Yes,No,1,1
CUST-001452,3,55.49,164.37,68.0,1,Month-to-month,No,Bank transfer,No,Yes,Yes,No,0,0
CUST-000593,71,74.62,,52.0,2,Month-to-month,DSL,Mailed check,No,Yes,Yes,No,0,0
CUST-002725,45,65.18,3054.37,54.0,3,Month-to-month,Fiber optic,Mailed check,Yes,Yes,Yes,Yes,1,0
CUST-000041,55,67.98,3732.16,48.0,3,Two year,Fiber optic,Electronic check,No internet service,No,No,No,0,0
CUST-000560,39,71.04,2694.56,35.0,5,One year,Fiber optic,Mailed check,No internet service,Yes,Yes,No,0,1
CUST-004847,7,71.69,491.29,63.0,1,Two year,Fiber optic,Mailed check,Yes,No,No,No,0,0
CUST-004137,18,70.59,1287.94,37.0,2,One year,No,Electronic check,Yes,Yes,No,No,0,0
CUST-000489,44,91.61,4205.89,32.0,2,Month-to-month,Fiber optic,Bank transfer,Yes,Yes,Yes,No,0,0
CUST-000243,47,86.58,3979.31,62.0,0,Two year,DSL,Mailed check,No,No,No,No,0,0
CUST-003172,31,69.37,1894.98,47.0,1,Month-to-month,No,Electronic check,Yes,Yes,Yes,No,0,0
CUST-001339,29,74.86,2085.44,21.0,1,Month-to-month,DSL,Mailed check,No,No,No,Yes,1,0
CUST-003960,69,88.53,5850.22,27.0,0,Two year,Fiber optic,Electronic check,Yes,No,Yes,No,0,0
CUST-005198,41,59.75,2780.53,42.0,0,Month-to-month,Fiber optic,Electronic check,No,Yes,Yes,No,0,1
CUST-000405,36,38.03,1361.97,42.0,1,Two year,DSL,Electronic check,No internet service,No,No,No,0,0
CUST-001442,68,15.0,1013.75,76.0,0,Month-to-month,Fiber optic,Electronic check,Yes,Yes,Yes,No,0,0
CUST-000261,12,62.1,768.93,55.0,2,Two year,Fiber optic,Electronic check,No,Yes,No,No,0,0
CUST-003936,38,92.18,3234.35,59.0,2,Month-to-month,DSL,Credit card,No,No,No,No,0,0
CUST-003537,9,82.78,801.06,58.0,2,Month-to-month,Fiber optic,Bank transfer,Yes,Yes,No,Yes,0,1
CUST-005488,62,55.65,3600.52,30.0,2,Month-to-month,DSL,Electronic check,No,Yes,Yes,No,0,1
CUST-001689,6,66.69,391.19,39.0,2,Two year,DSL,Electronic check,Yes,Yes,Yes,No,0,0
CUST-003478,29,66.82,1940.91,62.0,0,Month-to-month,Fiber optic,Electronic check,No,Yes,No,No,0,1
CUST-001725,57,49.47,2726.75,42.0,0,One year,No,Electronic check,Yes,Yes,No,No,0,0
CUST-001203,55,99.57,5788.56,67.0,1,Month-to-month,Fiber optic,Electronic check,No internet service,Yes,No,Yes,0,1
CUST-000834,62,76.15,4757.83,31.0,1,Two year,DSL,Credit card,Yes,No,No,Yes,0,0
CUST-001866,8,54.35,418.86,52.0,1,Month-to-month,DSL,Mailed check,Yes,Yes,Yes,No,0,1
CUST-002496,58,122.19,6635.59,55.0,1,Month-to-month,Fiber optic,Credit card,Yes,Yes,Yes,No,0,1
CUST-003016,38,145.2,5684.59,31.0,5,Month-to-month,DSL,Electronic check,Yes,Yes,No,No,0,1
CUST-004526,1,63.69,63.32,53.0,2,Two year,DSL,Electronic check,Yes,Yes,No,Yes,1,0
CUST-002010,36,46.08,1632.67,62.0,5,One year,No,Electronic check,Yes,No,No,Yes,0,0
CUST-003955,68,64.09,4168.62,52.0,2,Two year,No,Mailed check,Yes,Yes,No,No,0,0
CUST-000340,46,55.57,2490.91,66.0,3,One year,Fiber optic,Mailed check,No internet service,Yes,No,No,0,0
CUST-005394,39,70.95,2629.0,34.0,0,Two year,DSL,Bank transfer,Yes,No,Yes,Yes,0,0
CUST-001601,53,64.81,3768.63,37.0,0,Month-to-month,Fiber optic,Mailed check,No,No,Yes,No,0,1
CUST-002796,63,31.61,1975.86,68.0,1,Month-to-month,Fiber optic,Mailed check,Yes,Yes,Yes,No,0,0
CUST-004865,42,101.06,4434.84,38.0,1,Month-to-month,Fiber optic,Credit card,Yes,Yes,No,Yes,0,1
CUST-005651,53,62.16,3245.97,38.0,2,Month-to-month,DSL,Credit card,No internet service,Yes,No,No,0,1
CUST-000480,21,56.05,1191.91,20.0,2,Two year,DSL,Mailed check,No,Yes,No,No,0,0
CUST-003875,44,84.45,4189.19,60.0,3,Two year,DSL,Mailed check,Yes,Yes,Yes,Yes,0,0
CUST-003725,72,91.79,7273.65,68.0,3,Month-to-month,No,Credit card,Yes,Yes,Yes,Yes,1,1
CUST-004025,10,46.99,490.32,74.0,0,Month-to-month,Fiber optic,Credit card,Yes,No,No,No,0,0
CUST-002785,8,90.91,765.67,60.0,0,Two year,No,Electronic check,Yes,Yes,Yes,No,0,0
CUST-001523,10,49.45,484.79,61.0,1,Month-to-month,No,Electronic check,No internet service,No,Yes,No,0,1
CUST-003621,16,48.56,736.17,75.0,2,Month-to-month,DSL,Credit card,No,No,No,No,0,0
CUST-004481,21,21.24,,38.0,0,Month-to-month,Fiber optic,Mailed check,Yes,No,No,No,0,0
CUST-005339,34,133.84,4778.41,79.0,1,Two year,DSL,Electronic check,No,No,No,Yes,0,0
CUST-005580,39,49.58,1904.18,69.0,1,Month-to-month,DSL,Mailed check,Yes,Yes,Yes,Yes,0,0
CUST-005665,33,68.73,2177.31,22.0,4,Two year,No,Electronic check,Yes,Yes,Yes,No,0,0
CUST-000799,32,136.13,4363.3,50.0,3,Month-to-month,No,Bank transfer,No internet service,Yes,Yes,No,0,1
CUST-001766,36,65.2,2194.87,28.0,2,Month-to-month,DSL,Mailed check,No,No,Yes,Yes,0,0
CUST-005383,27,76.99,2151.47,71.0,1,Month-to-month,Fiber optic,Credit card,No internet service,No,No,No,0,1
CUST-003025,45,28.79,1188.51,61.0,1,One year,DSL,Electronic check,No internet service,Yes,No,Yes,0,0
CUST-002453,34,33.7,1133.84,32.0,1,Month-to-month,Fiber optic,Bank transfer,No,No,No,No,0,0
CUST-004358,48,43.73,2231.72,49.0,0,One year,Fiber optic,Mailed check,Yes,Yes,Yes,Yes,0,0
CUST-004755,43,71.41,2805.75,21.0,2,Month-to-month,Fiber optic,Bank transfer,No,Yes,No,No,0,0
CUST-004871,69,30.9,2083.08,52.0,0,Month-to-month,Fiber optic,Electronic check,No internet service,Yes,Yes,No,1,0
CUST-003704,68,69.97,4733.08,53.0,1,One year,No,Mailed check,Yes,No,Yes,No,0,0
CUST-005782,64,95.9,6039.89,68.0,0,One year,Fiber optic,Bank transfer,Yes,No,No,Yes,0,1
CUST-000363,65,76.06,5530.35,50.0,0,Month-to-month,Fiber optic,Credit card,No,No,No,No,0,1
CUST-001271,7,99.74,650.39,68.0,1,One year,Fiber optic,Mailed check,Yes,No,No,No,1,0
CUST-002003,33,71.42,2355.59,75.0,1,Month-to-month,DSL,Bank transfer,No,Yes,No,No,0,0
CUST-005414,22,72.17,1735.24,38.0,1,Month-to-month,Fiber optic,Credit card,Yes,Yes,No,No,0,0
CUST-004259,1,90.39,90.73,30.0,4,One year,DSL,Bank transfer,No internet service,Yes,Yes,Yes,0,0
CUST-005644,44,65.79,3089.5,76.0,0,Month-to-month,Fiber optic,Bank transfer,No,No,No,No,0,1
CUST-005729,30,69.7,2049.12,65.0,2,One year,Fiber optic,Electronic check,No,Yes,No,No,0,0
CUST-000347,68,108.59,7779.14,38.0,3,Two year,Fiber optic,Electronic check,No internet service,No,Yes,No,1,0
CUST-003350,11,36.13,423.35,61.0,2,Month-to-month,Fiber optic,Electronic check,Yes,No,Yes,No,1,0
CUST-004796,36,37.89,1291.27,38.0,0,Month-to-month,Fiber optic,Bank transfer,No internet service,Yes,Yes,Yes,1,1
CUST-003613,5,64.24,303.01,41.0,1,Two year,No,Mailed check,No,Yes,No,Yes,1,0
CUST-005559,9,76.46,653.85,64.0,2,Month-to-month,DSL,Bank transfer,No,No,Yes,No,0,0
CUST-002562,48,73.81,3468.33,45.0,1,Two year,No,Credit card,No internet service,Yes,No,No,0,0
CUST-003027,54,54.77,3055.77,65.0,4,One year,DSL,Credit card,Yes,No,No,Yes,0,0
CUST-004194,41,44.96,1886.5,71.0,2,One year,Fiber optic,Electronic check,No internet service,Yes,No,No,0,0
CUST-005518,41,52.26,1948.99,36.0,3,Month-to-month,Fiber optic,Bank transfer,Yes,Yes,Yes,No,1,0
CUST-001423,49,86.1,3986.52,23.0,1,Month-to-month,Fiber optic,Electronic check,No,No,Yes,No,0,1
CUST-000656,55,51.32,2669.04,27.0,1,Two year,DSL,Credit card,No internet service,Yes,No,Yes,0,0
CUST-003083,17,90.65,1368.37,50.0,0,Month-to-month,Fiber optic,Credit card,No,No,Yes,No,0,0
CUST-005544,15,116.1,1632.45,52.0,0,Month-to-month,Fiber optic,Electronic check,Yes,No,Yes,No,0,0
CUST-002102,12,28.22,335.29,40.0,1,Month-to-month,DSL,Mailed check,No internet service,Yes,Yes,No,1,1
CUST-000632,31,106.91,3210.4,41.0,1,One year,No,Credit card,No internet service,Yes,Yes,No,0,0
CUST-004876,30,74.43,2213.93,79.0,1,Month-to-month,DSL,Electronic check,No internet service,Yes,No,Yes,0,0
CUST-002493,44,47.89,2022.03,60.0,0,One year,No,Credit card,No internet service,No,Yes,No,0,0
CUST-002665,39,72.22,2725.98,48.0,2,Month-to-month,Fiber optic,Electronic check,No internet service,Yes,No,No,0,1
CUST-004352,40,78.6,3177.35,57.0,0,Two year,Fiber optic,Electronic check,Yes,Yes,Yes,No,0,0
CUST-005986,66,37.63,2519.74,43.0,1,Month-to-month,No,Electronic check,No,No,Yes,No,0,0
CUST-004417,11,99.27,1209.1,20.0,1,Month-to-month,DSL,Electronic check,No,Yes,No,No,0,1
CUST-004772,12,54.75,658.04,,1,Month-to-month,No,Bank transfer,Yes,Yes,Yes,No,1,0
CUST-002334,40,15.0,601.2,44.0,1,Month-to-month,DSL,Electronic check,No,Yes,No,Yes,1,0
CUST-003548,22,48.46,1073.34,66.0,3,Two year,Fiber optic,Bank transfer,No,Yes,Yes,No,1,0
CUST-004609,31,54.94,1843.59,60.0,1,Two year,Fiber optic,Electronic check,No,No,Yes,No,1,0
CUST-002500,51,90.47,4345.12,59.0,2,Month-to-month,No,Credit card,Yes,Yes,No,Yes,1,0
CUST-003619,6,58.54,378.65,64.0,0,Two year,No,Electronic check,Yes,Yes,No,No,0,0
CUST-001465,8,39.65,304.63,69.0,2,Month-to-month,DSL,Credit card,No internet service,No,No,Yes,0,0
CUST-003964,14,34.91,501.96,27.0,1,Month-to-month,DSL,Electronic check,No internet service,Yes,No,Yes,0,0
CUST-004038,22,100.63,2264.01,68.0,2,Month-to-month,Fiber optic,Mailed check,No,No,Yes,Yes,0,0
CUST-004862,65,35.08,2287.71,69.0,2,One year,DSL,Mailed check,No,Yes,Yes,No,0,0
CUST-000115,41,87.22,3855.02,77.0,1,One year,Fiber optic,Bank transfer,Yes,No,Yes,Yes,0,1
CUST-001821,55,109.62,6404.04,70.0,1,Month-to-month,Fiber optic,Credit card,Yes,Yes,Yes,No,0,0
CUST-001494,29,30.24,845.7,64.0,0,Month-to-month,DSL,Mailed check,,Yes,No,No,0,1
CUST-002401,41,92.56,3736.76,42.0,2,Two year,No,Credit card,Yes,Yes,Yes,No,0,0
CUST-003874,45,46.03,1973.71,79.0,1,One year,DSL,Electronic check,No,No,No,Yes,0,0
CUST-001232,70,72.6,4870.35,49.0,1,Two year,Fiber optic,Credit card,No internet service,No,No,Yes,0,0
CUST-002661,56,76.53,4041.65,42.0,0,One year,DSL,Electronic check,No,Yes,No,No,0,0
CUST-002817,63,74.7,4501.87,75.0,1,Month-to-month,DSL,Mailed check,No,No,Yes,No,0,1
CUST-004093,32,97.27,3179.62,43.0,1,One year,DSL,Electronic check,No internet service,Yes,No,No,0,1
CUST-005498,72,70.36,,51.0,1,Month-to-month,DSL,Electronic check,Yes,Yes,Yes,No,0,1
CUST-001153,66,44.54,2879.29,63.0,1,One year,DSL,Bank transfer,Yes,Yes,Yes,No,0,0
CUST-003909,66,83.57,5543.35,27.0,1,Month-to-month,Fiber optic,Electronic check,No,No,Yes,No,0,1
CUST-004776,24,42.38,1039.42,30.0,0,Month-to-month,DSL,Mailed check,Yes,Yes,Yes,No,1,0
CUST-005345,29,82.8,2396.15,57.0,3,Two year,Fiber optic,Credit card,Yes,Yes,No,No,1,0
CUST-000057,11,81.02,864.01,19.0,1,Month-to-month,DSL,Electronic check,No,Yes,Yes,Yes,0,0
CUST-004482,61,31.96,2043.43,66.0,0,Month-to-month,Fiber optic,Bank transfer,No internet service,Yes,No,Yes,0,0
CUST-003883,33,51.5,1743.36,79.0,2,Month-to-month,Fiber optic,Credit card,Yes,Yes,Yes,No,0,1
CUST-003061,22,40.85,820.91,76.0,1,Month-to-month,No,Credit card,Yes,Yes,No,No,0,0
CUST-005140,27,69.93,1995.73,63.0,1,One year,Fiber optic,Credit card,No,Yes,No,No,0,0
CUST-005959,63,34.06,2047.79,,1,Month-to-month,DSL,Credit card,Yes,Yes,No,No,0,1
CUST-001735,58,111.32,6143.11,49.0,3,Month-to-month,DSL,Bank transfer,No,Yes,No,No,0,0
CUST-005421,70,46.07,3344.61,32.0,1,One year,Fiber optic,Electronic check,No,Yes,Yes,Yes,0,1
CUST-002823,71,43.8,3126.07,75.0,3,One year,No,Electronic check,No,No,No,No,0,0
CUST-002196,21,67.03,1363.84,33.0,2,Month-to-month,Fiber optic,Bank transfer,No internet service,No,Yes,No,0,1
CUST-000159,57,88.43,4712.29,60.0,2,Month-to-month,DSL,Bank transfer,No internet service,Yes,No,Yes,0,0
CUST-005099,21,78.53,1663.64,34.0,2,Month-to-month,DSL,Bank transfer,No internet service,No,No,No,0,0
CUST-002475,30,37.87,1294.98,56.0,1,Month-to-month,No,Mailed check,No,No,Yes,No,0,0
CUST-002564,32,79.75,2487.95,46.0,1,Month-to-month,DSL,Mailed check,No internet service,Yes,Yes,No,0,0
CUST-004308,58,41.45,2647.32,78.0,0,Month-to-month,Fiber optic,Bank transfer,No internet service,No,No,No,0,1
CUST-005065,50,75.65,,36.0,1,Month-to-month,Fiber optic,Credit card,No internet service,No,Yes,No,0,1
CUST-004153,71,47.67,3462.75,41.0,0,Month-to-month,DSL,Bank transfer,Yes,No,Yes,No,0,0
CUST-002608,38,74.27,3021.86,32.0,0,One year,DSL,Mailed check,No,Yes,Yes,Yes,0,0
CUST-004652,24,53.55,1226.03,37.0,0,One year,Fiber optic,Credit card,No,Yes,No,No,0,0
CUST-000707,41,26.1,1100.55,24.0,1,Two year,DSL,Mailed check,No,Yes,Yes,No,0,0
CUST-003046,53,29.95,1677.77,72.0,4,Month-to-month,Fiber optic,Bank transfer,No,No,No,No,0,0
CUST-005342,41,57.32,2353.19,76.0,1,Month-to-month,No,Credit card,No,Yes,No,No,0,1
CUST-001093,28,48.9,1389.07,45.0,1,Month-to-month,No,Bank transfer,Yes,No,Yes,No,0,1
CUST-004590,50,76.89,3808.95,72.0,1,Month-to-month,No,Electronic check,Yes,Yes,Yes,Yes,0,0
CUST-001376,70,15.0,1131.34,60.0,0,Month-to-month,DSL,Electronic check,Yes,Yes,No,Yes,0,0
CUST-005922,47,29.58,1456.84,78.0,0,One year,No,Mailed check,Yes,Yes,Yes,No,0,0
CUST-000072,33,53.44,1911.33,46.0,1,One year,No,Credit card,No,Yes,Yes,Yes,0,0
CUST-001922,60,95.29,5789.18,23.0,0,Month-to-month,No,Credit card,No,No,Yes,Yes,1,0
CUST-004775,3,50.91,149.58,21.0,2,One year,DSL,Bank transfer,No,Yes,No,No,0,0
CUST-004319,3,40.85,123.04,70.0,1,One year,No,Credit card,Yes,Yes,Yes,No,0,0
CUST-001764,42,62.65,2821.47,28.0,1,Month-to-month,No,Credit card,Yes,Yes,No,Yes,1,0
CUST-000743,19,38.82,773.13,75.0,1,One year,DSL,Mailed check,Yes,No,Yes,No,0,0
CUST-004099,24,66.96,1712.32,54.0,0,Two year,DSL,Mailed check,No internet service,No,No,No,0,0
CUST-001005,67,66.7,4576.11,44.0,2,Two year,Fiber optic,Bank transfer,Yes,Yes,No,No,0,0
CUST-002668,5,98.55,465.3,64.0,2,Two year,Fiber optic,Electronic check,No,Yes,Yes,No,0,1
CUST-001190,30,73.92,2282.2,35.0,0,Month-to-month,DSL,Credit card,No,Yes,Yes,Yes,0,0
CUST-005426,60,67.32,4412.62,42.0,2,Month-to-month,DSL,Credit card,Yes,Yes,Yes,Yes,0,0
CUST-002601,15,73.93,979.26,51.0,1,Month-to-month,DSL,Electronic check,No,No,Yes,No,0,0
CUST-001125,61,79.72,4626.43,64.0,1,Month-to-month,Fiber optic,Electronic check,Yes,No,No,No,0,1
CUST-001241,56,38.23,,46.0,2,Month-to-month,No,Electronic check,No,Yes,No,No,0,1
CUST-004063,37,57.25,2027.81,49.0,0,Month-to-month,No,Credit card,No,No,Yes,No,0,0
CUST-005461,0,77.09,0.0,49.0,1,One year,DSL,Bank transfer,Yes,No,Yes,No,0,1
CUST-004960,27,50.07,1324.75,19.0,0,One year,Fiber optic,Electronic check,No,Yes,No,No,0,0
CUST-005672,69,37.43,2548.68,59.0,0,Month-to-month,Fiber optic,Credit card,No internet service,No,No,Yes,0,1
CUST-003351,68,72.05,5093.41,40.0,2,Month-to-month,Fiber optic,Credit card,No,No,No,No,0,0
CUST-000998,70,83.88,5733.16,79.0,1,One year,DSL,Bank transfer,Yes,Yes,Yes,Yes,0,0
CUST-004475,23,15.0,298.99,29.0,3,One year,DSL,Electronic check,No,No,No,No,0,0
CUST-003824,43,34.77,1365.5,27.0,2,Month-to-month,No,Electronic check,No internet service,Yes,Yes,No,0,1
CUST-004008,13,15.0,195.77,32.0,1,Month-to-month,DSL,Credit card,Yes,Yes,Yes,No,1,0
CUST-005646,64,106.84,7329.68,73.0,3,One year,Fiber optic,Credit card,No,Yes,Yes,No,0,0
CUST-002684,36,62.43,2337.59,26.0,1,Month-to-month,Fiber optic,Bank transfer,No,No,Yes,Yes,0,1
CUST-005624,15,87.88,1411.02,53.0,1,Month-to-month,DSL,Mailed check,Yes,No,Yes,No,0,0
CUST-001577,58,58.44,3407.02,48.0,1,Month-to-month,DSL,Electronic check,No internet service,No,No,No,0,1
CUST-003906,52,62.41,3148.81,61.0,0,Month-to-month,Fiber optic,Credit card,No,Yes,Yes,Yes,0,0
CUST-003729,46,15.0,719.62,39.0,0,Two year,No,Electronic check,No,Yes,No,No,0,0
CUST-003668,31,57.36,1848.68,45.0,3,One year,Fiber optic,Mailed check,No internet service,No,No,No,0,0
CUST-005764,22,56.72,1339.46,64.0,0,Two year,DSL,Bank transfer,Yes,Yes,No,No,0,0
CUST-001826,7,51.34,335.78,73.0,2,Month-to-month,Fiber optic,Electronic check,No,Yes,No,No,0,1
CUST-001343,41,84.15,3861.59,28.0,0,Two year,Fiber optic,Bank transfer,No,No,No,Yes,0,0
CUST-005750,64,64.34,4571.83,75.0,5,Month-to-month,DSL,Mailed check,No,Yes,Yes,No,0,1
CUST-005231,36,119.67,3838.83,54.0,0,One year,Fiber optic,Mailed check,No,No,No,Yes,0,0
CUST-004967,24,51.84,1278.0,78.0,1,Month-to-month,Fiber optic,Electronic check,No internet service,Yes,Yes,No,1,1
CUST-000440,71,50.4,3493.15,19.0,2,Two year,Fiber optic,Credit card,Yes,Yes,No,No,0,0
CUST-005965,7,62.24,406.94,36.0,2,Month-to-month,Fiber optic,Bank transfer,No,Yes,Yes,Yes,0,1
CUST-001100,35,79.87,2866.83,74.0,1,Month-to-month,Fiber optic,Electronic check,No,Yes,Yes,Yes,0,1
CUST-002637,54,86.61,4506.97,19.0,0,Month-to-month,Fiber optic,Mailed check,No,Yes,No,No,0,1
CUST-004231,67,65.53,4261.76,34.0,1,One year,No,Credit card,No,Yes,No,Yes,0,0
CUST-000649,61,66.96,3855.01,52.0,2,Month-to-month,DSL,Electronic check,,Yes,No,No,1,1
CUST-001546,50,74.73,4222.38,36.0,2,Month-to-month,Fiber optic,Electronic check,No,Yes,No,Yes,0,1
CUST-003231,15,105.36,1759.11,73.0,1,Month-to-month,No,Credit card,Yes,Yes,No,No,0,0
CUST-004504,1,67.78,72.91,74.0,1,Month-to-month,DSL,Electronic check,No,No,Yes,No,0,1
CUST-005541,11,70.13,789.94,79.0,0,Month-to-month,No,Bank transfer,No,No,Yes,No,1,0
CUST-004589,21,75.78,1593.89,64.0,0,One year,DSL,Credit card,No,Yes,Yes,No,0,0
CUST-004159,2,85.8,176.96,47.0,0,One year,No,Bank transfer,No,No,Yes,Yes,0,0
CUST-002852,8,109.23,852.66,46.0,2,Month-to-month,No,Electronic check,No,No,No,No,0,0
CUST-003503,14,87.52,1272.09,77.0,3,Two year,Fiber optic,Credit card,No,Yes,Yes,Yes,0,0
CUST-004326,62,38.97,2464.07,79.0,0,Two year,No,Credit card,Yes,Yes,No,Yes,0,0
CUST-004706,34,70.99,2645.62,47.0,0,Two year,Fiber optic,Credit card,No,Yes,Yes,No,0,0
CUST-000630,53,60.75,3279.24,41.0,2,Month-to-month,Fiber optic,Mailed check,No,No,No,No,0,1
CUST-000672,46,85.15,3769.6,76.0,1,Month-to-month,Fiber optic,Electronic check,Yes,Yes,Yes,No,1,1
CUST-001249,71,29.57,2113.5,60.0,0,One year,DSL,Bank transfer,No,Yes,No,Yes,0,0
CUST-004103,1,78.91,82.81,55.0,0,One year,DSL,Electronic check,Yes,No,Yes,No,1,0
CUST-000482,18,66.64,1123.27,64.0,1,Two year,DSL,Bank transfer,Yes,Yes,No,Yes,1,0
CUST-001584,46,61.01,2918.16,26.0,2,Month-to-month,Fiber optic,Credit card,No,Yes,No,No,0,1
CUST-004247,14,60.24,850.45,60.0,2,Month-to-month,Fiber optic,Electronic check,No,No,No,No,0,0
CUST-005563,7,89.62,595.02,39.0,0,Month-to-month,Fiber optic,Bank transfer,No,No,Yes,No,1,0
CUST-005802,31,43.29,1328.07,23.0,0,One year,Fiber optic,Electronic check,No internet service,No,Yes,No,1,0
CUST-001462,3,71.26,222.29,40.0,1,Month-to-month,DSL,Credit card,Yes,Yes,No,No,0,0
CUST-003040,28,63.74,1746.43,44.0,0,One year,DSL,Credit card,No internet service,Yes,No,No,1,0
CUST-004041,47,101.11,4891.35,69.0,2,Month-to-month,No,Credit card,No,Yes,Yes,Yes,1,0
CUST-004634,7,71.66,550.74,60.0,0,One year,Fiber optic,Credit card,No,No,No,No,0,0
CUST-004826,14,16.6,230.29,36.0,1,Month-to-month,DSL,Credit card,No,Yes,No,Yes,0,0
CUST-004626,0,74.78,0.0,,0,Two year,Fiber optic,Electronic check,No,No,Yes,No,0,0
CUST-005997,71,87.22,5882.54,71.0,1,One year,Fiber optic,Electronic check,No,Yes,No,No,1,0
CUST-003273,29,100.27,2996.63,46.0,0,Month-to-month,Fiber optic,Electronic check,Yes,Yes,Yes,No,1,1
CUST-003238,64,18.82,1185.2,74.0,1,Month-to-month,DSL,Mailed check,No internet service,Yes,No,No,0,1
CUST-003131,33,106.07,3272.36,60.0,3,Month-to-month,DSL,Bank transfer,No,Yes,No,No,0,1
CUST-003683,41,67.04,2833.86,31.0,0,Month-to-month,Fiber optic,Mailed check,No,No,Yes,Yes,0,0
CUST-002578,70,65.31,4946.18,29.0,1,Month-to-month,Fiber optic,Credit card,No internet service,No,No,No,0,1
CUST-004745,22,54.93,1126.25,79.0,1,Month-to-month,Fiber optic,Electronic check,No,Yes,No,Yes,0,1
CUST-000049,56,60.11,3450.72,28.0,2,Month-to-month,DSL,Bank transfer,No,Yes,Yes,No,0,0
CUST-005141,1,118.49,119.79,70.0,0,Month-to-month,Fiber optic,Credit card,No,Yes,Yes,No,0,1
CUST-004230,5,73.44,359.63,21.0,2,Two year,Fiber optic,Bank transfer,No,Yes,No,No,0,0
CUST-000858,48,103.72,5134.57,34.0,1,Two year,No,Credit card,No,Yes,No,No,1,0
CUST-003225,56,39.14,2115.88,70.0,1,Month-to-month,DSL,Credit card,Yes,No,No,Yes,1,0
CUST-001072,55,57.31,3272.74,51.0,1,Month-to-month,DSL,Bank transfer,No,No,No,No,1,1
CUST-000719,43,86.33,3852.68,30.0,1,Month-to-month,Fiber optic,Mailed check,Yes,Yes,Yes,No,0,0
CUST-002199,12,65.33,835.09,38.0,1,Month-to-month,Fiber optic,Electronic check,No,No,Yes,Yes,1,1
CUST-002631,49,45.67,2245.56,56.0,1,One year,Fiber optic,Electronic check,No internet service,Yes,Yes,No,1,0
CUST-005872,53,106.6,5707.64,48.0,1,Two year,Fiber optic,Electronic check,Yes,Yes,Yes,No,0,0
CUST-001660,45,57.68,2437.35,59.0,1,Month-to-month,Fiber optic,Electronic check,No,Yes,No,Yes,0,1
CUST-001656,61,53.54,3125.13,72.0,1,One year,Fiber optic,Electronic check,Yes,No,Yes,No,0,0
CUST-002425,40,54.27,2204.87,48.0,2,Month-to-month,DSL,Mailed check,No internet service,No,Yes,Yes,0,0
CUST-004564,65,70.5,4768.22,36.0,2,Month-to-month,No,Bank transfer,Yes,No,Yes,No,1,0
CUST-005070,66,53.73,,69.0,0,Two year,Fiber optic,Bank transfer,Yes,No,No,No,0,0
CUST-005990,3,72.8,221.16,60.0,0,Month-to-month,Fiber optic,Bank transfer,No internet service,No,No,Yes,0,1
CUST-004418,52,62.38,3009.66,44.0,3,Month-to-month,DSL,Mailed check,No,No,Yes,No,0,0
CUST-003097,22,73.67,1612.68,22.0,2,Month-to-month,DSL,Credit card,Yes,Yes,Yes,No,0,0
CUST-003976,47,123.2,5695.69,52.0,3,One year,DSL,Electronic check,No,Yes,No,No,1,0
CUST-005386,17,78.21,1309.14,73.0,1,Month-to-month,Fiber optic,Credit card,No,No,Yes,Yes,0,1
CUST-005901,11,36.07,426.54,48.0,2,Month-to-month,DSL,Credit card,No,No,Yes,No,0,0
CUST-005718,0,101.74,0.0,35.0,3,Two year,DSL,Credit card,Yes,No,Yes,No,1,0
CUST-003189,60,88.61,5604.99,62.0,1,Two year,Fiber optic,Credit card,Yes,Yes,No,No,0,0
CUST-003989,34,59.99,,47.0,2,Month-to-month,DSL,Electronic check,Yes,Yes,No,Yes,0,0
CUST-002934,58,98.12,5694.33,68.0,1,One year,Fiber optic,Electronic check,Yes,Yes,Yes,No,0,0
CUST-004956,11,80.54,907.81,58.0,4,One year,Fiber optic,Bank transfer,Yes,No,No,No,0,0
CUST-004271,38,51.89,2150.58,36.0,1,One year,Fiber optic,Electronic check,Yes,Yes,Yes,Yes,1,1
CUST-002606,38,34.69,1282.94,74.0,0,Month-to-month,Fiber optic,Bank transfer,Yes,No,No,No,1,0
CUST-001385,17,41.31,712.43,28.0,2,Month-to-month,DSL,Bank transfer,No internet service,Yes,No,No,1,0
CUST-004768,8,59.4,446.57,74.0,2,One year,Fiber optic,Mailed check,No,Yes,Yes,No,0,1
CUST-001399,21,103.21,2275.77,57.0,2,Two year,No,Mailed check,Yes,Yes,No,Yes,0,0
CUST-001195,46,59.65,2826.58,41.0,1,Two year,Fiber optic,Mailed check,Yes,No,Yes,No,0,0
CUST-001408,0,93.04,0.0,41.0,1,Month-to-month,Fiber optic,Bank transfer,No,Yes,No,No,0,1
CUST-001845,45,63.21,2708.44,42.0,1,Month-to-month,Fiber optic,Electronic check,No,Yes,Yes,No,1,1
CUST-001798,34,57.71,,40.0,6,Month-to-month,Fiber optic,Mailed check,Yes,Yes,Yes,No,0,1
CUST-003957,53,38.72,1940.74,59.0,1,Month-to-month,Fiber optic,Credit card,No internet service,Yes,Yes,No,0,1
CUST-001475,22,63.61,1547.75,25.0,2,One year,Fiber optic,Mailed check,No,No,Yes,No,0,0
CUST-000035,4,115.79,486.23,71.0,2,Two year,No,Electronic check,No,Yes,Yes,No,0,0
CUST-000444,37,58.02,2243.33,42.0,1,Month-to-month,DSL,Bank transfer,No internet service,No,Yes,Yes,0,0
CUST-002359,15,73.47,1128.55,53.0,0,Two year,DSL,Mailed check,Yes,Yes,Yes,Yes,0,0
CUST-003654,48,72.13,3554.8,33.0,1,Month-to-month,No,Bank transfer,No,Yes,Yes,Yes,1,1
CUST-003179,12,68.65,767.27,79.0,3,Two year,Fiber optic,Credit card,No internet service,Yes,Yes,No,0,0
CUST-001286,66,55.34,3821.76,55.0,1,Month-to-month,Fiber optic,Electronic check,Yes,Yes,No,No,0,0
CUST-004668,53,27.95,1612.79,61.0,3,Month-to-month,No,Mailed check,Yes,No,Yes,Yes,0,0
CUST-003416,44,65.22,2729.84,26.0,3,One year,Fiber optic,Electronic check,No internet service,Yes,Yes,No,0,0
CUST-002137,1,53.05,52.7,18.0,1,Month-to-month,DSL,Electronic check,Yes,Yes,Yes,No,1,0
CUST-002636,24,69.9,1812.2,26.0,1,One year,DSL,Credit card,No internet service,Yes,No,No,0,0
CUST-004016,19,84.17,1568.05,39.0,5,Month-to-month,Fiber optic,Mailed check,No internet service,Yes,Yes,No,0,1
CUST-005819,41,114.26,4773.01,45.0,2,Two year,DSL,Bank transfer,No,Yes,Yes,No,0,0
CUST-001681,0,51.23,0.0,55.0,0,One year,No,Electronic check,Yes,Yes,Yes,Yes,0,0
CUST-004374,22,19.63,412.14,75.0,2,Month-to-month,Fiber optic,Credit card,No internet service,Yes,No,No,0,1
CUST-001692,47,74.71,3325.81,42.0,0,One year,No,Mailed check,No,Yes,Yes,No,0,0
CUST-004438,25,80.16,1897.28,26.0,3,Two year,No,Electronic check,No internet service,Yes,No,Yes,0,0
CUST-004792,70,105.46,7117.18,74.0,2,Month-to-month,Fiber optic,Credit card,Yes,No,Yes,No,0,0
CUST-003635,34,55.72,2073.41,29.0,0,One year,DSL,Bank transfer,Yes,Yes,No,No,0,0
CUST-000372,29,77.9,2293.91,20.0,1,One year,DSL,Electronic check,Yes,Yes,No,No,0,0
CUST-004620,45,81.76,3535.56,56.0,1,Two year,Fiber optic,Electronic check,No internet service,Yes,Yes,No,0,0
CUST-000140,71,84.27,6564.41,24.0,0,Month-to-month,Fiber optic,Electronic check,No,Yes,Yes,No,1,0
CUST-005610,20,88.7,1853.07,49.0,1,Month-to-month,DSL,Electronic check,Yes,No,No,Yes,1,0
CUST-000714,67,55.17,3900.89,63.0,1,One year,No,Bank transfer,Yes,No,Yes,No,0,1
CUST-003188,4,90.04,360.08,19.0,0,Month-to-month,Fiber optic,Electronic check,Yes,No,Yes,No,0,1
CUST-005688,55,97.73,5375.56,57.0,0,Two year,No,Bank transfer,No,No,No,No,0,0
CUST-004725,34,65.84,2259.68,48.0,0,Month-to-month,No,Mailed check,Yes,Yes,Yes,Yes,0,1
CUST-000406,31,24.3,745.61,36.0,1,Month-to-month,No,Electronic check,No,Yes,No,Yes,0,1
CUST-000020,36,15.0,542.19,63.0,0,Month-to-month,Fiber optic,Mailed check,No,No,No,No,1,1
CUST-001004,9,76.74,737.19,49.0,2,Month-to-month,No,Credit card,Yes,No,Yes,No,0,1
CUST-002411,3,62.99,185.58,69.0,2,Month-to-month,Fiber optic,Electronic check,Yes,No,No,Yes,0,0
CUST-002545,29,87.17,2315.44,47.0,2,One year,DSL,Electronic check,No,Yes,Yes,No,1,0
CUST-002390,33,43.99,1484.49,34.0,0,Month-to-month,Fiber optic,Electronic check,No,No,No,Yes,0,1
CUST-004834,71,28.89,2006.96,69.0,2,Month-to-month,Fiber optic,Credit card,No,Yes,No,No,0,1
CUST-000042,51,72.95,3739.33,31.0,3,Two year,Fiber optic,Electronic check,Yes,Yes,No,Yes,1,0
CUST-002830,67,113.18,7592.49,26.0,2,Month-to-month,No,Electronic check,No,Yes,No,Yes,1,1
CUST-003371,17,89.77,1499.61,44.0,2,Two year,Fiber optic,Mailed check,Yes,Yes,Yes,No,1,1
CUST-003022,28,68.24,1880.6,71.0,0,Month-to-month,Fiber optic,Bank transfer,No internet service,No,Yes,No,1,0
CUST-003364,11,67.8,696.41,56.0,2,Month-to-month,DSL,Electronic check,Yes,Yes,Yes,No,0,0
CUST-000011,71,61.7,4304.64,24.0,2,Month-to-month,DSL,Electronic check,No,No,No,No,0,1
CUST-001177,13,78.97,1138.8,79.0,3,Month-to-month,No,Bank transfer,No,Yes,No,No,0,0
CUST-001947,66,51.47,3269.44,51.0,2,Month-to-month,Fiber optic,Mailed check,No internet service,Yes,Yes,No,0,1
CUST-002501,7,41.54,279.6,58.0,1,One year,DSL,Electronic check,No,Yes,Yes,Yes,0,0
CUST-002863,44,121.82,5379.59,60.0,0,One year,Fiber optic,Bank transfer,Yes,Yes,Yes,No,0,0
CUST-003865,56,25.86,1474.12,23.0,0,Month-to-month,Fiber optic,Electronic check,Yes,Yes,No,No,0,1
CUST-001026,5,44.28,232.36,46.0,2,Month-to-month,Fiber optic,Mailed check,No,Yes,Yes,No,0,1
CUST-003848,54,64.21,3683.1,35.0,0,One year,No,Bank transfer,Yes,No,No,No,1,0
CUST-002989,31,132.76,4103.29,51.0,1,Two year,DSL,Mailed check,No internet service,Yes,Yes,Yes,0,0
CUST-000961,29,80.69,2263.85,66.0,3,One year,DSL,Credit card,No,No,Yes,No,1,0
CUST-002889,14,68.66,956.15,26.0,0,Two year,Fiber optic,Bank transfer,No,No,Yes,No,0,0
CUST-003015,33,91.22,3060.66,,2,One year,Fiber optic,Bank transfer,Yes,Yes,No,No,1,0
CUST-003338,62,15.0,896.23,20.0,1,One year,No,Bank transfer,No internet service,No,Yes,Yes,0,1
CUST-004244,25,62.31,1508.54,71.0,1,One year,DSL,Credit card,No,Yes,Yes,No,0,0
CUST-000735,48,21.64,1122.81,45.0,1,Month-to-month,DSL,Credit card,No,Yes,Yes,No,0,0
CUST-001440,56,109.29,5299.34,61.0,2,Month-to-month,Fiber optic,Electronic check,No internet service,Yes,Yes,No,0,1
CUST-002875,37,50.94,1955.45,43.0,3,Month-to-month,Fiber optic,Electronic check,No internet service,Yes,No,No,0,0
CUST-003986,22,32.39,690.82,50.0,1,Two year,DSL,Electronic check,Yes,Yes,Yes,Yes,0,0
CUST-000916,39,44.73,1689.74,32.0,0,Month-to-month,Fiber optic,Electronic check,Yes,No,No,No,0,1
CUST-005018,56,106.1,6031.01,31.0,1,Two year,Fiber optic,Electronic check,No internet service,No,No,Yes,0,1
CUST-004089,71,49.99,3720.45,31.0,0,One year,Fiber optic,Credit card,Yes,No,Yes,No,1,0
CUST-005561,8,54.67,465.36,29.0,3,Month-to-month,No,Bank transfer,Yes,Yes,No,Yes,0,0
CUST-004701,4,89.0,386.82,61.0,1,Month-to-month,Fiber optic,Bank transfer,No,Yes,Yes,Yes,0,0
CUST-002772,14,70.67,982.44,26.0,1,Two year,No,Mailed check,Yes,No,No,No,1,0
CUST-001624,40,76.56,3176.95,29.0,2,Month-to-month,DSL,Bank transfer,Yes,No,No,No,1,0
CUST-004770,21,57.45,,50.0,1,One year,DSL,Electronic check,No,Yes,Yes,No,1,0
CUST-000821,48,59.31,2948.9,,1,Month-to-month,Fiber optic,Bank transfer,Yes,Yes,No,No,0,1
CUST-001367,33,53.92,1745.27,48.0,1,Month-to-month,Fiber optic,Credit card,Yes,No,No,Yes,0,1
CUST-003712,58,65.49,3671.87,29.0,1,One year,Fiber optic,Mailed check,Yes,Yes,No,No,0,0
CUST-005410,1,50.34,48.54,40.0,1,Month-to-month,No,Electronic check,Yes,No,No,No,0,1
CUST-000850,71,98.79,7149.35,18.0,2,Month-to-month,Fiber optic,Bank transfer,No,Yes,Yes,Yes,0,0
CUST-001000,59,92.48,5683.58,73.0,1,Two year,DSL,Mailed check,Yes,Yes,No,Yes,1,0
CUST-004473,9,17.73,180.55,58.0,2,Month-to-month,No,Bank transfer,No,Yes,No,Yes,0,0
CUST-004114,21,83.15,1661.73,31.0,2,Two year,DSL,Electronic check,Yes,Yes,No,Yes,0,0
CUST-001637,45,62.44,2883.08,26.0,1,Month-to-month,DSL,Electronic check,Yes,No,Yes,Yes,0,1
CUST-001667,49,83.57,4011.49,70.0,0,Two year,No,Electronic check,No,Yes,No,No,1,0
CUST-003173,25,58.44,1556.16,50.0,3,One year,No,Bank transfer,Yes,Yes,No,Yes,0,0
CUST-004576,6,45.67,249.25,48.0,1,Month-to-month,Fiber optic,Electronic check,No internet service,Yes,No,No,0,1
CUST-001347,51,100.21,4854.72,18.0,0,Month-to-month,DSL,Mailed check,No,Yes,No,Yes,0,1
CUST-004698,21,18.89,415.91,78.0,1,Month-to-month,No,Bank transfer,No internet service,Yes,Yes,Yes,0,0
CUST-003230,61,53.06,3063.76,38.0,2,Month-to-month,Fiber optic,Electronic check,Yes,Yes,No,No,0,1
CUST-004224,57,71.29,4020.29,66.0,0,Two year,DSL,Credit card,No,No,Yes,No,0,0
CUST-004622,60,69.07,4134.38,39.0,0,Month-to-month,No,Electronic check,No internet service,Yes,Yes,No,0,1
CUST-003232,49,78.67,3953.83,55.0,2,Month-to-month,Fiber optic,Mailed check,Yes,No,Yes,No,0,1
CUST-004917,19,80.73,1515.88,34.0,0,Month-to-month,Fiber optic,Electronic check,No,No,No,No,1,1
CUST-000703,12,58.41,727.0,27.0,0,One year,DSL,Credit card,No internet service,No,Yes,Yes,0,0
CUST-004797,9,57.68,514.57,44.0,2,Month-to-month,Fiber optic,Mailed check,Yes,No,Yes,No,0,1
CUST-003291,33,65.6,2221.63,28.0,2,Month-to-month,No,Electronic check,No,No,No,No,0,1
CUST-003673,0,61.36,0.0,38.0,1,Two year,No,Electronic check,Yes,No,Yes,Yes,0,0
CUST-002408,33,70.01,2209.98,59.0,0,Month-to-month,DSL,Mailed check,Yes,No,Yes,No,0,0
CUST-001327,6,72.3,429.64,21.0,1,Two year,Fiber optic,Bank transfer,No internet service,Yes,Yes,Yes,1,0
CUST-005606,32,72.6,2165.51,67.0,2,Month-to-month,DSL,Electronic check,No,Yes,Yes,No,0,1
CUST-004927,43,37.46,1619.21,42.0,1,One year,Fiber optic,Credit card,Yes,Yes,Yes,No,0,0
CUST-005321,61,59.94,3539.84,59.0,0,Month-to-month,Fiber optic,Credit card,No,No,No,No,0,0
CUST-000986,45,74.88,3467.12,59.0,0,One year,Fiber optic,Electronic check,No,Yes,No,No,0,1
CUST-005460,65,36.02,2263.12,56.0,0,Month-to-month,No,Bank transfer,No,Yes,Yes,Yes,0,1
CUST-005812,21,15.0,309.51,41.0,1,One year,Fiber optic,Electronic check,Yes,Yes,No,No,0,0
CUST-005444,18,53.24,1053.73,69.0,2,One year,No,Mailed check,No internet service,Yes,Yes,No,0,1
CUST-004049,33,53.82,1912.04,63.0,1,One year,No,Credit card,Yes,Yes,Yes,Yes,0,0
CUST-003485,1,112.27,117.68,50.0,1,One year,DSL,Bank transfer,No internet service,Yes,Yes,No,1,1
CUST-002474,7,65.77,446.72,48.0,0,Two year,Fiber optic,Credit card,Yes,No,Yes,Yes,0,0
CUST-003873,34,92.3,3243.91,58.0,1,Two year,No,Credit card,No,Yes,Yes,No,0,0
CUST-001198,58,45.84,2691.13,79.0,1,Month-to-month,Fiber optic,Electronic check,No,Yes,Yes,No,0,0
CUST-004181,26,27.65,733.2,63.0,0,Month-to-month,Fiber optic,Mailed check,No internet service,Yes,Yes,Yes,1,1
CUST-001518,36,58.83,2143.99,73.0,1,One year,DSL,Electronic check,No,Yes,No,No,0,0
CUST-001799,38,121.05,4658.71,58.0,3,One year,DSL,Credit card,No,No,Yes,Yes,0,0
CUST-001014,37,15.75,576.09,73.0,0,Month-to-month,Fiber optic,Electronic check,No internet service,No,Yes,No,0,1
CUST-000128,41,69.98,3114.62,33.0,1,Two year,DSL,Bank transfer,Yes,Yes,No,Yes,0,0
CUST-001364,40,48.51,1864.45,70.0,0,One year,Fiber optic,Mailed check,Yes,Yes,No,No,0,0
CUST-005085,24,103.99,2538.9,30.0,1,Two year,DSL,Electronic check,Yes,Yes,Yes,No,0,0
CUST-000891,51,56.77,2885.31,26.0,0,Month-to-month,Fiber optic,Bank transfer,No,No,No,No,0,0
CUST-002793,39,22.24,932.4,75.0,4,Month-to-month,Fiber optic,Credit card,Yes,Yes,No,No,1,0
CUST-005049,66,65.18,4393.13,46.0,1,Month-to-month,DSL,Bank transfer,Yes,Yes,No,No,1,0
CUST-005737,67,83.77,5409.59,73.0,2,Month-to-month,DSL,Bank transfer,No internet service,Yes,No,No,1,1
CUST-005157,8,95.38,771.34,54.0,0,Month-to-month,Fiber optic,Electronic check,No,No,No,No,0,1
CUST-003249,28,16.47,436.72,67.0,2,Two year,DSL,Credit card,No,Yes,Yes,No,0,1
CUST-001208,20,150.0,2844.15,43.0,1,Month-to-month,No,Mailed check,No,Yes,Yes,No,0,0
CUST-003868,16,91.26,1474.54,19.0,1,Month-to-month,No,Bank transfer,No,No,No,Yes,0,0
CUST-004065,25,66.9,1578.67,44.0,1,Two year,DSL,Electronic check,No,No,No,No,0,0
CUST-005587,72,51.53,3691.61,79.0,0,One year,Fiber optic,Electronic check,Yes,No,Yes,No,0,1
CUST-001239,2,66.84,123.32,36.0,2,Month-to-month,Fiber optic,Electronic check,No internet service,Yes,No,No,0,0
CUST-002289,30,98.85,3013.17,48.0,1,Month-to-month,DSL,Credit card,Yes,Yes,No,No,0,1
CUST-002740,13,57.4,728.62,48.0,2,One year,DSL,Electronic check,No internet service,Yes,Yes,No,0,0
CUST-000275,35,90.52,2989.65,79.0,2,Month-to-month,No,Credit card,Yes,Yes,No,No,0,0
CUST-001035,54,49.55,2873.85,65.0,5,One year,Fiber optic,Electronic check,Yes,No,No,No,1,0
CUST-001229,21,78.33,1593.43,22.0,2,Two year,DSL,Credit card,Yes,Yes,Yes,No,0,0
CUST-001008,53,57.39,3127.22,32.0,1,One year,Fiber optic,Electronic check,No,No,Yes,No,0,0
CUST-003828,49,55.3,2288.23,58.0,1,Month-to-month,Fiber optic,Electronic check,No internet service,No,No,No,0,0
CUST-002532,67,77.15,4963.64,64.0,3,Month-to-month,No,Credit card,No internet service,No,Yes,No,0,0
CUST-001058,30,39.15,1270.53,52.0,1,One year,No,Mailed check,No,Yes,No,No,0,0
CUST-004466,58,65.44,3932.17,25.0,4,One year,Fiber optic,Bank transfer,Yes,No,No,No,0,1
CUST-000281,35,90.42,3212.68,48.0,1,Two year,Fiber optic,Bank transfer,Yes,Yes,No,No,0,0
CUST-001043,27,72.82,2091.7,63.0,0,Month-to-month,Fiber optic,Mailed check,No,No,Yes,No,1,1
CUST-001316,51,101.64,4827.62,28.0,1,Month-to-month,No,Mailed check,Yes,No,Yes,Yes,0,0
CUST-000968,67,81.56,5564.67,34.0,6,Month-to-month,Fiber optic,Mailed check,No,No,No,Yes,0,0
CUST-002381,32,64.34,2030.93,29.0,1,Two year,Fiber optic,Electronic check,No,No,Yes,No,0,0
CUST-004803,57,91.96,5226.29,61.0,1,Two year,DSL,Mailed check,No,Yes,Yes,No,0,0
CUST-001939,15,31.21,454.68,71.0,1,Two year,No,Electronic check,No internet service,Yes,No,No,0,0
CUST-004314,54,75.67,4081.55,45.0,0,Month-to-month,Fiber optic,Bank transfer,No,No,Yes,Yes,0,1
CUST-001274,55,87.19,5076.29,64.0,0,Two year,Fiber optic,Credit card,No internet service,No,No,No,1,0
CUST-000619,10,90.85,900.8,59.0,2,Month-to-month,Fiber optic,Electronic check,Yes,No,Yes,No,0,0
CUST-004368,67,50.03,3066.54,42.0,2,Month-to-month,Fiber optic,Bank transfer,No internet service,Yes,Yes,No,0,1
CUST-001742,33,98.02,3000.08,74.0,1,One year,No,Credit card,No,No,No,No,1,0
CUST-001390,22,67.91,1426.9,49.0,1,Month-to-month,No,Credit card,Yes,No,Yes,Yes,1,0
CUST-004896,62,54.2,3305.27,37.0,1,Month-to-month,DSL,Mailed check,Yes,No,No,No,0,0
CUST-001579,43,96.81,3985.3,30.0,1,Month-to-month,No,Mailed check,Yes,Yes,No,No,0,1
CUST-001655,16,22.33,336.68,23.0,0,One year,Fiber optic,Electronic check,No,No,Yes,No,0,0
CUST-003568,55,101.22,5910.43,36.0,1,Two year,DSL,Electronic check,Yes,Yes,No,No,1,0
CUST-002352,52,74.48,3824.5,73.0,0,One year,Fiber optic,Bank transfer,No,Yes,No,Yes,0,0
CUST-002212,44,67.82,2831.0,20.0,1,Two year,Fiber optic,Bank transfer,Yes,Yes,Yes,Yes,0,0
CUST-005988,63,80.33,4941.97,18.0,1,One year,No,Electronic check,No,No,No,Yes,1,1
CUST-003178,15,59.64,869.37,77.0,1,Month-to-month,DSL,Electronic check,No internet service,No,Yes,No,1,1
CUST-003192,48,28.71,1370.42,57.0,7,One year,DSL,Electronic check,Yes,Yes,Yes,No,1,0
CUST-001307,17,65.78,1148.67,35.0,1,Two year,Fiber optic,Bank transfer,Yes,No,No,No,0,0
CUST-000575,27,78.65,2160.88,,1,Month-to-month,DSL,Credit card,Yes,No,Yes,No,0,1
CUST-002360,47,125.69,6124.26,39.0,0,Month-to-month,Fiber optic,Electronic check,No,Yes,No,No,0,0
CUST-001280,54,61.67,3800.17,25.0,0,Month-to-month,No,Bank transfer,No,Yes,Yes,No,0,1
CUST-005696,5,100.01,492.15,49.0,0,Two year,Fiber optic,Bank transfer,No,No,Yes,No,0,0
CUST-004977,8,79.88,651.46,32.0,1,Two year,Fiber optic,Electronic check,No,No,Yes,Yes,0,0
CUST-001993,46,94.9,4321.53,18.0,3,Month-to-month,Fiber optic,Mailed check,Yes,Yes,Yes,No,0,1
CUST-002639,62,25.9,1652.78,61.0,2,One year,Fiber optic,Electronic check,Yes,Yes,Yes,No,0,0
CUST-000269,43,57.34,2633.56,37.0,2,Month-to-month,DSL,Mailed check,No,No,No,No,0,0
CUST-000629,26,33.6,955.57,54.0,2,One year,No,Credit card,No,No,Yes,No,0,0
CUST-004458,8,62.3,482.25,34.0,0,Month-to-month,No,Electronic check,No,Yes,Yes,No,0,1
CUST-003081,59,43.31,2657.54,61.0,6,Month-to-month,No,Electronic check,No,Yes,No,Yes,0,1
CUST-003466,39,83.04,2959.39,65.0,3,Month-to-month,DSL,Electronic check,Yes,No,Yes,No,0,1
CUST-005250,10,78.64,822.79,56.0,0,Month-to-month,No,Credit card,Yes,No,No,No,1,0
CUST-004023,20,56.55,1175.73,20.0,1,Month-to-month,Fiber optic,Mailed check,Yes,Yes,Yes,No,1,0
CUST-002046,33,47.19,1587.48,46.0,0,Month-to-month,DSL,Mailed check,Yes,Yes,No,No,0,1
CUST-004726,7,70.77,505.36,48.0,0,Month-to-month,Fiber optic,Credit card,No,Yes,Yes,No,0,0
CUST-002113,66,87.6,5868.95,58.0,1,Two year,DSL,Electronic check,Yes,Yes,No,No,0,1
CUST-000027,60,33.27,2161.23,,3,Month-to-month,DSL,Bank transfer,No internet service,No,No,No,1,1
CUST-002040,21,15.0,328.08,18.0,1,Month-to-month,Fiber optic,Bank transfer,No,Yes,No,Yes,0,1
CUST-003928,48,32.63,1753.55,66.0,0,One year,DSL,Bank transfer,Yes,Yes,No,Yes,0,0
CUST-005441,37,60.8,2404.59,40.0,2,One year,No,Credit card,Yes,Yes,Yes,No,0,0
CUST-003216,0,97.18,0.0,79.0,2,Two year,Fiber optic,Credit card,Yes,No,No,No,0,0
CUST-003814,27,81.52,2187.57,21.0,1,Month-to-month,DSL,Electronic check,No,Yes,No,No,0,1
CUST-000129,46,126.8,5519.4,33.0,2,Two year,Fiber optic,Mailed check,No internet service,Yes,Yes,Yes,0,0
CUST-004461,24,31.44,759.45,21.0,1,Month-to-month,Fiber optic,Mailed check,No,Yes,No,No,0,0
CUST-005912,50,92.57,4602.71,63.0,1,One year,Fiber optic,Mailed check,No,Yes,Yes,No,0,0
CUST-000013,55,105.0,5328.78,39.0,2,Month-to-month,DSL,Electronic check,Yes,No,Yes,Yes,0,1
CUST-005158,10,150.0,1499.23,33.0,0,Month-to-month,No,Electronic check,Yes,Yes,Yes,Yes,0,0
CUST-001525,3,50.61,148.37,51.0,2,One year,No,Electronic check,No internet service,Yes,No,No,0,0
CUST-002365,6,80.49,480.11,32.0,5,Month-to-month,DSL,Credit card,No,No,Yes,Yes,0,0
CUST-003052,54,79.21,4442.66,67.0,0,Month-to-month,No,Mailed check,Yes,Yes,Yes,No,0,0
CUST-004005,69,60.19,3666.33,25.0,0,One year,No,Credit card,No,No,No,Yes,0,0
CUST-002340,30,79.76,2471.53,33.0,2,Month-to-month,DSL,Mailed check,Yes,Yes,Yes,No,0,1
CUST-000374,64,82.6,5398.96,45.0,2,Month-to-month,DSL,Bank transfer,Yes,No,Yes,No,0,1
CUST-004386,18,58.06,996.04,50.0,2,Month-to-month,DSL,Mailed check,No,Yes,Yes,No,0,0
CUST-005168,25,61.03,1644.61,47.0,0,Month-to-month,Fiber optic,Electronic check,No,Yes,No,No,0,1
CUST-000939,37,52.75,2041.5,32.0,3,Month-to-month,DSL,Credit card,No internet service,Yes,No,No,0,1
CUST-005766,22,30.9,676.13,31.0,3,Two year,Fiber optic,Mailed check,No internet service,Yes,Yes,No,0,0
CUST-002147,68,40.4,3105.6,18.0,2,One year,Fiber optic,Credit card,Yes,No,No,No,0,1
CUST-003591,21,70.24,1627.98,74.0,2,Month-to-month,Fiber optic,Credit card,Yes,Yes,No,Yes,1,0
CUST-005925,7,54.22,378.13,61.0,0,Two year,Fiber optic,Electronic check,No internet service,Yes,Yes,Yes,0,1
CUST-005057,60,68.5,4114.1,47.0,1,Month-to-month,Fiber optic,Credit card,Yes,No,No,No,0,1
CUST-003623,32,80.7,2564.33,78.0,3,Month-to-month,Fiber optic,Electronic check,Yes,No,No,No,0,1
CUST-000529,67,32.12,2070.87,61.0,0,One year,Fiber optic,Credit card,Yes,No,No,Yes,0,0
CUST-003714,52,67.4,3498.87,53.0,0,One year,Fiber optic,Electronic check,No internet service,No,No,Yes,0,1
CUST-001269,3,78.52,252.96,60.0,4,Two year,DSL,Electronic check,Yes,Yes,Yes,No,0,1
CUST-004281,65,41.19,2840.62,71.0,0,Two year,DSL,Mailed check,No,No,Yes,Yes,0,0
CUST-001394,15,76.8,1117.05,68.0,3,Month-to-month,Fiber optic,Credit card,Yes,No,No,No,0,1
CUST-004009,8,50.98,405.34,24.0,3,Month-to-month,DSL,Mailed check,No,Yes,Yes,Yes,1,0
CUST-001797,13,61.1,739.16,56.0,3,One year,Fiber optic,Mailed check,No,Yes,No,No,0,1
CUST-002979,34,79.36,2849.55,57.0,4,Month-to-month,Fiber optic,Credit card,No internet service,Yes,No,Yes,0,0
CUST-001441,37,86.89,3252.98,21.0,1,One year,Fiber optic,Bank transfer,Yes,No,Yes,Yes,0,0
CUST-005747,18,68.82,1201.97,74.0,2,Month-to-month,DSL,Mailed check,No internet service,Yes,No,No,0,0
CUST-005873,23,46.27,990.28,73.0,3,Month-to-month,DSL,Mailed check,No internet service,Yes,Yes,No,0,1
CUST-003811,32,78.13,2632.45,33.0,2,Month-to-month,DSL,Bank transfer,No,Yes,Yes,Yes,1,0
CUST-001273,49,65.22,3193.52,29.0,2,Two year,Fiber optic,Bank transfer,Yes,No,No,Yes,0,0
CUST-001712,64,44.12,2610.62,20.0,2,Month-to-month,No,Bank transfer,No internet service,Yes,Yes,No,0,0
CUST-000955,44,58.45,2715.28,63.0,0,Month-to-month,No,Credit card,No,Yes,Yes,No,0,0
CUST-004456,43,62.73,2608.24,68.0,3,Month-to-month,Fiber optic,Credit card,No,Yes,No,No,0,0
CUST-004810,14,75.99,1087.7,33.0,3,Month-to-month,DSL,Credit card,No internet service,Yes,Yes,No,0,0
CUST-005319,16,51.82,820.07,63.0,1,One year,Fiber optic,Credit card,No,Yes,Yes,No,0,0
CUST-000403,70,58.83,3722.69,53.0,1,One year,DSL,Bank transfer,Yes,No,Yes,Yes,0,0
CUST-002071,47,70.87,3163.86,58.0,5,Month-to-month,Fiber optic,Bank transfer,No,Yes,No,Yes,0,1
CUST-005723,38,36.76,1434.53,33.0,0,One year,No,Credit card,Yes,No,Yes,No,0,0
CUST-001977,24,45.61,1124.97,47.0,3,Month-to-month,DSL,Bank transfer,No,No,No,No,0,1
CUST-000158,36,48.37,1641.94,18.0,0,Month-to-month,Fiber optic,Electronic check,No,Yes,Yes,Yes,0,1
CUST-003888,10,39.86,376.15,49.0,2,Two year,DSL,Bank transfer,No,Yes,Yes,No,0,0
CUST-000902,15,72.05,1080.84,31.0,2,Month-to-month,DSL,Bank transfer,Yes,Yes,No,No,0,1
CUST-000352,21,90.23,1982.27,25.0,2,One year,Fiber optic,Electronic check,No internet service,Yes,No,No,0,0
CUST-004130,0,58.67,0.0,78.0,0,Month-to-month,Fiber optic,Mailed check,No internet service,No,No,No,0,0
CUST-000754,40,75.69,2805.16,70.0,1,Month-to-month,DSL,Electronic check,Yes,Yes,Yes,No,1,0
CUST-002971,3,107.95,309.23,55.0,1,Month-to-month,Fiber optic,Mailed check,No,Yes,No,No,0,1
CUST-005995,15,57.63,758.43,57.0,3,Month-to-month,No,Mailed check,No,Yes,No,No,0,1
CUST-002920,23,28.63,681.21,69.0,2,Month-to-month,Fiber optic,Electronic check,No,Yes,Yes,No,0,1
CUST-000311,49,77.13,3683.32,23.0,3,Month-to-month,DSL,Electronic check,Yes,No,No,No,0,1
CUST-000661,53,55.59,2757.52,40.0,1,Two year,DSL,Electronic check,No,Yes,No,No,0,0
CUST-001989,67,69.68,4853.45,40.0,3,Month-to-month,Fiber optic,Credit card,No,Yes,No,No,1,1
CUST-003665,32,39.8,1326.46,45.0,2,One year,DSL,Electronic check,No,Yes,Yes,No,0,0
CUST-000306,22,36.21,787.13,63.0,0,Month-to-month,Fiber optic,Credit card,No,Yes,Yes,Yes,0,0
CUST-002335,39,83.52,3365.45,48.0,2,Month-to-month,Fiber optic,Bank transfer,No internet service,Yes,Yes,No,0,1
CUST-002356,30,109.27,3788.01,72.0,1,Month-to-month,DSL,Electronic check,Yes,No,Yes,No,0,0
CUST-003702,18,60.47,1100.66,20.0,3,Two year,Fiber optic,Electronic check,Yes,Yes,Yes,Yes,0,0
CUST-003804,1,90.2,83.6,65.0,2,One year,Fiber optic,Mailed check,No internet service,No,Yes,No,0,0
CUST-001927,9,25.1,241.06,76.0,0,Month-to-month,DSL,Electronic check,Yes,Yes,No,No,0,0
CUST-003427,64,91.89,6249.43,60.0,1,Month-to-month,DSL,Electronic check,Yes,No,Yes,Yes,0,0
CUST-000749,11,68.42,765.68,36.0,1,Two year,Fiber optic,Electronic check,Yes,Yes,Yes,No,0,0
CUST-003638,6,96.3,564.23,37.0,1,Month-to-month,Fiber optic,Electronic check,Yes,Yes,Yes,No,0,1
CUST-004377,19,43.6,818.49,43.0,1,Two year,Fiber optic,Mailed check,No,No,No,No,0,0
CUST-001266,4,72.96,297.66,33.0,1,Month-to-month,Fiber optic,Electronic check,Yes,Yes,Yes,No,0,1
CUST-004567,51,88.4,4177.94,27.0,1,One year,DSL,Bank transfer,No internet service,No,No,Yes,0,0
CUST-005317,7,48.26,347.77,61.0,0,Month-to-month,No,Credit card,No,No,No,No,1,0
CUST-003595,21,96.78,2157.5,75.0,1,One year,Fiber optic,Electronic check,Yes,No,Yes,No,0,0
CUST-002134,32,87.27,2685.75,48.0,2,Two year,No,Electronic check,No internet service,No,Yes,Yes,0,0
CUST-004109,23,15.0,392.54,28.0,2,One year,No,Electronic check,No,Yes,No,No,0,0
CUST-000514,70,89.46,6621.04,57.0,2,Month-to-month,Fiber optic,Credit card,Yes,No,Yes,Yes,0,0
CUST-005381,69,49.82,3712.37,34.0,2,Two year,Fiber optic,Credit card,Yes,No,No,Yes,0,0
CUST-000409,1,107.19,109.58,61.0,1,Month-to-month,No,Credit card,No internet service,Yes,Yes,No,0,0
CUST-004489,28,78.73,2256.35,28.0,3,Month-to-month,Fiber optic,Credit card,No,No,Yes,Yes,0,0
CUST-003455,63,51.58,3209.75,27.0,2,Month-to-month,Fiber optic,Bank transfer,No internet service,Yes,No,No,0,0
CUST-005955,51,108.96,5467.99,62.0,2,Month-to-month,Fiber optic,Bank transfer,No internet service,No,No,No,0,1
CUST-005210,7,89.5,655.41,56.0,0,One year,DSL,Credit card,No,No,No,Yes,0,0
CUST-000207,70,60.27,4321.88,40.0,2,Two year,No,Electronic check,No,Yes,No,No,0,0
CUST-000458,61,21.83,1315.46,26.0,1,One year,No,Credit card,No,Yes,Yes,No,0,0
CUST-002054,52,71.89,3901.49,77.0,2,One year,Fiber optic,Electronic check,Yes,No,Yes,No,0,0
CUST-002430,9,56.9,488.31,,1,Month-to-month,DSL,Electronic check,Yes,Yes,No,No,0,1
CUST-000250,13,79.12,982.99,36.0,0,One year,Fiber optic,Credit card,No,Yes,Yes,Yes,0,1
CUST-005135,7,80.85,611.85,21.0,1,Two year,Fiber optic,Mailed check,No,Yes,No,No,0,0
CUST-001107,66,67.3,4462.98,44.0,0,Month-to-month,Fiber optic,Electronic check,Yes,No,No,Yes,0,1
CUST-004878,49,41.66,1958.9,71.0,2,Month-to-month,No,Bank transfer,Yes,No,No,Yes,0,1
CUST-001713,53,63.53,3393.98,62.0,1,One year,No,Electronic check,Yes,Yes,No,No,0,0
CUST-003911,70,56.81,3597.06,44.0,1,Month-to-month,DSL,Credit card,No internet service,Yes,Yes,No,0,0
CUST-000715,58,99.19,5917.51,57.0,4,Month-to-month,No,Bank transfer,No,Yes,Yes,Yes,0,0
CUST-000552,60,92.03,5173.44,22.0,1,Month-to-month,Fiber optic,Bank transfer,Yes,Yes,Yes,No,0,1
CUST-001439,69,36.59,2570.22,75.0,1,Month-to-month,Fiber optic,Bank transfer,No,Yes,Yes,No,0,0
CUST-002270,23,35.3,804.72,69.0,3,Month-to-month,Fiber optic,Electronic check,No internet service,Yes,No,No,0,1
CUST-003144,55,42.64,2317.32,25.0,2,Month-to-month,DSL,Credit card,Yes,Yes,No,Yes,0,1
CUST-005752,8,70.81,593.19,79.0,1,Month-to-month,No,Electronic check,No,Yes,No,No,0,0
CUST-001925,9,51.77,445.49,38.0,0,Month-to-month,Fiber optic,Bank transfer,No,Yes,No,Yes,0,1
CUST-000634,13,35.24,470.78,39.0,0,Two year,DSL,Mailed check,No,No,Yes,No,0,0
CUST-000316,53,69.65,3453.62,24.0,3,Two year,No,Bank transfer,No,No,No,No,1,0
CUST-005657,59,46.18,2579.96,76.0,2,One year,DSL,Bank transfer,No,No,Yes,No,0,0
CUST-000427,58,63.6,3887.73,58.0,2,Month-to-month,No,Mailed check,No,Yes,Yes,No,0,1
CUST-004467,69,69.6,4801.01,36.0,1,One year,No,Credit card,No,Yes,Yes,No,0,0
CUST-000105,57,44.13,2438.05,53.0,2,One year,DSL,Bank transfer,No,Yes,Yes,Yes,0,0
CUST-003041,21,97.61,2124.12,31.0,1,Month-to-month,No,Electronic check,No,No,No,No,0,1
CUST-004238,55,62.98,3579.6,21.0,0,Month-to-month,DSL,Credit card,No,Yes,No,Yes,0,0
CUST-002169,71,91.06,6482.86,21.0,1,Month-to-month,Fiber optic,Credit card,No,Yes,No,No,0,1
CUST-001709,15,87.02,1383.39,41.0,1,One year,No,Electronic check,No internet service,No,Yes,Yes,0,0
CUST-000089,60,75.05,4321.99,64.0,0,Month-to-month,DSL,Credit card,No,Yes,Yes,No,0,1
CUST-002241,48,116.49,5427.14,36.0,0,One year,Fiber optic,Credit card,No,No,Yes,No,1,0
CUST-003174,72,126.15,9085.59,53.0,3,One year,Fiber optic,Electronic check,,Yes,No,No,0,1
CUST-005456,11,98.19,1177.48,51.0,0,Month-to-month,DSL,Bank transfer,No internet service,No,Yes,Yes,0,1
CUST-001949,23,49.29,1072.38,45.0,1,Month-to-month,Fiber optic,Mailed check,Yes,No,No,No,1,1
CUST-004044,30,78.3,2442.08,69.0,1,Month-to-month,Fiber optic,Electronic check,No,No,Yes,No,0,1
CUST-002848,20,26.56,503.04,76.0,1,Month-to-month,DSL,Mailed check,No,Yes,Yes,No,0,0
CUST-000001,56,46.12,2563.2,21.0,2,Two year,No,Credit card,Yes,Yes,Yes,No,0,0
CUST-004337,23,79.16,1837.45,52.0,2,Two year,DSL,Mailed check,No,Yes,Yes,No,1,0
CUST-000935,68,72.88,5335.64,61.0,1,One year,DSL,Credit card,Yes,Yes,No,No,0,0
CUST-005149,39,95.6,3731.4,53.0,0,Month-to-month,No,Electronic check,No,Yes,Yes,No,0,0
CUST-002720,45,80.03,3441.96,70.0,0,One year,No,Electronic check,No,Yes,Yes,No,0,0
CUST-000591,65,41.99,2452.5,29.0,0,Month-to-month,No,Electronic check,No,Yes,Yes,Yes,1,1
CUST-004511,38,62.26,2234.47,78.0,1,Month-to-month,Fiber optic,Bank transfer,Yes,Yes,Yes,No,0,0
CUST-002936,56,115.45,6619.45,29.0,0,One year,Fiber optic,Mailed check,Yes,No,Yes,No,0,0
CUST-002448,56,48.32,2586.95,19.0,1,One year,Fiber optic,Mailed check,Yes,No,Yes,Yes,0,0
CUST-001576,40,80.14,3185.67,43.0,4,One year,No,Electronic check,No,Yes,No,No,0,0
CUST-005020,64,72.94,4656.2,65.0,1,One year,DSL,Mailed check,No,Yes,No,Yes,1,0
CUST-000213,32,85.89,2766.86,32.0,3,Month-to-month,No,Electronic check,No internet service,No,Yes,Yes,0,0
CUST-000778,19,81.7,1556.67,36.0,0,Two year,No,Bank transfer,Yes,Yes,No,No,0,0
CUST-003496,7,58.44,422.24,63.0,4,Month-to-month,DSL,Electronic check,No,No,No,No,0,0
CUST-005654,17,47.12,777.83,62.0,0,Two year,DSL,Bank transfer,Yes,Yes,Yes,No,0,0
CUST-002043,54,68.7,3675.74,77.0,1,Month-to-month,No,Credit card,No,No,Yes,No,0,1
CUST-005458,37,46.49,1779.22,43.0,2,Month-to-month,Fiber optic,Mailed check,Yes,No,No,No,0,1
CUST-001567,44,27.8,1283.99,20.0,1,One year,No,Mailed check,No,No,No,Yes,0,0
CUST-000165,59,115.33,6852.08,79.0,1,Month-to-month,No,Electronic check,No internet service,No,No,No,1,0
CUST-003566,30,120.74,3352.36,56.0,0,Two year,DSL,Bank transfer,Yes,Yes,No,No,0,0
CUST-004606,17,60.1,1143.76,71.0,0,Two year,Fiber optic,Bank transfer,Yes,Yes,No,No,0,0
CUST-002013,67,99.63,6348.47,47.0,3,Month-to-month,No,Electronic check,No internet service,Yes,Yes,No,0,0
CUST-000273,69,76.99,5204.71,76.0,1,Two year,Fiber optic,Electronic check,No,Yes,No,Yes,1,1
CUST-003860,39,46.92,1806.38,56.0,0,Two year,No,Electronic check,No internet service,Yes,No,No,0,0
CUST-004167,13,95.98,1255.73,62.0,2,Two year,Fiber optic,Bank transfer,No,No,Yes,No,0,0
CUST-005312,15,54.71,777.97,48.0,1,Month-to-month,DSL,Electronic check,No internet service,Yes,No,No,0,1
CUST-003788,71,93.05,6943.61,28.0,4,Two year,Fiber optic,Mailed check,No internet service,No,No,No,0,0
CUST-000394,52,66.6,3687.03,70.0,1,Month-to-month,DSL,Electronic check,No,Yes,Yes,No,1,1
CUST-000583,3,76.16,228.89,52.0,1,Two year,Fiber optic,Mailed check,No internet service,No,No,Yes,0,0
CUST-000966,43,73.03,3019.83,18.0,0,Month-to-month,No,Credit card,Yes,No,Yes,No,0,0
CUST-005584,33,65.08,2072.61,28.0,0,Month-to-month,Fiber optic,Bank transfer,No,No,Yes,No,1,1
CUST-005762,14,81.03,1189.46,51.0,1,Month-to-month,DSL,Bank transfer,No,Yes,Yes,No,0,1
CUST-000520,26,83.03,2095.73,65.0,1,One year,DSL,Bank transfer,No internet service,Yes,Yes,Yes,0,1
CUST-001763,43,82.9,3635.07,26.0,2,Month-to-month,DSL,Bank transfer,No internet service,No,Yes,Yes,0,0
CUST-001875,8,50.79,396.35,31.0,1,Two year,Fiber optic,Electronic check,No,No,Yes,No,0,1
CUST-003965,62,39.16,,39.0,0,Two year,Fiber optic,Bank transfer,No,Yes,No,Yes,0,0
CUST-003344,39,106.13,4262.86,57.0,4,Month-to-month,Fiber optic,Credit card,No,No,Yes,No,0,1
CUST-002253,36,80.41,2820.78,61.0,4,Two year,Fiber optic,Mailed check,No,No,Yes,No,0,0
CUST-003224,44,56.14,2482.8,52.0,2,Month-to-month,Fiber optic,Bank transfer,Yes,No,Yes,Yes,0,0
CUST-000526,67,84.31,6099.11,62.0,1,Month-to-month,Fiber optic,Electronic check,No,Yes,Yes,No,0,1
CUST-002946,42,93.96,3848.02,29.0,2,Month-to-month,Fiber optic,Electronic check,No,No,Yes,No,0,0
CUST-003899,67,88.01,5914.29,41.0,2,Month-to-month,No,Credit card,No,Yes,Yes,Yes,0,1
CUST-000692,67,115.55,7884.07,55.0,0,One year,DSL,Credit card,No,Yes,No,No,0,0
CUST-005695,4,60.36,233.04,33.0,1,Month-to-month,Fiber optic,Credit card,Yes,Yes,No,No,0,0
CUST-003633,55,94.25,5192.87,31.0,2,Month-to-month,No,Mailed check,Yes,No,No,No,0,0
CUST-001050,37,30.81,1115.94,67.0,5,Month-to-month,DSL,Bank transfer,No internet service,No,Yes,No,0,0
CUST-000590,58,25.36,1570.87,52.0,1,Month-to-month,No,Mailed check,No internet service,Yes,No,Yes,0,0
CUST-000519,43,113.52,5088.54,46.0,4,Month-to-month,DSL,Credit card,Yes,Yes,Yes,No,1,0
CUST-003380,60,78.76,4672.0,55.0,0,Month-to-month,Fiber optic,Electronic check,Yes,Yes,No,No,0,0
CUST-003676,26,49.29,1305.32,39.0,2,Month-to-month,Fiber optic,Credit card,No,Yes,Yes,No,0,0
CUST-004953,10,49.59,488.76,66.0,3,Month-to-month,Fiber optic,Mailed check,No,No,No,No,0,0
CUST-001607,43,91.45,4040.3,32.0,1,One year,Fiber optic,Mailed check,No internet service,No,Yes,No,0,0
CUST-003610,40,91.35,3663.21,33.0,0,Month-to-month,DSL,Bank transfer,No internet service,Yes,No,No,0,0
CUST-005749,8,99.92,799.2,54.0,4,Two year,DSL,Bank transfer,No,Yes,Yes,No,0,0
CUST-001809,70,62.38,4026.06,77.0,2,Month-to-month,No,Electronic check,No internet service,Yes,No,No,0,0
CUST-000791,33,62.48,2067.12,23.0,1,Month-to-month,Fiber optic,Bank transfer,No internet service,No,No,No,1,1
CUST-000792,52,99.67,4402.6,28.0,1,Month-to-month,Fiber optic,Bank transfer,No,No,No,No,0,1
CUST-004943,63,54.72,3317.37,26.0,3,One year,No,Mailed check,Yes,Yes,Yes,No,0,0
CUST-001855,62,114.53,6985.47,,0,One year,No,Bank transfer,No,Yes,Yes,Yes,0,1
CUST-001980,48,37.79,1804.57,,2,Two year,Fiber optic,Credit card,No,No,No,Yes,0,0
CUST-003233,0,81.75,0.0,29.0,1,Month-to-month,No,Electronic check,No,No,No,Yes,1,0
CUST-003598,20,57.36,1227.18,51.0,2,Month-to-month,Fiber optic,Electronic check,Yes,Yes,Yes,Yes,0,0
CUST-000933,47,75.43,3637.79,76.0,3,Two year,DSL,Credit card,Yes,Yes,No,No,0,0
CUST-003963,27,67.31,1844.62,37.0,3,Two year,Fiber optic,Electronic check,No,No,No,No,0,1
CUST-005733,29,58.99,1503.39,77.0,0,Month-to-month,Fiber optic,Mailed check,No,No,Yes,Yes,1,0
CUST-004179,34,94.17,3151.08,69.0,2,Month-to-month,DSL,Bank transfer,,Yes,Yes,No,0,1
CUST-004026,15,60.22,903.69,31.0,0,Month-to-month,No,Electronic check,No,Yes,Yes,Yes,0,1
CUST-004116,1,89.93,93.65,70.0,0,Month-to-month,DSL,Bank transfer,No,Yes,Yes,No,0,1
CUST-000988,17,57.1,1016.25,57.0,1,Month-to-month,DSL,Electronic check,Yes,No,No,No,0,0
CUST-005689,15,60.31,870.79,76.0,0,Month-to-month,No,Mailed check,No internet service,No,No,No,0,0
CUST-003453,25,102.14,,46.0,2,Month-to-month,DSL,Bank transfer,No,Yes,Yes,No,1,1
CUST-005497,36,66.99,2335.28,55.0,2,Month-to-month,Fiber optic,Electronic check,No,Yes,No,No,0,0
CUST-003778,71,54.88,3994.49,71.0,1,Month-to-month,Fiber optic,Electronic check,No,Yes,No,Yes,0,1
CUST-005045,26,84.1,2084.18,61.0,2,Two year,Fiber optic,Electronic check,Yes,Yes,No,No,0,0
CUST-003093,17,67.23,1210.22,72.0,0,Month-to-month,Fiber optic,Mailed check,No,Yes,No,No,0,1
CUST-003155,61,110.3,6337.89,35.0,2,Two year,DSL,Electronic check,No,No,Yes,No,0,0
CUST-003201,66,83.4,5513.87,65.0,2,One year,No,Credit card,No internet service,Yes,No,No,0,0
CUST-004855,50,56.63,2880.52,79.0,0,Two year,DSL,Credit card,Yes,Yes,Yes,Yes,0,0
CUST-001098,3,53.46,182.6,59.0,2,Month-to-month,DSL,Bank transfer,No,No,No,No,0,1
CUST-004995,15,16.14,248.56,22.0,3,Month-to-month,Fiber optic,Electronic check,No,No,No,No,0,1
CUST-002844,33,69.27,2366.81,70.0,0,Two year,DSL,Mailed check,Yes,Yes,Yes,No,1,0
CUST-000886,3,57.49,179.03,30.0,2,Month-to-month,DSL,Electronic check,Yes,No,Yes,No,0,0
CUST-005943,47,71.54,3466.46,37.0,1,Month-to-month,DSL,Electronic check,Yes,Yes,Yes,Yes,0,0
CUST-004667,10,71.35,725.75,,0,Month-to-month,Fiber optic,Mailed check,Yes,No,No,Yes,0,0
CUST-000515,7,51.54,351.15,59.0,0,Month-to-month,Fiber optic,Electronic check,Yes,No,No,Yes,1,1
CUST-005555,37,48.27,1698.9,61.0,2,Month-to-month,DSL,Bank transfer,No,Yes,No,No,0,0
CUST-001453,17,57.92,1100.99,20.0,2,Month-to-month,Fiber optic,Bank transfer,No internet service,No,Yes,No,0,1
CUST-003553,52,63.29,3108.43,50.0,1,One year,Fiber optic,Electronic check,No internet service,No,No,No,0,0
CUST-003609,49,81.99,3788.33,46.0,2,One year,Fiber optic,Bank transfer,Yes,Yes,Yes,No,0,0
CUST-002506,33,77.09,2723.72,44.0,3,Month-to-month,Fiber optic,Electronic check,No internet service,No,Yes,No,0,0
CUST-002994,56,87.39,4424.34,53.0,1,Month-to-month,DSL,Electronic check,Yes,No,No,No,0,0
CUST-003999,37,67.89,2429.06,19.0,1,Month-to-month,Fiber optic,Bank transfer,No,No,Yes,No,0,0
CUST-005709,55,50.4,2566.05,68.0,1,Month-to-month,DSL,Electronic check,Yes,No,No,No,0,0
CUST-000906,30,60.76,1809.27,68.0,1,Two year,DSL,Mailed check,,No,No,No,0,0
CUST-000028,39,64.31,2542.33,35.0,3,Month-to-month,DSL,Mailed check,Yes,Yes,Yes,Yes,0,0
CUST-002507,45,64.86,2975.26,42.0,0,Month-to-month,No,Credit card,No,Yes,Yes,No,0,0
CUST-002428,55,68.44,3528.38,25.0,1,Two year,Fiber optic,Electronic check,No,Yes,Yes,No,0,1
CUST-000762,69,45.26,2792.08,75.0,0,Month-to-month,No,Bank transfer,No,No,Yes,Yes,0,0
CUST-003747,71,79.5,5275.1,43.0,1,Month-to-month,No,Bank transfer,Yes,No,No,No,0,0
CUST-000284,32,95.21,3242.08,55.0,2,Two year,No,Mailed check,No,Yes,No,No,0,0
CUST-000686,29,58.36,1696.81,23.0,0,Two year,No,Electronic check,Yes,Yes,Yes,Yes,0,0
CUST-002353,33,41.38,1441.88,68.0,2,Month-to-month,No,Bank transfer,No,No,Yes,Yes,0,1
CUST-004841,9,62.7,554.78,27.0,2,Two year,Fiber optic,Bank transfer,No internet service,Yes,Yes,No,0,0
CUST-000021,27,15.0,422.17,47.0,1,One year,Fiber optic,Bank transfer,No,Yes,No,No,0,1
CUST-002752,42,21.65,968.08,35.0,2,Two year,DSL,Credit card,No,Yes,No,No,1,0
CUST-000885,53,104.01,5748.66,38.0,2,One year,Fiber optic,Bank transfer,Yes,Yes,Yes,No,1,0
CUST-000917,57,79.78,4555.65,60.0,0,Two year,DSL,Electronic check,No,Yes,Yes,No,0,0
CUST-001040,51,107.52,5240.33,50.0,2,Month-to-month,DSL,Credit card,Yes,No,Yes,No,1,1
CUST-001265,2,15.0,28.41,25.0,0,Month-to-month,Fiber optic,Bank transfer,No,Yes,Yes,Yes,1,1
CUST-005204,38,81.9,2904.78,79.0,0,Month-to-month,DSL,Credit card,No,Yes,No,No,0,0
CUST-000277,57,66.03,3625.51,47.0,0,Month-to-month,DSL,Bank transfer,No,Yes,No,Yes,0,0
CUST-002084,9,52.24,484.7,60.0,1,Two year,DSL,Credit card,No,No,Yes,Yes,0,0
CUST-001245,71,15.0,1014.42,33.0,1,Two year,Fiber optic,Bank transfer,No,No,No,No,0,0
CUST-002382,67,91.81,6050.29,58.0,0,One year,Fiber optic,Credit card,No internet service,No,Yes,Yes,0,0
CUST-000571,30,69.04,2194.1,69.0,0,One year,No,Bank transfer,Yes,Yes,No,No,0,0
CUST-001435,7,61.57,393.47,49.0,1,One year,Fiber optic,Electronic check,Yes,No,Yes,No,0,0
CUST-003902,37,65.36,2369.11,75.0,3,Two year,DSL,Bank transfer,No,Yes,No,Yes,0,0
CUST-001247,33,95.11,3090.59,58.0,1,Two year,No,Credit card,No,No,No,No,1,1
CUST-003526,9,87.6,821.06,55.0,1,Month-to-month,DSL,Bank transfer,No internet service,Yes,No,No,0,0
CUST-002514,7,64.15,458.53,76.0,0,One year,Fiber optic,Electronic check,No internet service,Yes,Yes,Yes,0,0
CUST-001007,36,67.88,2400.99,49.0,0,One year,Fiber optic,Bank transfer,No,Yes,Yes,No,1,1
CUST-005209,2,76.93,139.93,37.0,3,One year,Fiber optic,Electronic check,,No,No,Yes,0,0
CUST-002064,43,84.52,3741.9,43.0,1,One year,Fiber optic,Credit card,Yes,Yes,Yes,No,0,1
CUST-005591,42,103.78,4125.46,62.0,0,One year,DSL,Credit card,Yes,No,Yes,No,0,1
CUST-001690,56,86.15,4928.84,52.0,1,Two year,No,Electronic check,No,No,No,No,1,0
CUST-005190,53,45.12,2522.84,30.0,1,Month-to-month,Fiber optic,Bank transfer,No,No,No,No,0,0
CUST-001985,57,72.03,4033.74,63.0,1,One year,DSL,Mailed check,Yes,No,No,Yes,0,0
CUST-000294,39,63.43,2309.45,,0,One year,Fiber optic,Credit card,No,No,No,No,0,0
CUST-001547,62,70.39,4309.79,43.0,0,Month-to-month,Fiber optic,Electronic check,No,Yes,No,No,0,1
CUST-002012,11,112.23,1378.84,18.0,2,One year,No,Credit card,No internet service,Yes,No,No,0,0
CUST-000588,61,66.01,3786.53,34.0,1,One year,DSL,Bank transfer,No internet service,Yes,Yes,No,0,0
CUST-003329,66,56.95,3671.27,32.0,1,Month-to-month,DSL,Bank transfer,No,No,No,No,0,1
CUST-002403,40,84.89,3336.06,69.0,0,Month-to-month,Fiber optic,Mailed check,No,Yes,No,No,0,0
CUST-002129,23,40.59,841.86,34.0,1,Month-to-month,Fiber optic,Mailed check,No internet service,No,No,Yes,1,0
CUST-003998,53,85.33,4958.46,23.0,3,Two year,No,Bank transfer,Yes,Yes,Yes,Yes,0,0
CUST-005267,46,74.2,3575.66,39.0,1,Month-to-month,DSL,Electronic check,No internet service,Yes,No,No,0,0
CUST-003741,22,114.82,2690.19,78.0,1,Month-to-month,No,Mailed check,No,No,No,No,0,0
CUST-003508,4,69.19,265.93,45.0,3,Two year,No,Credit card,No internet service,No,Yes,No,0,0
CUST-002719,11,84.43,936.17,56.0,2,Month-to-month,DSL,Bank transfer,Yes,No,Yes,No,0,0
CUST-004521,50,56.83,2807.85,56.0,1,Month-to-month,DSL,Electronic check,No internet service,Yes,Yes,No,0,1
CUST-005481,6,81.38,485.02,37.0,1,Two year,No,Electronic check,No,Yes,Yes,Yes,0,0
CUST-005487,55,72.2,4336.0,24.0,1,Month-to-month,DSL,Credit card,No internet service,No,Yes,No,0,0
CUST-000556,53,59.07,3045.61,39.0,3,Month-to-month,Fiber optic,Bank transfer,Yes,Yes,No,No,0,1
CUST-002469,15,31.91,491.24,50.0,0,One year,Fiber optic,Mailed check,No internet service,No,No,Yes,0,0
CUST-003738,48,77.87,3807.76,66.0,0,Month-to-month,Fiber optic,Electronic check,No internet service,Yes,Yes,Yes,0,0
CUST-004286,52,43.12,2195.84,66.0,0,Two year,Fiber optic,Electronic check,Yes,Yes,No,No,1,0
CUST-005298,12,62.56,717.3,70.0,1,One year,DSL,Electronic check,No internet service,Yes,Yes,Yes,1,0
CUST-001716,47,59.09,2964.31,53.0,0,Month-to-month,No,Credit card,No,Yes,No,No,0,0
CUST-002604,55,15.0,749.68,61.0,3,Month-to-month,DSL,Bank transfer,No,No,No,No,0,0
CUST-004959,68,55.33,3730.74,59.0,1,Month-to-month,DSL,Bank transfer,Yes,Yes,Yes,No,0,0
CUST-001704,67,38.9,2411.17,19.0,0,One year,DSL,Electronic check,No internet service,Yes,Yes,No,0,0
CUST-002139,29,112.84,3246.83,53.0,2,Month-to-month,DSL,Electronic check,Yes,No,Yes,No,0,0
CUST-003239,2,57.16,113.96,69.0,2,Two year,Fiber optic,Electronic check,No,Yes,Yes,No,0,0
CUST-002383,28,83.98,2526.08,75.0,1,Month-to-month,Fiber optic,Mailed check,No,Yes,Yes,Yes,0,1
CUST-004311,62,36.96,2264.21,57.0,0,Month-to-month,Fiber optic,Electronic check,Yes,No,Yes,No,0,0
CUST-001285,3,107.98,340.04,31.0,2,Two year,DSL,Bank transfer,No,No,No,No,0,0
CUST-005121,45,57.11,2485.26,25.0,0,Month-to-month,Fiber optic,Bank transfer,No,Yes,Yes,No,1,0
CUST-005377,18,32.64,591.57,53.0,0,Month-to-month,DSL,Credit card,Yes,No,Yes,Yes,0,0
CUST-003930,51,66.91,3203.46,21.0,2,Month-to-month,Fiber optic,Credit card,,Yes,Yes,Yes,1,1
CUST-004552,7,73.46,528.04,79.0,1,Month-to-month,DSL,Credit card,No,No,Yes,No,0,0
CUST-001591,25,90.98,2430.84,61.0,2,Two year,Fiber optic,Bank transfer,Yes,Yes,Yes,No,0,0
CUST-005329,35,63.86,2157.78,30.0,1,Month-to-month,Fiber optic,Mailed check,No,Yes,No,Yes,0,0
CUST-002162,29,58.68,1727.23,45.0,2,One year,DSL,Credit card,Yes,No,Yes,No,0,0
CUST-002396,69,78.97,5368.65,65.0,0,Two year,DSL,Mailed check,No,No,No,Yes,1,0
CUST-000317,53,93.73,4929.9,,0,Month-to-month,DSL,Electronic check,Yes,Yes,No,No,0,0
CUST-005403,38,94.16,3741.42,47.0,1,Month-to-month,No,Electronic check,No,No,Yes,No,0,0
CUST-003111,55,84.41,4850.4,70.0,2,Month-to-month,DSL,Bank transfer,Yes,No,No,No,0,0
CUST-004036,50,92.18,4691.46,36.0,1,Month-to-month,DSL,Mailed check,No,Yes,No,Yes,0,0
CUST-000795,21,72.05,1564.93,77.0,1,One year,No,Electronic check,No internet service,Yes,Yes,No,1,0
CUST-003020,25,75.67,1861.76,55.0,3,One year,Fiber optic,Bank transfer,No,Yes,No,Yes,0,1
CUST-001711,34,63.94,2220.22,47.0,4,Month-to-month,Fiber optic,Credit card,No,Yes,No,Yes,0,0
CUST-003387,53,30.71,1661.95,62.0,1,Month-to-month,No,Credit card,Yes,Yes,Yes,Yes,0,1
CUST-000036,62,64.19,3591.68,18.0,0,Two year,Fiber optic,Credit card,No internet service,Yes,Yes,No,0,0
CUST-004549,63,67.95,4511.14,68.0,1,One year,DSL,Electronic check,No,Yes,Yes,No,0,0
CUST-000913,71,62.65,4393.28,50.0,0,Month-to-month,Fiber optic,Electronic check,No internet service,Yes,Yes,No,0,1
CUST-003972,9,83.99,825.97,76.0,0,One year,Fiber optic,Credit card,No internet service,No,No,No,1,0
CUST-004133,36,88.4,3090.96,56.0,4,Month-to-month,DSL,Electronic check,No,Yes,Yes,No,0,1
CUST-000974,10,38.8,407.81,64.0,0,Two year,DSL,Bank transfer,Yes,No,Yes,No,0,0
CUST-000983,47,57.09,2455.91,19.0,3,Month-to-month,DSL,Credit card,Yes,Yes,No,No,0,0
CUST-004908,58,15.0,864.94,64.0,1,One year,DSL,Electronic check,Yes,Yes,No,Yes,1,1
CUST-001418,62,36.3,2414.28,64.0,1,Month-to-month,Fiber optic,Mailed check,No,No,No,No,0,0
CUST-001560,21,40.75,812.02,24.0,1,One year,DSL,Mailed check,Yes,Yes,Yes,No,0,0
CUST-004135,70,62.86,4751.71,65.0,3,Month-to-month,No,Electronic check,Yes,Yes,Yes,No,1,0
CUST-004265,72,39.7,2814.22,26.0,1,Two year,DSL,Credit card,No,No,Yes,No,0,0
CUST-001355,36,61.74,2378.95,74.0,4,Month-to-month,Fiber optic,Electronic check,No,Yes,Yes,Yes,0,1
CUST-005712,33,56.72,1802.45,75.0,1,One year,Fiber optic,Credit card,No,Yes,No,No,1,0
CUST-000987,23,73.08,1846.49,68.0,0,Month-to-month,DSL,Bank transfer,Yes,No,Yes,Yes,0,1
CUST-002682,28,55.23,1548.11,72.0,2,Month-to-month,Fiber optic,Electronic check,No,Yes,No,No,0,0
CUST-001640,52,75.94,4080.32,56.0,1,Two year,DSL,Bank transfer,No,No,No,No,0,0
CUST-001290,17,35.19,549.1,59.0,1,Two year,DSL,Bank transfer,No,Yes,Yes,No,0,0
CUST-003681,2,107.09,212.38,62.0,2,Month-to-month,DSL,Credit card,No,Yes,No,No,1,0
CUST-001380,71,71.15,4848.99,19.0,2,Month-to-month,DSL,Mailed check,No internet service,Yes,Yes,No,0,1
CUST-001933,69,42.51,2897.13,41.0,1,Month-to-month,Fiber optic,Credit card,No,No,Yes,Yes,0,0
CUST-005061,45,50.38,2359.46,18.0,0,Month-to-month,DSL,Credit card,No,No,Yes,Yes,0,0
CUST-003160,8,52.03,370.32,45.0,0,Month-to-month,Fiber optic,Mailed check,Yes,No,No,No,0,0
CUST-002030,40,52.8,2382.59,74.0,3,Month-to-month,Fiber optic,Mailed check,No,Yes,No,No,0,0
CUST-000892,38,58.6,2288.51,64.0,2,Month-to-month,Fiber optic,Mailed check,Yes,No,Yes,Yes,0,1
CUST-004069,7,47.02,342.53,75.0,0,Two year,DSL,Electronic check,No,Yes,No,No,0,0
CUST-004255,23,42.34,886.28,37.0,1,Two year,DSL,Electronic check,Yes,Yes,Yes,No,1,0
CUST-000002,47,15.0,663.61,79.0,1,One year,Fiber optic,Electronic check,No,Yes,No,No,0,0
CUST-002109,20,74.4,1564.91,56.0,0,Two year,Fiber optic,Bank transfer,No,No,Yes,No,0,0
CUST-000849,44,41.37,1705.89,22.0,0,Two year,DSL,Mailed check,Yes,No,Yes,Yes,0,0
CUST-002737,13,51.12,743.82,28.0,2,Month-to-month,DSL,Electronic check,No,Yes,No,No,0,1
CUST-002466,21,94.71,2007.68,41.0,0,Two year,Fiber optic,Electronic check,No,No,No,No,0,0
CUST-001914,23,80.77,1885.75,65.0,4,One year,No,Mailed check,,Yes,Yes,Yes,0,0
CUST-001596,48,100.79,4798.94,54.0,1,Two year,Fiber optic,Credit card,No internet service,Yes,No,Yes,0,0
CUST-001913,56,87.56,4738.4,78.0,2,Month-to-month,No,Electronic check,No,No,No,No,1,0
CUST-005673,47,110.12,5175.08,50.0,1,One year,Fiber optic,Electronic check,Yes,Yes,No,No,0,0
CUST-002736,41,78.07,3560.5,31.0,3,Month-to-month,Fiber optic,Bank transfer,No internet service,No,No,No,0,1
CUST-000726,52,65.11,3184.91,60.0,2,Month-to-month,Fiber optic,Bank transfer,Yes,Yes,No,Yes,0,0
CUST-000053,34,70.26,2355.43,28.0,1,One year,DSL,Mailed check,Yes,Yes,No,Yes,1,0
CUST-001796,71,56.83,4003.56,39.0,2,Month-to-month,No,Bank transfer,Yes,Yes,Yes,No,0,0
CUST-003845,34,34.14,1266.77,73.0,0,One year,Fiber optic,Credit card,No,Yes,No,Yes,0,1
CUST-002553,14,112.72,1709.12,28.0,0,Two year,Fiber optic,Mailed check,No,Yes,No,No,1,1
CUST-002800,57,66.06,3772.12,59.0,3,One year,DSL,Credit card,No,No,No,No,0,0
CUST-000936,11,79.07,824.76,72.0,2,Month-to-month,Fiber optic,Mailed check,No internet service,Yes,No,No,0,1
CUST-004957,27,64.9,1843.95,48.0,0,Two year,No,Electronic check,No,Yes,Yes,No,0,1
CUST-000824,45,33.2,1372.84,61.0,0,Month-to-month,Fiber optic,Credit card,No,No,No,Yes,0,1
CUST-004321,32,67.55,1963.29,66.0,0,Month-to-month,DSL,Electronic check,No,No,No,No,0,0
CUST-003401,67,24.51,1630.01,31.0,0,One year,DSL,Electronic check,No,No,Yes,Yes,1,0
CUST-001389,66,27.61,1621.0,70.0,3,One year,DSL,Electronic check,No,Yes,Yes,Yes,0,0
CUST-003564,57,86.7,5383.63,41.0,5,Month-to-month,Fiber optic,Credit card,No,No,No,Yes,1,1
CUST-000884,59,69.58,3891.76,18.0,1,Month-to-month,Fiber optic,Electronic check,No internet service,No,No,No,0,1
CUST-001868,2,78.57,164.16,18.0,1,Month-to-month,Fiber optic,Electronic check,No,No,Yes,No,0,1
CUST-000010,38,57.66,2082.51,31.0,2,Two year,Fiber optic,Mailed check,No internet service,Yes,Yes,No,0,0
CUST-003415,30,81.04,2472.4,44.0,1,One year,DSL,Bank transfer,No,Yes,No,Yes,0,0
CUST-001463,3,66.65,207.32,40.0,0,Two year,DSL,Credit card,Yes,Yes,No,No,0,0
CUST-000806,39,53.15,2158.93,73.0,4,Month-to-month,Fiber optic,Bank transfer,No,Yes,Yes,No,0,0
CUST-004731,50,51.44,2742.54,36.0,3,Month-to-month,No,Mailed check,No,No,No,No,1,0
CUST-004068,53,42.73,2037.4,30.0,2,Month-to-month,Fiber optic,Electronic check,Yes,No,Yes,No,0,1
CUST-002108,20,44.39,916.94,79.0,0,Month-to-month,Fiber optic,Bank transfer,No internet service,No,Yes,Yes,0,1
CUST-005078,58,22.59,1147.7,71.0,0,Month-to-month,Fiber optic,Electronic check,Yes,No,No,No,0,0
CUST-005971,17,105.62,1853.04,72.0,1,Two year,DSL,Credit card,Yes,Yes,No,No,0,0
CUST-002234,42,37.51,1563.97,24.0,4,Two year,DSL,Credit card,Yes,No,Yes,No,0,0
CUST-000963,15,30.8,472.7,61.0,2,Two year,DSL,Mailed check,No,No,No,No,0,0
CUST-004494,22,56.73,1254.05,43.0,0,Month-to-month,Fiber optic,Credit card,No,Yes,Yes,No,0,0
CUST-002632,66,77.73,5004.24,75.0,1,Month-to-month,Fiber optic,Credit card,No,No,No,Yes,0,0
CUST-000704,9,98.41,856.87,66.0,1,Month-to-month,Fiber optic,Credit card,Yes,Yes,No,No,0,0
CUST-000431,53,77.14,4109.35,22.0,1,Two year,DSL,Electronic check,Yes,No,Yes,No,0,0
CUST-004388,24,36.8,802.17,49.0,2,Month-to-month,DSL,Bank transfer,No internet service,Yes,No,No,0,0
CUST-000145,62,33.53,2211.29,78.0,0,One year,Fiber optic,Electronic check,No,No,No,Yes,0,0
CUST-002033,49,54.76,2488.64,27.0,1,Month-to-month,No,Credit card,Yes,Yes,No,No,1,1
CUST-005046,56,77.23,4722.27,57.0,1,Two year,DSL,Mailed check,Yes,No,Yes,No,0,0
CUST-001165,7,75.91,590.31,32.0,1,Two year,Fiber optic,Mailed check,No,Yes,Yes,Yes,1,0
CUST-003500,4,103.46,430.16,30.0,0,Month-to-month,DSL,Credit card,No,No,Yes,No,0,0
CUST-002050,12,112.51,1302.47,27.0,2,Month-to-month,Fiber optic,Bank transfer,No internet service,No,Yes,Yes,0,1
CUST-003760,12,80.59,941.05,52.0,2,Two year,Fiber optic,Mailed check,No,No,No,No,0,0
CUST-002624,67,77.34,5178.11,70.0,0,Month-to-month,DSL,Bank transfer,No,Yes,No,No,0,1
CUST-004484,34,46.19,1654.91,38.0,1,Month-to-month,No,Credit card,Yes,No,No,Yes,0,0
CUST-004435,67,98.73,5995.99,46.0,2,One year,DSL,Credit card,Yes,No,No,No,0,0
CUST-004794,28,102.24,2817.0,58.0,1,Month-to-month,Fiber optic,Mailed check,No,Yes,No,Yes,0,1
CUST-004664,22,37.93,865.9,64.0,0,Month-to-month,DSL,Electronic check,No,Yes,Yes,No,0,0
CUST-004361,57,43.57,2551.68,27.0,1,One year,No,Electronic check,Yes,Yes,Yes,Yes,0,0
CUST-002424,25,63.56,1801.08,64.0,1,Month-to-month,DSL,Bank transfer,No,No,Yes,Yes,1,0
CUST-001262,32,43.92,1496.01,29.0,1,One year,Fiber optic,Bank transfer,No internet service,No,No,No,1,1
CUST-001771,27,83.13,2197.62,58.0,0,Month-to-month,DSL,Electronic check,Yes,No,Yes,No,0,0
CUST-003511,42,65.83,2592.93,,0,Month-to-month,DSL,Bank transfer,Yes,No,Yes,Yes,0,0
CUST-000271,1,75.72,73.72,75.0,1,Two year,No,Electronic check,Yes,Yes,No,Yes,0,0
CUST-000244,45,69.43,3203.92,31.0,1,Month-to-month,Fiber optic,Electronic check,No,Yes,No,No,0,0
CUST-005844,63,36.21,2536.77,52.0,2,Month-to-month,DSL,Electronic check,Yes,No,No,No,0,0
CUST-004572,36,46.84,1685.95,55.0,1,One year,DSL,Credit card,No internet service,No,Yes,No,0,1
CUST-002032,6,68.15,407.13,26.0,2,Two year,DSL,Electronic check,Yes,Yes,No,No,0,0
CUST-004756,41,45.31,1963.34,78.0,2,Two year,DSL,Electronic check,No internet service,Yes,No,No,1,0
CUST-000813,20,23.33,528.96,74.0,0,Month-to-month,No,Credit card,No internet service,Yes,No,No,1,0
CUST-003810,16,102.01,1596.54,61.0,2,Month-to-month,Fiber optic,Electronic check,No,Yes,Yes,No,0,1
CUST-004884,0,39.09,0.0,55.0,1,One year,DSL,Electronic check,No,Yes,No,No,1,0
CUST-001804,9,87.5,788.92,62.0,0,Two year,DSL,Electronic check,Yes,No,Yes,No,0,0
CUST-004346,3,93.81,297.82,18.0,4,Two year,DSL,Mailed check,No,Yes,Yes,Yes,0,1
CUST-002461,15,72.18,1083.14,63.0,0,Month-to-month,DSL,Mailed check,No,Yes,No,Yes,0,0
CUST-000545,3,93.45,275.66,42.0,0,One year,No,Bank transfer,Yes,Yes,Yes,No,0,0
CUST-003241,15,107.78,1735.08,57.0,1,Month-to-month,No,Mailed check,Yes,Yes,No,No,0,0
CUST-000738,53,78.17,4320.24,19.0,0,One year,Fiber optic,Mailed check,No,Yes,No,No,0,1
CUST-000310,48,71.46,3178.42,49.0,1,Two year,DSL,Credit card,No internet service,No,No,No,0,0
CUST-003521,24,64.46,1546.12,33.0,0,Month-to-month,Fiber optic,Bank transfer,Yes,Yes,No,No,1,1
CUST-001131,48,69.54,3321.07,55.0,1,Month-to-month,No,Mailed check,No,No,No,Yes,1,1
CUST-005931,39,116.19,4436.47,19.0,0,Month-to-month,Fiber optic,Mailed check,No,Yes,No,No,1,1
CUST-004111,35,54.37,1931.69,24.0,0,One year,Fiber optic,Bank transfer,Yes,Yes,No,No,1,1
CUST-002769,69,79.97,,24.0,0,Month-to-month,No,Credit card,Yes,No,No,Yes,0,0
CUST-000920,63,56.29,3536.25,69.0,1,One year,DSL,Electronic check,No,Yes,Yes,No,1,0
CUST-003587,50,91.63,4343.0,56.0,0,Month-to-month,Fiber optic,Credit card,Yes,No,Yes,No,1,1
CUST-003959,15,30.46,413.54,22.0,3,Month-to-month,Fiber optic,Electronic check,No,Yes,Yes,No,1,1
CUST-000038,20,63.67,1243.05,79.0,2,Month-to-month,No,Mailed check,No,No,Yes,Yes,0,1
CUST-004459,47,46.37,2158.39,77.0,2,One year,No,Bank transfer,No,Yes,Yes,No,0,0
CUST-004278,53,36.79,2005.92,60.0,3,One year,DSL,Credit card,No,No,Yes,No,0,0
CUST-002983,60,66.46,4286.79,22.0,0,One year,No,Electronic check,No,Yes,Yes,No,0,0
CUST-003556,51,45.77,2413.5,26.0,0,Month-to-month,No,Mailed check,No,Yes,Yes,Yes,0,1
CUST-002667,70,107.25,7644.69,44.0,1,Month-to-month,No,Electronic check,Yes,Yes,Yes,Yes,0,0
CUST-003223,56,23.48,1269.33,46.0,0,One year,DSL,Electronic check,No,No,Yes,No,0,1
CUST-001182,50,49.78,2340.36,57.0,0,Month-to-month,Fiber optic,Credit card,No,Yes,Yes,No,0,1
CUST-000614,50,91.22,4984.93,,2,Two year,DSL,Credit card,No internet service,No,No,No,0,0
CUST-005913,11,61.17,670.02,27.0,2,One year,No,Credit card,Yes,Yes,Yes,No,0,0
CUST-001466,46,33.34,1566.98,59.0,2,Month-to-month,DSL,Bank transfer,No,No,Yes,No,0,1
CUST-004497,28,47.01,1293.18,61.0,1,Month-to-month,Fiber optic,Electronic check,Yes,No,Yes,Yes,0,1
CUST-003042,23,65.09,1480.84,76.0,1,Month-to-month,DSL,Bank transfer,No,No,Yes,No,0,1
CUST-000934,32,106.61,3730.49,32.0,1,Two year,Fiber optic,Electronic check,Yes,Yes,Yes,No,0,0
CUST-002419,30,89.79,2415.1,64.0,1,Two year,Fiber optic,Mailed check,No,Yes,Yes,No,0,0
CUST-005431,16,70.94,1119.74,50.0,1,Month-to-month,Fiber optic,Electronic check,No,No,No,No,0,1
CUST-004872,4,86.49,347.03,34.0,2,Month-to-month,DSL,Electronic check,No,Yes,No,No,0,1
CUST-000826,49,20.33,1021.66,35.0,2,Month-to-month,Fiber optic,Mailed check,No,Yes,Yes,Yes,0,1
CUST-001521,51,79.75,4001.1,55.0,3,Month-to-month,DSL,Electronic check,Yes,No,Yes,Yes,0,1
CUST-002930,12,77.07,932.92,78.0,0,Month-to-month,No,Bank transfer,No,No,Yes,No,0,0
CUST-004232,44,84.34,3771.4,62.0,1,Month-to-month,No,Credit card,Yes,No,Yes,No,0,1
CUST-000628,36,67.83,2504.91,65.0,0,Month-to-month,Fiber optic,Credit card,No internet service,No,Yes,No,0,0
CUST-004430,67,95.89,6367.91,66.0,2,Month-to-month,No,Credit card,No internet service,Yes,No,Yes,1,0
CUST-003853,25,20.95,464.67,77.0,4,One year,Fiber optic,Credit card,Yes,Yes,Yes,No,0,1
CUST-000390,54,84.47,4199.84,58.0,2,Two year,Fiber optic,Bank transfer,No,Yes,Yes,No,0,0
CUST-004345,36,46.5,1709.39,39.0,0,Month-to-month,DSL,Electronic check,No,No,No,No,1,1
CUST-005874,51,58.42,3062.47,34.0,1,Two year,DSL,Electronic check,No,Yes,Yes,Yes,0,1
CUST-003990,55,91.15,4879.93,21.0,0,Two year,No,Mailed check,Yes,Yes,No,Yes,0,0
CUST-000400,72,55.06,4246.05,62.0,3,Two year,DSL,Electronic check,No,No,No,Yes,1,0
CUST-003359,38,67.59,2411.1,44.0,1,Month-to-month,No,Electronic check,No,Yes,Yes,Yes,0,0
CUST-000046,32,122.49,3993.66,44.0,0,Month-to-month,DSL,Credit card,No internet service,No,No,Yes,1,1
CUST-005776,29,51.66,1326.89,44.0,2,Two year,DSL,Mailed check,Yes,Yes,Yes,No,1,0
CUST-005934,61,87.34,5240.35,30.0,2,Month-to-month,DSL,Credit card,No,No,No,No,0,0
CUST-003642,67,63.1,4273.56,61.0,4,Month-to-month,DSL,Electronic check,No,No,No,No,1,0
CUST-003726,7,19.74,149.86,54.0,1,Month-to-month,Fiber optic,Bank transfer,Yes,Yes,Yes,Yes,1,0
CUST-005848,44,75.96,,20.0,0,One year,Fiber optic,Mailed check,Yes,Yes,Yes,No,0,0
CUST-002421,55,64.88,3616.67,47.0,3,Month-to-month,Fiber optic,Electronic check,Yes,Yes,Yes,Yes,1,1
CUST-001750,67,49.47,3362.4,50.0,1,Month-to-month,Fiber optic,Electronic check,No,Yes,Yes,No,1,0
CUST-005822,63,53.0,3378.41,65.0,0,Month-to-month,DSL,Electronic check,Yes,No,Yes,Yes,1,1
CUST-004923,49,69.31,3408.41,24.0,1,Month-to-month,DSL,Mailed check,No,Yes,Yes,No,0,0
CUST-004062,46,92.06,4460.8,38.0,1,Month-to-month,No,Mailed check,Yes,No,No,Yes,0,0
CUST-000338,14,56.84,798.06,74.0,2,Month-to-month,Fiber optic,Mailed check,Yes,No,Yes,No,0,1
CUST-000215,19,109.42,1950.32,39.0,1,Month-to-month,No,Bank transfer,No internet service,No,No,No,0,1
CUST-003663,70,59.12,4066.55,35.0,1,Month-to-month,Fiber optic,Electronic check,No,Yes,No,Yes,0,1
CUST-001341,9,74.84,671.18,77.0,0,Two year,No,Mailed check,No,No,No,No,0,0
CUST-005855,42,30.92,1262.07,27.0,3,Month-to-month,Fiber optic,Electronic check,Yes,Yes,No,Yes,0,1
CUST-003894,44,15.0,659.26,72.0,1,Two year,Fiber optic,Credit card,No internet service,Yes,Yes,No,0,0
CUST-003640,52,36.3,1715.73,67.0,0,Month-to-month,DSL,Bank transfer,Yes,Yes,Yes,Yes,0,1
CUST-000329,40,73.26,2940.15,39.0,1,Month-to-month,Fiber optic,Electronic check,Yes,Yes,No,Yes,1,0
CUST-003004,51,84.1,4515.12,74.0,1,One year,DSL,Bank transfer,No internet service,Yes,Yes,No,1,0
CUST-005753,20,32.24,670.79,35.0,2,Two year,Fiber optic,Bank transfer,Yes,Yes,Yes,No,0,0
CUST-003115,36,85.77,3043.43,43.0,2,One year,Fiber optic,Credit card,Yes,No,No,No,0,0
CUST-005825,38,56.35,2067.32,40.0,2,Month-to-month,Fiber optic,Electronic check,No,No,Yes,No,1,1
CUST-002322,24,33.61,806.8,45.0,1,One year,DSL,Electronic check,No,Yes,No,No,0,1
CUST-004197,9,65.47,628.96,49.0,1,Month-to-month,DSL,Mailed check,No,Yes,No,Yes,0,1
CUST-003549,46,56.46,2507.61,67.0,3,Two year,DSL,Credit card,No,Yes,Yes,Yes,1,0
CUST-001458,19,97.02,1752.85,33.0,0,Two year,Fiber optic,Electronic check,Yes,Yes,Yes,Yes,0,0
CUST-000171,6,63.23,354.13,42.0,1,One year,DSL,Bank transfer,No,No,No,Yes,0,1
CUST-004203,9,45.73,409.67,46.0,3,Month-to-month,Fiber optic,Mailed check,Yes,Yes,Yes,No,0,1
CUST-005036,66,104.81,7130.47,21.0,0,Month-to-month,DSL,Bank transfer,No,No,Yes,No,0,0
CUST-003569,17,135.0,2201.28,73.0,2,Month-to-month,Fiber optic,Credit card,No,No,No,Yes,0,1
CUST-004226,32,33.72,1063.07,71.0,1,Month-to-month,DSL,Bank transfer,No,Yes,Yes,Yes,0,0
CUST-004904,13,96.41,1231.37,76.0,3,Month-to-month,Fiber optic,Credit card,No,Yes,Yes,No,0,1
CUST-004952,57,28.1,1587.16,73.0,0,One year,No,Bank transfer,No internet service,No,Yes,No,0,0
CUST-000938,33,39.34,1353.42,44.0,1,One year,No,Credit card,No,No,Yes,No,0,0
CUST-000060,67,124.76,8407.27,42.0,2,Month-to-month,DSL,Electronic check,No,Yes,Yes,Yes,0,0
CUST-001240,37,46.35,1610.84,75.0,4,Month-to-month,DSL,Mailed check,No,No,Yes,No,0,1
CUST-005025,8,81.91,640.54,38.0,0,Month-to-month,DSL,Mailed check,Yes,Yes,Yes,No,1,0
CUST-002120,56,46.73,2698.17,57.0,0,Month-to-month,DSL,Bank transfer,No internet service,No,Yes,No,1,0
CUST-001524,44,58.31,2599.7,19.0,4,Two year,Fiber optic,Electronic check,Yes,Yes,Yes,No,0,0
CUST-000153,21,35.96,778.01,78.0,2,One year,Fiber optic,Bank transfer,Yes,No,No,No,0,1
CUST-000481,60,37.35,2103.71,47.0,2,Month-to-month,Fiber optic,Electronic check,No,No,Yes,No,0,0
CUST-004460,7,74.55,515.81,70.0,2,Two year,Fiber optic,Bank transfer,No internet service,Yes,No,No,0,0
CUST-003920,68,32.68,2192.22,74.0,1,Month-to-month,DSL,Mailed check,Yes,No,No,No,0,0
CUST-001762,0,74.03,0.0,18.0,2,One year,DSL,Mailed check,Yes,Yes,No,Yes,0,0
CUST-000750,70,53.79,3604.01,75.0,3,Month-to-month,Fiber optic,Bank transfer,No,Yes,Yes,No,0,1
CUST-001785,17,72.18,1273.87,73.0,2,One year,Fiber optic,Electronic check,No,Yes,No,No,0,1
CUST-004501,38,40.48,1356.13,72.0,0,Month-to-month,DSL,Mailed check,No,Yes,Yes,Yes,1,0
CUST-002711,1,93.24,82.87,65.0,0,One year,No,Electronic check,Yes,Yes,No,No,1,0
CUST-004861,60,94.29,5209.02,67.0,1,Month-to-month,No,Mailed check,No,No,No,No,0,0
CUST-004193,2,55.21,109.55,67.0,1,Two year,DSL,Credit card,No internet service,Yes,No,No,1,0
CUST-001333,58,45.02,2632.31,37.0,1,Month-to-month,DSL,Bank transfer,No internet service,Yes,Yes,Yes,1,0
CUST-005354,57,84.06,5079.72,20.0,1,Month-to-month,DSL,Mailed check,Yes,Yes,No,No,1,1
CUST-002854,52,42.2,2372.02,49.0,1,Two year,DSL,Credit card,No internet service,Yes,No,No,0,0
CUST-000186,12,33.78,435.13,31.0,1,Month-to-month,Fiber optic,Bank transfer,Yes,Yes,No,No,0,0
CUST-001136,52,15.0,779.23,22.0,2,One year,DSL,Bank transfer,No internet service,Yes,Yes,Yes,0,0
CUST-002058,28,63.35,1717.34,77.0,0,Month-to-month,No,Credit card,Yes,No,Yes,No,0,0
CUST-005038,72,76.52,5619.45,71.0,1,Two year,Fiber optic,Credit card,Yes,Yes,Yes,Yes,0,0
CUST-000148,59,37.28,2322.91,18.0,2,Month-to-month,DSL,Credit card,No,No,No,No,0,1
CUST-004124,57,50.64,2848.04,18.0,0,One year,Fiber optic,Bank transfer,Yes,Yes,No,No,0,1
CUST-003363,59,33.72,2141.24,58.0,1,Month-to-month,Fiber optic,Electronic check,No,No,Yes,Yes,0,1
CUST-002866,23,75.26,1622.67,42.0,1,Month-to-month,DSL,Electronic check,Yes,Yes,Yes,No,0,1
CUST-003776,38,102.5,3926.89,57.0,3,Month-to-month,Fiber optic,Electronic check,No,No,Yes,No,0,1
CUST-001386,40,140.59,5961.5,43.0,2,Two year,DSL,Electronic check,Yes,No,No,No,0,0
CUST-005692,64,84.18,5381.15,68.0,2,Two year,No,Bank transfer,No,No,No,Yes,0,0
CUST-004975,58,36.79,2030.99,49.0,1,Two year,DSL,Bank transfer,No,Yes,No,No,0,0
CUST-003629,60,76.54,4705.38,48.0,1,Month-to-month,Fiber optic,Bank transfer,Yes,No,No,No,1,1
CUST-005416,25,29.33,695.4,30.0,0,Month-to-month,Fiber optic,Bank transfer,No internet service,Yes,Yes,No,0,1
CUST-003028,16,29.93,514.38,62.0,3,One year,Fiber optic,Mailed check,No,No,No,No,1,1
CUST-002969,46,60.95,,71.0,1,Month-to-month,Fiber optic,Electronic check,Yes,Yes,No,Yes,1,1
CUST-005224,38,21.42,876.93,,0,One year,DSL,Electronic check,,Yes,No,No,0,1
CUST-001708,17,49.66,788.69,28.0,1,Month-to-month,DSL,Mailed check,No,No,Yes,Yes,0,0
CUST-002953,31,74.2,2225.74,48.0,1,Month-to-month,Fiber optic,Bank transfer,No,Yes,No,Yes,0,1
CUST-000454,43,52.48,2188.77,78.0,2,Two year,Fiber optic,Bank transfer,Yes,Yes,No,Yes,0,0
CUST-000609,62,61.15,3532.25,33.0,2,Two year,DSL,Bank transfer,Yes,No,No,No,0,0
CUST-004263,55,50.74,2767.85,39.0,5,Month-to-month,Fiber optic,Bank transfer,Yes,Yes,No,No,0,0
CUST-005097,23,78.17,1722.23,30.0,0,Month-to-month,DSL,Credit card,No,Yes,No,No,0,0
CUST-002074,50,75.62,3796.71,37.0,2,Two year,DSL,Electronic check,No internet service,Yes,No,No,0,0
CUST-004052,55,75.09,3989.07,59.0,1,Month-to-month,Fiber optic,Mailed check,No,Yes,No,Yes,0,1
CUST-004889,35,68.84,2427.59,24.0,1,One year,Fiber optic,Electronic check,Yes,No,Yes,Yes,0,1
CUST-001622,67,105.59,7454.93,56.0,1,One year,DSL,Electronic check,Yes,No,No,No,1,0
CUST-004683,5,98.17,511.9,50.0,1,One year,Fiber optic,Electronic check,Yes,No,No,No,0,0
CUST-005269,38,77.43,2800.14,40.0,2,Two year,No,Electronic check,No,Yes,No,No,0,0
CUST-000040,12,50.4,575.33,42.0,0,Two year,Fiber optic,Mailed check,No,Yes,Yes,Yes,0,0
CUST-002089,1,54.98,47.33,33.0,2,One year,DSL,Electronic check,,No,Yes,Yes,0,0
CUST-003924,46,106.21,4525.94,27.0,0,Two year,No,Electronic check,Yes,Yes,Yes,No,0,0
CUST-002175,55,58.5,3029.39,65.0,1,Month-to-month,No,Bank transfer,No internet service,No,No,Yes,1,1
CUST-000074,50,91.51,4424.49,56.0,2,Month-to-month,Fiber optic,Credit card,Yes,Yes,No,No,0,0
CUST-004814,54,80.56,4282.62,20.0,1,Month-to-month,Fiber optic,Electronic check,Yes,Yes,Yes,No,0,1
CUST-005941,34,61.97,2148.67,57.0,2,Month-to-month,Fiber optic,Electronic check,Yes,No,No,No,0,0
CUST-002657,19,66.64,1183.46,65.0,1,Month-to-month,Fiber optic,Electronic check,Yes,Yes,Yes,Yes,0,1
CUST-003180,16,47.47,788.48,51.0,2,Month-to-month,Fiber optic,Credit card,No,No,Yes,No,0,1
CUST-002076,33,72.55,2361.84,71.0,1,One year,Fiber optic,Electronic check,,Yes,No,Yes,0,1
CUST-000441,21,64.79,1207.24,65.0,0,Month-to-month,DSL,Credit card,Yes,Yes,Yes,Yes,0,1
CUST-002051,22,29.03,643.13,27.0,0,Month-to-month,No,Electronic check,No internet service,No,Yes,Yes,1,1
CUST-002541,70,71.73,5350.47,37.0,0,Month-to-month,DSL,Bank transfer,No,Yes,Yes,No,0,1
CUST-001301,29,95.73,2744.05,29.0,1,Month-to-month,DSL,Mailed check,Yes,No,No,No,0,1
CUST-003430,18,65.87,1091.13,26.0,0,Month-to-month,No,Electronic check,No internet service,No,Yes,No,1,0
CUST-001304,44,70.65,2964.95,67.0,1,Month-to-month,DSL,Credit card,Yes,No,Yes,No,0,1
CUST-000236,48,35.29,1633.34,63.0,0,Two year,DSL,Bank transfer,Yes,No,No,No,0,1
CUST-005011,3,61.43,192.49,69.0,0,Month-to-month,Fiber optic,Bank transfer,Yes,No,Yes,Yes,1,1
CUST-002599,28,63.91,1776.62,56.0,0,Month-to-month,Fiber optic,Mailed check,No internet service,Yes,Yes,No,0,0
CUST-004616,21,76.78,1630.27,66.0,0,Two year,Fiber optic,Electronic check,No internet service,No,Yes,No,0,0
CUST-002573,28,52.16,1369.57,18.0,1,Month-to-month,DSL,Electronic check,No internet service,No,Yes,No,0,0
CUST-003280,6,70.22,406.41,75.0,0,Month-to-month,Fiber optic,Mailed check,No,Yes,Yes,No,0,1
CUST-003186,55,54.08,2822.35,71.0,0,One year,DSL,Electronic check,Yes,No,Yes,No,0,0
CUST-003953,33,61.85,2138.18,73.0,3,One year,Fiber optic,Electronic check,Yes,Yes,No,No,0,1
CUST-002768,34,93.61,3209.06,24.0,0,Month-to-month,Fiber optic,Electronic check,Yes,No,No,No,0,1
CUST-004223,38,70.3,2786.31,21.0,0,Month-to-month,Fiber optic,Credit card,Yes,Yes,Yes,No,1,1
CUST-002106,55,36.9,2138.79,44.0,0,One year,Fiber optic,Electronic check,No,No,Yes,Yes,0,0
CUST-002679,27,47.92,1369.52,58.0,0,One year,Fiber optic,Credit card,Yes,No,No,No,0,0
CUST-002761,31,81.47,2563.44,73.0,0,Month-to-month,Fiber optic,Electronic check,No,No,No,No,0,1
CUST-004688,0,58.34,0.0,47.0,1,Month-to-month,DSL,Bank transfer,No,No,Yes,Yes,0,1
CUST-001387,23,47.1,1156.81,47.0,1,Two year,DSL,Credit card,Yes,No,No,No,1,0
CUST-005652,4,95.71,374.18,68.0,1,Month-to-month,No,Bank transfer,Yes,Yes,Yes,No,0,1
CUST-005446,48,113.08,5152.12,64.0,1,One year,Fiber optic,Bank transfer,Yes,Yes,Yes,No,0,0
CUST-001279,63,78.85,4523.27,31.0,1,Month-to-month,DSL,Bank transfer,No,No,Yes,Yes,1,0
CUST-005903,56,68.33,3877.44,42.0,0,One year,DSL,Bank transfer,No,Yes,No,No,0,0
CUST-001555,11,75.69,854.21,,1,Month-to-month,DSL,Bank transfer,No,Yes,No,No,1,1
CUST-005658,38,44.4,1759.96,21.0,0,One year,No,Mailed check,No,Yes,Yes,No,0,0
CUST-003190,0,58.39,0.0,59.0,1,Month-to-month,DSL,Bank transfer,No,No,No,No,0,0
CUST-004566,51,20.24,1130.39,75.0,0,Two year,Fiber optic,Electronic check,Yes,No,No,No,0,0
CUST-004802,16,40.57,576.65,66.0,0,Two year,No,Electronic check,Yes,Yes,Yes,No,1,0
CUST-005647,69,19.85,1307.22,36.0,1,One year,Fiber optic,Credit card,No internet service,Yes,No,No,0,0
CUST-003594,18,74.4,1352.05,34.0,1,Month-to-month,No,Credit card,Yes,Yes,No,Yes,0,0
CUST-001920,28,20.95,571.64,68.0,0,Month-to-month,DSL,Mailed check,Yes,Yes,No,No,0,1
CUST-000513,59,54.47,3136.35,59.0,6,Two year,DSL,Mailed check,No,No,Yes,Yes,1,0
CUST-004177,52,40.45,2041.09,21.0,1,Month-to-month,No,Bank transfer,Yes,No,Yes,No,0,0
CUST-001308,30,43.79,1312.63,76.0,0,Month-to-month,Fiber optic,Mailed check,Yes,Yes,No,Yes,0,0
CUST-000914,43,133.49,6234.7,64.0,2,Month-to-month,No,Credit card,No,Yes,Yes,No,1,0
CUST-003452,33,116.86,3942.66,51.0,1,Month-to-month,Fiber optic,Mailed check,No,Yes,No,Yes,0,1
CUST-003695,46,51.64,2139.31,62.0,1,Two year,Fiber optic,Mailed check,No,Yes,Yes,No,0,0
CUST-004242,60,99.65,5957.46,40.0,0,Month-to-month,Fiber optic,Mailed check,No,Yes,Yes,Yes,0,1
CUST-003156,56,47.86,2672.66,62.0,2,Two year,DSL,Bank transfer,No,No,No,No,0,0
CUST-002198,41,65.3,2665.21,65.0,2,Two year,DSL,Mailed check,No internet service,Yes,Yes,No,0,0
CUST-000774,61,79.92,4648.77,18.0,0,One year,Fiber optic,Electronic check,No internet service,Yes,No,Yes,0,1
CUST-004425,63,31.43,,50.0,1,Month-to-month,Fiber optic,Bank transfer,No internet service,No,No,No,0,1
CUST-000943,34,36.92,1313.61,45.0,0,Month-to-month,Fiber optic,Mailed check,Yes,Yes,No,No,0,0
CUST-000822,9,52.58,475.0,22.0,1,Month-to-month,Fiber optic,Bank transfer,No,Yes,Yes,Yes,0,0
CUST-004277,55,57.5,3122.36,49.0,0,Month-to-month,DSL,Electronic check,Yes,No,No,No,0,0
CUST-000164,30,48.59,1506.36,74.0,2,Month-to-month,DSL,Bank transfer,Yes,Yes,No,Yes,1,0
CUST-004547,61,89.03,5216.42,49.0,0,Two year,Fiber optic,Bank transfer,No,Yes,No,Yes,0,0
CUST-003983,49,59.08,2908.46,75.0,2,One year,No,Electronic check,Yes,Yes,No,No,0,0
CUST-002538,38,53.04,1941.23,60.0,1,One year,Fiber optic,Bank transfer,No,Yes,Yes,No,0,1
CUST-005746,31,70.53,1983.89,20.0,1,One year,DSL,Bank transfer,No,No,Yes,No,0,1
CUST-001311,25,70.55,1694.12,43.0,2,Month-to-month,Fiber optic,Bank transfer,No,Yes,No,No,0,0
CUST-005470,43,80.8,3303.45,61.0,0,One year,Fiber optic,Mailed check,No,No,No,No,0,1
CUST-005013,68,79.98,5009.59,44.0,1,Month-to-month,DSL,Credit card,No internet service,No,Yes,No,0,1
CUST-005588,58,42.05,2428.79,48.0,1,Month-to-month,Fiber optic,Credit card,Yes,Yes,No,Yes,1,0
CUST-003300,46,110.21,4894.14,26.0,2,Two year,No,Mailed check,No internet service,No,Yes,No,0,0
CUST-003310,37,95.66,3316.26,42.0,1,Two year,Fiber optic,Electronic check,No,Yes,Yes,No,0,0
CUST-000327,2,67.69,137.21,75.0,0,Month-to-month,Fiber optic,Electronic check,No,Yes,No,Yes,0,0
CUST-002490,24,64.0,1580.05,75.0,4,Month-to-month,No,Bank transfer,No,Yes,No,No,0,1
CUST-005641,21,18.43,407.12,33.0,1,Month-to-month,DSL,Bank transfer,No,Yes,No,No,0,0
CUST-004408,19,81.68,1545.07,53.0,0,Month-to-month,Fiber optic,Electronic check,No internet service,Yes,Yes,No,0,1
CUST-000832,33,94.24,3139.77,56.0,0,One year,Fiber optic,Electronic check,No internet service,Yes,No,No,0,0
CUST-003079,32,84.08,2519.63,70.0,1,Two year,Fiber optic,Bank transfer,No,Yes,Yes,No,0,0
CUST-003462,63,58.67,3259.44,32.0,2,One year,DSL,Electronic check,Yes,Yes,Yes,No,0,1
CUST-005270,13,44.51,562.9,19.0,0,One year,No,Mailed check,Yes,Yes,No,Yes,0,0
CUST-000054,36,104.65,4186.17,41.0,1,One year,No,Bank transfer,No,Yes,No,No,0,0
CUST-004064,55,38.89,1949.77,67.0,2,One year,DSL,Bank transfer,Yes,No,Yes,No,0,0
CUST-003451,4,77.8,306.5,78.0,2,Month-to-month,Fiber optic,Bank transfer,No,Yes,Yes,No,0,0
CUST-001901,38,24.64,886.16,,0,Two year,Fiber optic,Credit card,No,Yes,Yes,Yes,0,0
CUST-001481,0,60.88,0.0,31.0,0,Month-to-month,Fiber optic,Bank transfer,No,No,No,Yes,0,1
CUST-004150,24,86.89,2052.97,68.0,1,Two year,Fiber optic,Credit card,No,Yes,Yes,No,0,0
CUST-003335,16,63.02,1000.15,54.0,3,Month-to-month,Fiber optic,Credit card,No,No,Yes,No,0,1
CUST-000946,71,72.41,5396.1,60.0,3,Two year,No,Mailed check,No,Yes,No,No,0,0
CUST-003293,21,64.25,1285.28,76.0,1,Month-to-month,DSL,Electronic check,Yes,Yes,No,Yes,1,1
CUST-002161,17,77.73,1262.88,63.0,1,Two year,DSL,Credit card,No,No,No,No,0,0
CUST-005557,18,71.89,1395.4,63.0,2,Two year,Fiber optic,Mailed check,No,No,No,No,1,0
CUST-003057,10,15.0,143.89,36.0,0,One year,No,Electronic check,Yes,No,No,No,0,0
CUST-000768,10,42.71,436.51,50.0,0,Month-to-month,Fiber optic,Credit card,Yes,Yes,No,No,0,0
CUST-005661,16,61.46,,24.0,3,One year,DSL,Electronic check,No internet service,Yes,No,No,0,0
CUST-003495,38,96.05,3346.09,32.0,3,Month-to-month,DSL,Bank transfer,No,Yes,Yes,Yes,0,1
CUST-000285,68,120.85,8247.2,72.0,2,Month-to-month,No,Electronic check,No,Yes,Yes,No,0,0
CUST-005951,59,77.33,4409.89,39.0,1,Month-to-month,Fiber optic,Mailed check,No internet service,No,Yes,Yes,0,0
CUST-004524,58,50.62,2714.58,,3,Month-to-month,No,Bank transfer,Yes,No,No,Yes,0,0
CUST-005351,36,83.11,2987.06,46.0,2,Month-to-month,Fiber optic,Electronic check,No internet service,No,No,No,0,1
CUST-002332,19,62.38,1280.0,21.0,3,Two year,DSL,Bank transfer,No,Yes,No,No,0,0
CUST-002717,50,74.84,3572.64,28.0,2,Month-to-month,DSL,Credit card,No internet service,Yes,Yes,No,0,0
CUST-002079,9,29.71,252.19,21.0,0,Two year,No,Bank transfer,No internet service,Yes,No,Yes,1,0
CUST-003389,49,67.57,,25.0,1,One year,Fiber optic,Mailed check,No,Yes,Yes,No,0,0
CUST-000722,61,73.7,4478.87,71.0,3,Month-to-month,DSL,Credit card,No,No,Yes,Yes,0,0
CUST-000951,22,46.11,1094.35,62.0,0,Two year,Fiber optic,Electronic check,No internet service,Yes,Yes,No,0,0
CUST-005239,65,56.84,3732.5,27.0,0,Month-to-month,Fiber optic,Credit card,,No,Yes,No,0,1
CUST-002262,2,88.42,178.51,36.0,0,Month-to-month,DSL,Credit card,No,Yes,Yes,No,0,0
CUST-000989,57,37.46,2176.23,55.0,3,Month-to-month,Fiber optic,Credit card,Yes,Yes,No,Yes,0,0
CUST-003212,24,53.72,1323.19,20.0,3,Two year,DSL,Mailed check,Yes,No,Yes,Yes,1,0
CUST-001759,42,71.63,3077.25,79.0,3,Month-to-month,Fiber optic,Credit card,No,No,No,No,0,0
CUST-004935,43,86.84,3412.89,50.0,3,Two year,No,Bank transfer,Yes,Yes,Yes,No,0,0
CUST-004422,55,39.14,2089.85,63.0,1,Month-to-month,Fiber optic,Mailed check,No internet service,No,No,No,0,1
CUST-001724,38,66.76,2527.26,40.0,2,Month-to-month,Fiber optic,Electronic check,No,Yes,Yes,No,0,1
CUST-000341,21,17.08,367.49,28.0,3,One year,No,Credit card,Yes,Yes,Yes,No,0,0
CUST-003701,16,66.94,1089.12,70.0,2,Month-to-month,No,Electronic check,Yes,No,Yes,No,0,1
CUST-004243,2,76.11,158.46,26.0,3,Month-to-month,DSL,Mailed check,Yes,Yes,No,No,0,0
CUST-000688,32,49.31,1524.74,26.0,1,Month-to-month,DSL,Bank transfer,Yes,Yes,No,No,0,0
CUST-003432,15,56.34,854.53,51.0,2,Two year,Fiber optic,Electronic check,Yes,No,No,No,0,0
CUST-000966,43,73.03,3019.83,18.0,0,Month-to-month,No,Credit card,Yes,No,Yes,No,0,0
CUST-005687,17,90.96,1449.15,29.0,1,One year,Fiber optic,Electronic check,No,Yes,Yes,No,0,1
CUST-002203,24,75.34,1768.41,66.0,0,Two year,Fiber optic,Electronic check,No,No,Yes,No,0,0
CUST-002713,37,27.13,959.68,40.0,1,Month-to-month,DSL,Bank transfer,No internet service,Yes,Yes,No,0,1
CUST-004757,9,71.17,639.94,71.0,2,Month-to-month,Fiber optic,Electronic check,No,No,No,Yes,0,1
CUST-005297,48,76.31,3808.15,58.0,0,Month-to-month,DSL,Electronic check,No,Yes,Yes,No,0,1
CUST-005506,7,62.78,458.03,61.0,0,Two year,Fiber optic,Electronic check,No internet service,No,Yes,Yes,0,0
CUST-003572,50,89.34,4594.32,26.0,0,One year,No,Electronic check,No,No,Yes,No,0,0
CUST-004805,54,64.36,3269.24,54.0,0,Month-to-month,DSL,Bank transfer,Yes,No,No,No,0,1
CUST-001990,38,32.12,1185.57,77.0,0,Month-to-month,No,Bank transfer,No,Yes,Yes,No,0,0
CUST-004120,52,114.12,6053.48,40.0,3,One year,DSL,Bank transfer,Yes,Yes,Yes,No,0,0
CUST-004759,50,36.54,1642.64,18.0,1,One year,Fiber optic,Mailed check,No,Yes,Yes,No,0,1
CUST-004930,1,55.99,51.81,40.0,1,Month-to-month,Fiber optic,Electronic check,Yes,Yes,Yes,No,0,0
CUST-005713,48,61.72,2888.16,50.0,3,Two year,Fiber optic,Credit card,No,Yes,Yes,No,0,0
CUST-005706,30,46.52,1470.28,74.0,0,Two year,DSL,Electronic check,No internet service,No,No,Yes,0,0
CUST-003600,32,104.28,3472.06,44.0,2,Month-to-month,Fiber optic,Credit card,No,Yes,Yes,No,1,0
CUST-005492,12,78.28,903.86,34.0,0,Month-to-month,Fiber optic,Electronic check,Yes,Yes,Yes,Yes,1,1
CUST-005996,62,47.74,2880.64,75.0,2,Two year,Fiber optic,Mailed check,,Yes,No,No,0,0
CUST-004954,27,30.38,921.77,49.0,0,Month-to-month,DSL,Bank transfer,No,Yes,No,No,0,1
CUST-000385,8,93.38,730.59,44.0,2,Month-to-month,No,Bank transfer,Yes,Yes,Yes,No,1,0
CUST-005245,16,60.11,1004.67,54.0,1,One year,No,Bank transfer,No,No,Yes,Yes,0,1
CUST-005494,56,68.12,4008.01,25.0,2,Two year,Fiber optic,Credit card,No,No,No,No,1,0
CUST-000536,33,88.41,2879.77,21.0,1,One year,DSL,Bank transfer,Yes,Yes,Yes,Yes,0,0
CUST-005830,24,47.87,1156.41,48.0,0,Month-to-month,DSL,Credit card,No,Yes,Yes,No,0,0
CUST-004212,30,54.01,1731.93,53.0,1,Month-to-month,DSL,Credit card,No,No,Yes,No,0,0
CUST-003507,59,80.22,5033.57,65.0,0,One year,DSL,Mailed check,No,No,No,Yes,0,1
CUST-000201,66,51.84,3348.76,41.0,4,Month-to-month,DSL,Credit card,Yes,Yes,No,Yes,0,0
CUST-001332,31,53.06,1774.94,66.0,3,Two year,No,Credit card,Yes,Yes,No,Yes,0,0
CUST-003502,22,70.14,1590.15,66.0,1,Month-to-month,Fiber optic,Mailed check,No,No,Yes,No,0,0
CUST-002708,53,18.47,1003.34,67.0,1,Month-to-month,Fiber optic,Credit card,No,Yes,Yes,Yes,0,0
CUST-004662,11,32.47,351.71,41.0,2,Month-to-month,No,Electronic check,Yes,No,Yes,No,0,1
CUST-004021,3,59.87,179.51,30.0,3,Month-to-month,DSL,Mailed check,No,Yes,Yes,No,0,0
CUST-001854,7,65.3,492.87,52.0,2,One year,Fiber optic,Electronic check,Yes,Yes,No,No,0,1
CUST-005378,35,68.06,2370.13,23.0,1,One year,Fiber optic,Credit card,No,Yes,No,No,0,1
CUST-002872,59,55.57,3091.58,31.0,3,Month-to-month,Fiber optic,Mailed check,Yes,Yes,Yes,No,0,0
CUST-003030,53,63.32,3594.45,27.0,0,Month-to-month,DSL,Mailed check,No,No,Yes,Yes,1,0
CUST-001205,65,39.77,2603.32,59.0,1,One year,Fiber optic,Electronic check,Yes,Yes,No,Yes,1,0
CUST-001645,21,53.07,1057.06,41.0,0,Month-to-month,Fiber optic,Mailed check,Yes,No,Yes,No,1,1
CUST-003417,63,74.58,4766.69,55.0,1,Month-to-month,Fiber optic,Credit card,No,Yes,No,Yes,1,1
CUST-003476,39,48.79,1866.75,72.0,2,Month-to-month,DSL,Bank transfer,No internet service,No,Yes,No,0,1
CUST-002861,67,40.17,2513.13,68.0,3,One year,No,Electronic check,No,Yes,No,No,0,0
CUST-001792,25,93.24,2310.98,77.0,2,Month-to-month,DSL,Electronic check,No,Yes,No,No,0,0
CUST-003797,4,87.95,345.95,63.0,1,One year,No,Bank transfer,Yes,Yes,Yes,Yes,1,0
CUST-003368,30,47.06,1327.26,75.0,1,One year,DSL,Electronic check,No,No,No,No,0,1
CUST-003367,21,104.26,2173.89,50.0,1,One year,Fiber optic,Bank transfer,Yes,Yes,No,Yes,1,0
CUST-003533,72,81.82,5533.01,62.0,3,Month-to-month,Fiber optic,Bank transfer,,Yes,No,No,1,0
CUST-005930,67,36.36,2559.53,,1,One year,DSL,Electronic check,Yes,Yes,Yes,No,0,0
CUST-003449,36,83.19,3192.49,61.0,3,Month-to-month,Fiber optic,Electronic check,No,Yes,Yes,No,0,1
CUST-000603,9,88.44,812.52,35.0,2,One year,DSL,Mailed check,Yes,Yes,Yes,Yes,0,0
CUST-003056,58,52.6,3335.7,72.0,0,Two year,Fiber optic,Bank transfer,No,No,Yes,No,0,1
CUST-005229,19,36.1,726.03,36.0,2,One year,Fiber optic,Bank transfer,No,Yes,Yes,No,0,0
CUST-000126,5,57.11,269.7,75.0,3,Month-to-month,DSL,Electronic check,Yes,No,No,No,0,1
CUST-003876,50,55.24,2725.64,61.0,2,Month-to-month,No,Bank transfer,No,Yes,Yes,No,0,0
CUST-002935,16,76.52,1290.96,30.0,0,One year,DSL,Credit card,No,Yes,No,No,0,1
CUST-004451,18,92.26,1663.4,68.0,1,Month-to-month,DSL,Credit card,No,No,Yes,No,0,0
CUST-003531,5,66.95,356.87,75.0,0,One year,Fiber optic,Electronic check,No,Yes,No,No,0,1
CUST-002730,70,72.15,5050.98,51.0,1,Month-to-month,DSL,Electronic check,No,Yes,Yes,Yes,0,1
CUST-000827,65,53.9,3501.23,57.0,0,Two year,Fiber optic,Credit card,Yes,Yes,Yes,Yes,0,0
CUST-001639,19,72.78,1531.46,78.0,0,Month-to-month,No,Mailed check,No,No,No,Yes,0,0
CUST-000984,42,48.72,2118.82,79.0,1,One year,DSL,Electronic check,Yes,Yes,No,No,0,0
CUST-003281,55,84.03,4589.16,79.0,2,One year,DSL,Bank transfer,Yes,Yes,No,No,1,0
CUST-005987,40,79.12,3164.04,64.0,2,Two year,Fiber optic,Electronic check,No,No,Yes,No,0,0
CUST-002188,33,29.43,951.07,49.0,4,Month-to-month,DSL,Credit card,Yes,Yes,Yes,Yes,1,0
CUST-005543,58,70.08,4211.4,68.0,1,Month-to-month,Fiber optic,Electronic check,Yes,Yes,Yes,Yes,1,0
CUST-002443,15,64.67,1102.43,31.0,4,Month-to-month,Fiber optic,Electronic check,No,No,Yes,No,0,1
CUST-000362,16,80.51,1203.21,64.0,2,Month-to-month,Fiber optic,Electronic check,Yes,No,No,Yes,0,1
CUST-002349,36,40.13,1420.77,78.0,0,One year,Fiber optic,Bank transfer,No,Yes,Yes,No,0,1
CUST-000345,18,45.84,813.55,72.0,0,Month-to-month,No,Electronic check,No,No,No,Yes,0,0
CUST-000814,56,87.5,4999.84,32.0,1,Month-to-month,Fiber optic,Credit card,No,No,No,No,0,1
CUST-004807,65,50.04,3146.36,39.0,2,One year,DSL,Mailed check,Yes,Yes,No,Yes,0,0
CUST-003205,49,61.59,2848.08,48.0,3,Two year,DSL,Mailed check,Yes,No,Yes,No,0,0
CUST-004994,46,45.49,1940.45,49.0,0,Two year,DSL,Mailed check,No,Yes,No,No,0,0
CUST-005771,16,49.95,803.92,49.0,0,One year,DSL,Bank transfer,Yes,No,Yes,No,0,0
CUST-003325,57,37.14,2079.91,36.0,1,Two year,DSL,Electronic check,Yes,No,Yes,No,0,0
CUST-004106,7,32.68,211.44,33.0,4,Two year,Fiber optic,Credit card,No,Yes,Yes,No,0,1
CUST-002116,70,90.49,6786.94,32.0,1,One year,DSL,Credit card,No,Yes,Yes,Yes,1,1
CUST-001834,29,91.49,2562.72,23.0,2,Month-to-month,No,Electronic check,Yes,Yes,No,No,0,1
CUST-000793,60,70.71,4386.6,79.0,1,Month-to-month,DSL,Mailed check,No,No,No,No,0,0
CUST-005960,12,82.78,970.61,45.0,3,Month-to-month,No,Electronic check,Yes,Yes,Yes,No,0,0
CUST-002674,67,67.54,4243.18,34.0,2,Month-to-month,DSL,Electronic check,No,Yes,Yes,No,0,1
CUST-000094,65,31.04,1987.54,25.0,2,Two year,Fiber optic,Mailed check,Yes,No,Yes,No,1,0
CUST-004225,12,68.43,721.72,32.0,0,Two year,No,Mailed check,No internet service,Yes,No,No,0,0
CUST-003756,46,110.52,4994.11,60.0,1,Two year,DSL,Electronic check,No,Yes,Yes,No,0,0
CUST-002891,41,17.74,705.03,53.0,2,One year,Fiber optic,Mailed check,No,Yes,No,No,0,0
CUST-002371,60,102.8,6991.44,73.0,1,Month-to-month,DSL,Mailed check,No internet service,Yes,No,No,0,0
CUST-004981,70,37.55,2687.9,48.0,0,Month-to-month,Fiber optic,Mailed check,Yes,No,Yes,No,0,0
CUST-005330,41,68.25,2860.02,66.0,3,One year,Fiber optic,Electronic check,Yes,Yes,No,Yes,0,0
CUST-003228,53,49.09,2507.88,59.0,2,Month-to-month,Fiber optic,Credit card,Yes,No,Yes,No,0,1
CUST-005362,42,43.15,1984.55,62.0,1,One year,Fiber optic,Credit card,Yes,No,No,Yes,0,0
CUST-002853,6,78.4,466.67,53.0,0,One year,No,Bank transfer,Yes,No,Yes,No,0,0
CUST-002912,34,83.32,2946.38,31.0,2,Month-to-month,DSL,Electronic check,No,Yes,Yes,No,0,0
CUST-001865,29,53.81,1559.75,52.0,1,Month-to-month,Fiber optic,Bank transfer,No,No,No,No,0,0
CUST-004612,57,104.81,5705.47,39.0,1,Month-to-month,DSL,Credit card,No internet service,No,No,Yes,0,1
CUST-001857,42,21.86,938.75,37.0,1,Two year,DSL,Bank transfer,No,Yes,Yes,No,1,0
CUST-002645,0,43.86,0.0,41.0,1,Month-to-month,Fiber optic,Electronic check,No,No,Yes,Yes,0,1
CUST-002243,8,117.89,841.08,44.0,3,Two year,DSL,Electronic check,No,Yes,No,No,1,1
CUST-002336,33,46.17,1540.0,56.0,3,Month-to-month,No,Credit card,Yes,Yes,Yes,No,0,0
CUST-000950,6,95.89,599.83,75.0,1,One year,DSL,Bank transfer,No,No,Yes,Yes,0,0
CUST-003068,10,63.67,605.26,55.0,0,Month-to-month,Fiber optic,Electronic check,No,No,No,Yes,0,1
CUST-001120,1,51.46,49.9,49.0,2,Month-to-month,Fiber optic,Credit card,No internet service,Yes,No,No,0,0
CUST-002597,52,47.02,2313.75,79.0,1,One year,Fiber optic,Electronic check,No,Yes,Yes,No,0,0
CUST-002204,33,76.53,2469.98,78.0,1,One year,Fiber optic,Electronic check,Yes,No,Yes,Yes,1,0
CUST-000419,36,85.64,3092.27,63.0,1,Two year,No,Electronic check,No,Yes,No,Yes,0,0
CUST-000922,32,18.2,585.83,53.0,2,Two year,Fiber optic,Electronic check,Yes,Yes,No,No,1,0
CUST-001254,47,55.81,2505.41,53.0,0,Two year,Fiber optic,Electronic check,Yes,Yes,Yes,No,0,0
CUST-000477,1,15.0,13.31,48.0,2,One year,DSL,Electronic check,No,Yes,Yes,No,0,0
CUST-002035,61,56.69,3767.21,52.0,2,Month-to-month,Fiber optic,Credit card,Yes,Yes,Yes,No,0,1
CUST-001202,71,49.77,3198.64,20.0,2,Two year,Fiber optic,Credit card,No,No,Yes,No,0,1
CUST-002626,71,31.42,2111.34,43.0,1,One year,No,Mailed check,Yes,No,No,No,0,0
CUST-005796,63,35.35,2327.06,52.0,2,One year,DSL,Credit card,No,No,No,No,0,0
CUST-001970,60,69.57,4543.53,35.0,1,Month-to-month,Fiber optic,Bank transfer,Yes,No,No,No,0,1
CUST-003110,39,31.38,1211.18,25.0,2,Month-to-month,Fiber optic,Mailed check,Yes,Yes,Yes,No,0,1
CUST-004018,13,111.27,1480.02,63.0,1,One year,Fiber optic,Bank transfer,No internet service,Yes,Yes,No,0,0
CUST-002151,23,82.76,1814.02,61.0,3,Month-to-month,Fiber optic,Credit card,No internet service,No,No,No,0,1
CUST-003687,68,61.49,4118.0,79.0,2,Month-to-month,Fiber optic,Credit card,No internet service,Yes,No,Yes,0,0
CUST-004916,7,79.77,593.27,74.0,1,Month-to-month,Fiber optic,Electronic check,No internet service,Yes,No,Yes,0,0
CUST-001997,72,82.09,5872.37,37.0,0,One year,DSL,Electronic check,No,No,No,No,0,0
CUST-004033,20,101.11,1856.45,29.0,1,Two year,DSL,Electronic check,Yes,Yes,Yes,No,0,0
CUST-005907,66,15.21,971.89,25.0,3,Two year,Fiber optic,Electronic check,Yes,Yes,Yes,Yes,0,0
CUST-003054,57,52.96,2866.01,59.0,1,One year,DSL,Credit card,No,No,No,No,0,0
CUST-001248,23,66.98,1658.35,42.0,2,Month-to-month,Fiber optic,Electronic check,No,Yes,Yes,No,0,0
CUST-002192,20,102.04,2091.15,79.0,1,Month-to-month,DSL,Credit card,No,No,No,No,1,0
CUST-002712,68,15.3,1062.88,29.0,2,Month-to-month,No,Bank transfer,Yes,Yes,No,No,0,0
CUST-000992,14,87.21,1262.55,69.0,1,Two year,Fiber optic,Electronic check,Yes,Yes,No,No,0,0
CUST-002190,26,62.93,1525.06,61.0,0,Two year,Fiber optic,Credit card,No internet service,No,Yes,Yes,0,0
CUST-004670,6,64.82,407.36,66.0,0,One year,Fiber optic,Bank transfer,No,Yes,Yes,No,0,0
CUST-003762,42,37.82,1454.86,58.0,1,Month-to-month,DSL,Bank transfer,No,No,Yes,Yes,1,1
CUST-003597,40,57.74,2123.44,47.0,0,Month-to-month,DSL,Electronic check,No,No,Yes,Yes,1,0
CUST-004711,58,76.39,4763.68,42.0,0,One year,DSL,Credit card,Yes,Yes,No,Yes,0,0
CUST-001318,32,54.16,1646.52,21.0,0,Month-to-month,No,Bank transfer,No internet service,No,No,No,0,0
CUST-001863,27,73.76,1997.16,64.0,1,Two year,DSL,Bank transfer,No,No,Yes,Yes,0,0
CUST-002343,53,68.08,3926.27,70.0,1,One year,Fiber optic,Electronic check,Yes,No,No,No,0,0
CUST-002449,12,48.29,572.37,48.0,1,Month-to-month,DSL,Electronic check,Yes,No,No,No,0,0
CUST-002136,39,95.5,3738.35,71.0,2,Two year,Fiber optic,Credit card,No,Yes,Yes,No,0,0
CUST-001065,28,48.76,1323.07,54.0,1,Month-to-month,Fiber optic,Credit card,No internet service,Yes,No,No,0,0
CUST-005975,40,52.51,2029.38,28.0,1,Month-to-month,Fiber optic,Electronic check,No internet service,No,No,No,1,0
CUST-004227,44,62.75,,39.0,0,Month-to-month,DSL,Electronic check,Yes,Yes,No,No,0,0
CUST-002621,28,60.68,1588.62,41.0,0,Month-to-month,DSL,Bank transfer,No,Yes,Yes,No,0,0
CUST-000077,16,123.99,2046.29,42.0,0,Month-to-month,Fiber optic,Electronic check,Yes,No,No,No,0,0
CUST-002898,58,70.22,4201.01,79.0,1,Month-to-month,DSL,Credit card,No,Yes,No,No,0,1
CUST-004820,39,64.67,2270.73,76.0,1,Two year,DSL,Electronic check,No internet service,No,Yes,No,0,0
CUST-001314,65,77.52,5406.33,51.0,0,Two year,Fiber optic,Mailed check,No,Yes,No,No,0,0
CUST-005924,66,88.56,5696.07,22.0,4,One year,DSL,Mailed check,Yes,Yes,No,No,0,0
CUST-000872,8,15.0,125.23,32.0,1,One year,Fiber optic,Mailed check,Yes,Yes,No,No,1,1
CUST-003850,53,103.4,5031.36,55.0,2,Two year,DSL,Electronic check,No internet service,No,Yes,No,0,0
CUST-005761,11,85.29,941.15,58.0,2,Month-to-month,No,Bank transfer,Yes,Yes,No,No,0,1
CUST-002965,43,75.84,3098.05,32.0,2,One year,Fiber optic,Bank transfer,No,No,No,Yes,0,1
CUST-003391,38,72.0,2585.38,62.0,1,Month-to-month,Fiber optic,Mailed check,No internet service,No,No,Yes,0,0
CUST-002560,42,51.39,2225.74,78.0,1,Month-to-month,DSL,Electronic check,No internet service,Yes,No,No,0,0
CUST-005900,67,100.78,7117.79,39.0,0,One year,No,Mailed check,,Yes,No,No,0,0
CUST-002635,1,61.89,64.55,59.0,1,Two year,Fiber optic,Mailed check,No,Yes,Yes,No,0,0
CUST-003530,27,83.9,2397.02,76.0,0,Month-to-month,No,Electronic check,No,Yes,No,Yes,0,1
CUST-000375,6,39.78,243.03,20.0,2,One year,Fiber optic,Bank transfer,Yes,No,No,No,0,1
CUST-001908,2,39.93,83.54,77.0,3,One year,No,Credit card,No,No,Yes,No,0,0
CUST-004429,67,53.44,3555.46,30.0,1,Month-to-month,Fiber optic,Bank transfer,Yes,Yes,Yes,Yes,0,1
CUST-005199,69,32.62,2248.7,36.0,0,Two year,No,Credit card,Yes,No,No,Yes,0,0
CUST-005257,21,80.02,1682.33,39.0,2,Month-to-month,Fiber optic,Electronic check,Yes,Yes,No,No,0,1
CUST-004027,32,15.0,488.27,72.0,1,Two year,Fiber optic,Credit card,No internet service,No,No,Yes,0,0
CUST-001604,9,72.52,586.76,64.0,0,One year,Fiber optic,Bank transfer,No internet service,Yes,No,No,0,0
CUST-001118,52,62.52,3160.46,18.0,2,Month-to-month,DSL,Bank transfer,No,No,No,No,1,1
CUST-003677,56,15.0,925.51,27.0,1,Month-to-month,Fiber optic,Bank transfer,Yes,No,No,No,1,0
CUST-003490,7,70.12,496.23,65.0,3,Two year,Fiber optic,Electronic check,No,No,Yes,No,0,0
CUST-005859,50,90.32,4266.58,20.0,0,Month-to-month,No,Credit card,No internet service,No,Yes,No,0,0
CUST-002958,37,107.65,4091.39,50.0,0,Month-to-month,DSL,Bank transfer,Yes,Yes,Yes,Yes,0,0
CUST-001994,55,73.07,3960.76,41.0,3,Month-to-month,DSL,Bank transfer,No,Yes,Yes,No,0,0
CUST-005970,54,79.13,4152.96,57.0,2,One year,Fiber optic,Electronic check,Yes,No,No,No,1,1
CUST-005223,59,60.16,3642.83,59.0,1,Month-to-month,DSL,Credit card,No,Yes,Yes,Yes,0,0
CUST-002376,62,82.83,4586.54,61.0,0,Month-to-month,No,Electronic check,No,No,Yes,No,1,1
CUST-001342,8,55.33,458.63,39.0,1,Month-to-month,DSL,Electronic check,No,Yes,Yes,No,0,0
CUST-000320,23,89.15,1992.89,44.0,2,Two year,DSL,Bank transfer,No,Yes,No,No,0,0
CUST-001619,72,47.79,3180.46,48.0,1,Two year,Fiber optic,Bank transfer,No,Yes,No,Yes,0,0
CUST-003713,16,45.34,685.63,67.0,5,Month-to-month,Fiber optic,Credit card,No,Yes,Yes,No,0,0
CUST-002060,65,48.07,3039.74,32.0,6,One year,Fiber optic,Electronic check,No,Yes,Yes,No,0,1
CUST-002219,14,66.17,927.24,37.0,0,Two year,Fiber optic,Bank transfer,Yes,No,Yes,No,0,0
CUST-001673,55,38.55,2075.56,35.0,3,One year,No,Electronic check,No internet service,Yes,Yes,Yes,1,0
CUST-000260,57,35.49,2112.35,61.0,0,Month-to-month,Fiber optic,Electronic check,No,Yes,No,No,0,0
CUST-005309,33,74.97,2411.7,28.0,3,One year,DSL,Credit card,Yes,No,Yes,No,0,1
CUST-002039,32,89.73,2927.24,51.0,0,Month-to-month,DSL,Credit card,Yes,Yes,Yes,No,0,1
CUST-004785,26,62.35,1497.05,48.0,0,Month-to-month,No,Electronic check,Yes,Yes,No,No,0,0
CUST-000901,3,100.78,304.18,48.0,5,One year,No,Credit card,,Yes,Yes,Yes,0,0
CUST-003744,17,55.06,952.66,60.0,1,Two year,Fiber optic,Mailed check,No internet service,Yes,No,Yes,1,0
CUST-002026,44,42.4,1867.71,22.0,0,Month-to-month,Fiber optic,Mailed check,Yes,Yes,No,No,0,0
CUST-004234,18,69.18,1196.06,61.0,0,Two year,DSL,Credit card,No,Yes,No,Yes,0,0
CUST-001917,35,56.97,2002.12,76.0,1,Month-to-month,Fiber optic,Electronic check,No,Yes,Yes,Yes,0,0
CUST-001828,44,136.44,,65.0,1,Month-to-month,DSL,Electronic check,No internet service,No,Yes,Yes,0,0
CUST-001573,59,83.74,5008.24,22.0,2,Month-to-month,Fiber optic,Bank transfer,No internet service,Yes,Yes,No,1,1
CUST-004415,32,78.31,2637.11,43.0,0,Two year,DSL,Electronic check,Yes,No,Yes,No,0,0
CUST-004749,26,62.01,1548.64,32.0,0,Month-to-month,Fiber optic,Mailed check,Yes,Yes,No,No,0,0
CUST-005277,60,65.01,3922.97,53.0,1,One year,Fiber optic,Electronic check,No,No,Yes,No,0,0
CUST-004654,8,40.69,357.44,60.0,1,Month-to-month,DSL,Electronic check,Yes,Yes,No,Yes,0,1
CUST-004208,16,86.07,1178.62,50.0,0,Month-to-month,No,Bank transfer,Yes,Yes,No,No,0,0
CUST-004627,13,75.35,1015.15,21.0,1,Two year,Fiber optic,Electronic check,Yes,No,Yes,Yes,0,1
CUST-000224,52,58.41,2983.69,40.0,1,Two year,Fiber optic,Bank transfer,No,No,No,No,0,0
CUST-000723,8,59.18,469.13,56.0,2,Month-to-month,No,Bank transfer,Yes,No,No,No,0,0
CUST-005398,68,121.14,7922.9,57.0,1,Month-to-month,No,Electronic check,No,Yes,Yes,No,0,0
CUST-001141,24,34.61,746.33,18.0,1,Two year,Fiber optic,Bank transfer,Yes,Yes,No,Yes,1,0
CUST-002762,26,120.03,3051.67,38.0,3,One year,DSL,Mailed check,No,No,Yes,No,0,0
CUST-000846,11,17.86,222.07,59.0,0,Month-to-month,DSL,Mailed check,No,No,Yes,No,0,1
CUST-004289,22,79.42,1709.0,44.0,3,Two year,Fiber optic,Bank transfer,No internet service,No,Yes,No,0,1
CUST-005042,29,61.72,1807.06,65.0,1,One year,DSL,Electronic check,No internet service,No,No,Yes,0,0
CUST-002551,23,85.19,2013.62,62.0,0,Two year,No,Credit card,No,No,No,Yes,0,0
CUST-002928,13,95.14,1222.48,66.0,1,Month-to-month,No,Mailed check,No internet service,Yes,No,No,0,1
CUST-000117,10,89.9,866.53,45.0,6,Month-to-month,No,Credit card,No,Yes,Yes,No,0,0
CUST-000645,23,78.94,1748.78,30.0,0,Month-to-month,DSL,Credit card,Yes,No,No,Yes,0,1
CUST-000003,32,20.83,620.19,62.0,3,Month-to-month,Fiber optic,Credit card,No,Yes,No,No,0,0
CUST-004170,27,90.79,2476.29,46.0,3,Month-to-month,No,Electronic check,Yes,Yes,No,No,0,1
CUST-000467,43,74.97,3173.37,28.0,3,Two year,DSL,Credit card,No,No,No,No,0,0
CUST-000005,62,54.97,3639.58,32.0,2,Month-to-month,DSL,Mailed check,No,No,No,No,0,0
CUST-000919,46,31.15,1468.05,42.0,1,Month-to-month,Fiber optic,Bank transfer,No,No,Yes,Yes,0,0
CUST-002595,12,59.31,715.81,41.0,3,Month-to-month,No,Bank transfer,Yes,Yes,No,Yes,0,0
CUST-004324,70,47.01,3355.63,48.0,1,One year,No,Credit card,No,Yes,Yes,Yes,0,0
CUST-001063,51,90.29,4412.72,24.0,3,Month-to-month,DSL,Mailed check,Yes,No,No,No,0,0
CUST-002590,5,86.22,420.7,76.0,0,Month-to-month,Fiber optic,Bank transfer,Yes,Yes,Yes,No,1,0
CUST-000242,6,20.97,129.9,28.0,2,Month-to-month,Fiber optic,Electronic check,Yes,Yes,No,Yes,0,1
CUST-005230,9,82.66,747.44,31.0,1,Two year,No,Bank transfer,No internet service,Yes,Yes,Yes,1,0
CUST-001160,42,35.38,1522.16,37.0,0,Month-to-month,Fiber optic,Bank transfer,No,Yes,Yes,No,0,1
CUST-002870,20,92.95,1705.2,63.0,3,Month-to-month,Fiber optic,Bank transfer,Yes,Yes,Yes,No,0,1
CUST-003735,14,62.19,936.34,70.0,0,Two year,DSL,Electronic check,No,Yes,No,Yes,1,0
CUST-002397,21,74.69,1511.46,19.0,2,Month-to-month,Fiber optic,Electronic check,No,Yes,No,No,0,1
CUST-003517,65,85.01,,42.0,0,Two year,DSL,Electronic check,Yes,Yes,Yes,No,0,0
CUST-003421,57,103.9,5836.54,73.0,1,Two year,No,Mailed check,No,Yes,No,No,1,0
CUST-002563,29,49.98,1437.83,48.0,1,Two year,Fiber optic,Bank transfer,No,No,Yes,Yes,0,0
CUST-001605,64,37.34,2296.76,68.0,1,One year,DSL,Mailed check,No internet service,No,No,No,1,0
CUST-005808,35,65.2,2022.91,55.0,0,Month-to-month,Fiber optic,Electronic check,No,Yes,No,No,0,1
CUST-002324,54,33.96,1750.86,26.0,0,One year,Fiber optic,Electronic check,Yes,No,Yes,No,1,1
CUST-002709,63,82.3,5732.65,58.0,0,One year,Fiber optic,Bank transfer,No,Yes,No,Yes,0,0
CUST-005283,55,37.51,1953.2,18.0,1,One year,DSL,Electronic check,No,Yes,No,No,0,0
CUST-001312,56,64.33,3679.37,38.0,1,Month-to-month,Fiber optic,Electronic check,No internet service,Yes,No,Yes,0,1
CUST-003448,44,42.63,1901.72,30.0,0,Two year,Fiber optic,Credit card,No internet service,Yes,No,No,0,1
CUST-003812,49,73.25,3636.25,59.0,1,Two year,DSL,Credit card,No internet service,No,Yes,No,0,0
CUST-005694,42,35.38,1434.88,60.0,5,Month-to-month,Fiber optic,Credit card,Yes,No,Yes,No,0,1
CUST-002362,70,101.55,7164.27,50.0,5,One year,No,Mailed check,No,No,No,Yes,0,0
CUST-001975,3,52.18,158.53,24.0,1,Month-to-month,Fiber optic,Mailed check,Yes,Yes,No,Yes,1,0
CUST-003514,19,64.8,1158.71,51.0,2,One year,Fiber optic,Mailed check,No,Yes,Yes,No,0,0
CUST-001761,29,61.97,1817.96,31.0,1,One year,No,Bank transfer,No,No,Yes,No,0,0
CUST-002739,25,65.71,1679.28,43.0,2,One year,Fiber optic,Electronic check,No,No,No,No,0,0
CUST-005607,43,86.4,3113.03,44.0,0,Two year,Fiber optic,Bank transfer,No internet service,No,No,No,0,0
CUST-002472,30,93.89,2602.4,46.0,1,Month-to-month,DSL,Electronic check,No,Yes,Yes,No,0,0
CUST-004007,47,44.23,2128.11,20.0,1,Month-to-month,No,Mailed check,No,Yes,Yes,Yes,0,1
CUST-004718,29,26.77,795.96,67.0,2,Two year,DSL,Credit card,No,Yes,Yes,No,0,0
CUST-001493,24,69.27,1825.33,53.0,1,Two year,Fiber optic,Mailed check,Yes,No,No,Yes,0,0
CUST-004206,66,75.53,4850.59,70.0,0,One year,No,Credit card,No internet service,No,Yes,No,0,0
CUST-002158,59,77.0,4695.53,69.0,0,Two year,No,Mailed check,No,No,No,No,0,0
CUST-001169,66,45.55,2756.56,55.0,0,Month-to-month,No,Electronic check,No,Yes,No,Yes,0,0
CUST-005435,72,72.33,5370.7,79.0,1,Month-to-month,DSL,Bank transfer,No,No,No,No,0,0
CUST-000232,1,73.51,69.38,43.0,1,Month-to-month,Fiber optic,Bank transfer,No,Yes,No,No,1,1
CUST-000066,66,56.65,3244.4,20.0,0,Month-to-month,DSL,Mailed check,Yes,No,Yes,No,0,0
CUST-001603,23,42.14,1105.17,20.0,3,One year,Fiber optic,Mailed check,No,No,Yes,No,0,1
CUST-003283,7,64.79,428.59,71.0,1,Month-to-month,Fiber optic,Electronic check,No internet service,Yes,Yes,No,0,1
CUST-003596,24,15.0,342.1,78.0,0,One year,No,Credit card,No,No,Yes,No,0,0
CUST-004632,20,28.55,554.25,24.0,3,One year,Fiber optic,Mailed check,No internet service,No,No,No,0,0
CUST-000125,41,48.2,2102.9,56.0,1,Month-to-month,DSL,Electronic check,No,No,No,No,0,0
CUST-001296,19,87.62,1598.11,35.0,1,Month-to-month,Fiber optic,Credit card,No,Yes,No,No,0,1
CUST-001976,68,62.63,4468.61,48.0,0,One year,Fiber optic,Bank transfer,No internet service,Yes,Yes,No,0,1
CUST-005436,29,40.58,1220.19,19.0,1,One year,DSL,Mailed check,Yes,No,No,No,0,0
CUST-005977,11,84.51,859.36,38.0,1,Month-to-month,DSL,Bank transfer,Yes,Yes,Yes,No,0,0
CUST-002075,29,44.62,1274.41,55.0,3,One year,DSL,Mailed check,No,No,Yes,No,0,0
CUST-004580,14,68.96,983.52,33.0,3,Month-to-month,Fiber optic,Electronic check,No,Yes,Yes,No,0,1
CUST-003086,13,60.87,842.18,60.0,0,Month-to-month,Fiber optic,Bank transfer,Yes,No,Yes,No,0,1
CUST-005213,44,64.03,2797.93,71.0,0,One year,No,Credit card,No,No,No,No,1,0
CUST-003345,55,89.37,4693.68,64.0,0,Month-to-month,Fiber optic,Electronic check,No,Yes,Yes,Yes,0,1
CUST-005373,17,29.66,503.28,25.0,1,Month-to-month,Fiber optic,Bank transfer,No,Yes,Yes,No,0,1
CUST-002797,41,15.0,610.27,27.0,1,One year,DSL,Mailed check,Yes,Yes,Yes,Yes,1,0
CUST-000918,18,46.45,809.49,78.0,1,Month-to-month,No,Bank transfer,No,No,Yes,No,1,1
CUST-001646,25,84.02,2048.87,58.0,2,Two year,No,Electronic check,No,Yes,No,No,0,0
CUST-005122,44,67.9,3279.86,63.0,0,Month-to-month,Fiber optic,Credit card,Yes,Yes,No,No,0,0
CUST-005126,18,99.5,1725.4,55.0,1,One year,DSL,Electronic check,No,Yes,Yes,No,0,0
CUST-004978,67,58.45,3903.25,66.0,0,Two year,Fiber optic,Bank transfer,Yes,Yes,Yes,Yes,0,1
CUST-004621,72,83.83,5730.52,64.0,1,One year,DSL,Mailed check,Yes,Yes,Yes,No,0,0
CUST-000364,8,63.48,481.76,46.0,3,Month-to-month,Fiber optic,Bank transfer,No,Yes,Yes,No,0,1
CUST-003287,14,102.13,1382.26,26.0,0,Two year,No,Credit card,Yes,Yes,No,No,0,0
CUST-002125,18,66.82,1218.09,49.0,2,Month-to-month,Fiber optic,Mailed check,No,No,No,No,0,1
CUST-004123,19,130.28,2295.63,28.0,1,Month-to-month,Fiber optic,Electronic check,No,Yes,Yes,No,0,1
CUST-004569,14,51.13,721.3,22.0,1,Two year,No,Bank transfer,Yes,No,No,No,1,0
CUST-000525,22,59.31,1330.81,48.0,1,Two year,DSL,Credit card,Yes,Yes,No,No,1,0
CUST-004821,49,72.79,3329.41,61.0,2,Month-to-month,DSL,Electronic check,No,No,Yes,No,0,1
CUST-000055,3,70.55,198.12,59.0,0,One year,No,Electronic check,No,No,No,No,0,0
CUST-000638,57,84.62,4827.69,29.0,1,Month-to-month,No,Electronic check,No internet service,Yes,No,Yes,0,1
CUST-000302,0,78.64,0.0,50.0,1,Two year,DSL,Mailed check,No internet service,Yes,No,No,0,0
CUST-002766,26,18.83,509.81,73.0,1,Month-to-month,DSL,Mailed check,No,No,No,No,0,0
CUST-001276,47,56.41,2658.06,40.0,3,Month-to-month,DSL,Credit card,Yes,Yes,Yes,No,1,0
CUST-004720,41,63.35,2635.24,67.0,0,One year,Fiber optic,Mailed check,No,Yes,Yes,No,0,1
CUST-002055,26,52.64,1402.96,37.0,1,Month-to-month,Fiber optic,Credit card,Yes,Yes,No,No,0,0
CUST-005145,54,80.43,4442.19,37.0,0,Month-to-month,DSL,Electronic check,No,Yes,Yes,No,0,0
CUST-004432,65,66.98,4152.83,72.0,1,Month-to-month,No,Bank transfer,No,No,No,No,0,0
CUST-003644,70,21.0,1488.19,49.0,3,One year,Fiber optic,Electronic check,Yes,No,No,Yes,0,0
CUST-004143,32,79.73,2625.66,23.0,1,Month-to-month,Fiber optic,Credit card,No,Yes,Yes,No,1,1
CUST-002878,63,76.66,4866.85,65.0,2,Month-to-month,DSL,Credit card,Yes,No,No,Yes,0,0
CUST-004202,25,127.69,3048.14,27.0,0,Month-to-month,Fiber optic,Credit card,Yes,Yes,Yes,Yes,0,1
CUST-005175,12,15.0,171.74,41.0,0,Month-to-month,Fiber optic,Credit card,No,No,No,No,0,0
CUST-002286,66,80.04,5174.22,29.0,3,One year,Fiber optic,Electronic check,Yes,Yes,No,Yes,0,0
CUST-002261,72,100.32,7703.98,29.0,1,One year,Fiber optic,Electronic check,No,Yes,Yes,No,1,0
CUST-002296,12,57.21,692.9,51.0,0,Month-to-month,Fiber optic,Electronic check,No,Yes,Yes,No,1,0
CUST-001753,28,32.92,842.49,28.0,1,Month-to-month,No,Credit card,No,No,No,Yes,0,0
CUST-001968,61,66.76,4388.18,59.0,0,Two year,DSL,Mailed check,Yes,Yes,No,No,0,0
CUST-005219,25,46.61,1103.19,53.0,1,One year,Fiber optic,Electronic check,No internet service,Yes,Yes,No,1,1
CUST-003117,46,46.69,2012.48,26.0,1,One year,DSL,Electronic check,No,No,No,No,0,0
CUST-002393,16,115.56,1807.76,65.0,2,Month-to-month,DSL,Mailed check,Yes,Yes,No,No,0,0
CUST-000523,60,70.91,3880.99,55.0,1,Month-to-month,Fiber optic,Mailed check,Yes,No,No,No,0,0
CUST-003900,37,36.54,1458.97,47.0,1,Two year,Fiber optic,Bank transfer,No internet service,Yes,Yes,No,0,0
CUST-005612,46,45.73,2172.86,64.0,1,Two year,No,Credit card,Yes,Yes,Yes,No,0,1
CUST-004699,1,55.46,60.31,28.0,0,Two year,No,Credit card,No,Yes,No,Yes,1,0
CUST-005433,36,50.78,1814.97,77.0,3,One year,DSL,Electronic check,No internet service,Yes,No,No,0,1
CUST-003122,34,81.11,2619.41,18.0,3,Month-to-month,DSL,Credit card,No internet service,No,No,No,0,1
CUST-004156,51,63.95,3243.43,69.0,1,Month-to-month,Fiber optic,Bank transfer,No,Yes,No,No,0,0
CUST-001969,11,65.64,716.86,25.0,1,One year,Fiber optic,Electronic check,No,No,Yes,No,0,1
CUST-000671,44,66.75,2872.44,62.0,0,Month-to-month,Fiber optic,Electronic check,No,Yes,Yes,No,0,0
CUST-004188,3,69.15,220.86,63.0,1,Two year,No,Bank transfer,No,Yes,Yes,No,0,0
CUST-000666,36,99.9,3481.3,73.0,2,Two year,No,Electronic check,No,No,Yes,No,1,0
CUST-005205,33,76.36,2587.43,35.0,0,Two year,DSL,Bank transfer,Yes,No,No,Yes,0,0
CUST-001887,30,53.22,1487.61,69.0,0,One year,Fiber optic,Bank transfer,No,Yes,Yes,No,0,0
CUST-003266,53,68.42,3319.37,24.0,0,Month-to-month,DSL,Bank transfer,Yes,No,No,No,0,1
CUST-000280,20,39.37,714.26,30.0,1,One year,Fiber optic,Electronic check,Yes,No,No,No,0,0
CUST-001719,37,75.67,2909.42,20.0,0,Month-to-month,No,Credit card,Yes,No,Yes,No,0,0
CUST-002947,36,93.3,3381.15,59.0,3,Month-to-month,DSL,Electronic check,No internet service,No,No,No,0,1
CUST-004455,4,29.95,115.18,44.0,0,Month-to-month,DSL,Mailed check,,Yes,No,No,0,0
CUST-000899,44,60.55,2630.64,57.0,5,Month-to-month,DSL,Electronic check,Yes,Yes,Yes,No,0,0
CUST-005838,20,88.99,1625.37,41.0,2,Month-to-month,Fiber optic,Mailed check,No internet service,Yes,Yes,No,0,1
CUST-000760,12,31.94,402.2,77.0,2,One year,DSL,Bank transfer,No,No,No,No,1,0
CUST-001906,21,75.09,1649.41,71.0,3,Month-to-month,DSL,Mailed check,No,Yes,Yes,No,0,0
CUST-004042,55,18.32,1001.68,70.0,3,Two year,Fiber optic,Credit card,No,No,Yes,No,0,0
CUST-003823,13,53.65,670.49,63.0,2,One year,DSL,Bank transfer,No internet service,No,Yes,No,0,1
CUST-004138,64,89.03,6029.22,40.0,1,Month-to-month,Fiber optic,Bank transfer,No,No,Yes,No,0,1
CUST-003818,45,61.4,2676.69,41.0,2,Month-to-month,No,Electronic check,No internet service,No,No,No,0,0
CUST-004300,20,48.06,1009.59,79.0,1,Month-to-month,Fiber optic,Credit card,Yes,Yes,No,No,0,1
CUST-002593,6,76.38,463.59,36.0,2,One year,No,Mailed check,No,Yes,No,No,0,0
CUST-004164,52,63.87,3176.54,24.0,1,Two year,DSL,Electronic check,Yes,Yes,No,No,0,0
CUST-003031,19,112.69,2076.27,47.0,2,One year,Fiber optic,Mailed check,No,Yes,Yes,Yes,0,1
CUST-003579,5,75.34,376.3,49.0,1,Two year,DSL,Electronic check,No,Yes,Yes,Yes,0,0
CUST-002832,21,68.31,1299.28,45.0,3,Month-to-month,Fiber optic,Credit card,Yes,Yes,No,No,0,0
CUST-003472,53,85.92,4393.92,76.0,1,Two year,Fiber optic,Mailed check,No internet service,No,No,No,0,0
CUST-000137,2,86.48,164.93,26.0,2,Month-to-month,Fiber optic,Bank transfer,No internet service,Yes,No,No,0,1
CUST-004892,4,64.79,253.06,66.0,3,One year,Fiber optic,Credit card,No,Yes,Yes,No,0,1
CUST-002180,51,84.88,4390.16,72.0,1,One year,Fiber optic,Electronic check,No,No,Yes,No,0,1
CUST-002128,4,85.04,344.86,79.0,1,Month-to-month,DSL,Mailed check,No internet service,Yes,No,No,0,0
CUST-003177,21,58.16,1288.93,61.0,0,Month-to-month,Fiber optic,Mailed check,No,Yes,Yes,No,0,1
CUST-004854,4,79.92,350.49,30.0,3,Month-to-month,DSL,Mailed check,No,Yes,Yes,No,0,1
CUST-004637,36,15.0,546.3,58.0,0,Month-to-month,DSL,Mailed check,Yes,Yes,Yes,Yes,0,0
CUST-005115,19,92.52,1672.82,66.0,1,Two year,Fiber optic,Bank transfer,Yes,Yes,No,Yes,0,0
CUST-005240,25,62.44,1630.89,28.0,3,Month-to-month,DSL,Mailed check,No,No,No,No,0,1
CUST-004261,14,47.53,662.09,21.0,1,Month-to-month,DSL,Bank transfer,Yes,No,No,Yes,0,0
CUST-004344,27,58.67,1744.2,26.0,0,Month-to-month,DSL,Electronic check,No,Yes,Yes,No,1,0
CUST-001331,52,48.22,2646.1,65.0,0,Month-to-month,No,Bank transfer,No internet service,No,No,No,1,0
CUST-002017,53,93.25,5111.78,20.0,3,Month-to-month,No,Mailed check,No internet service,Yes,No,No,0,1
CUST-004542,67,80.89,5366.41,32.0,1,Month-to-month,Fiber optic,Bank transfer,No,No,Yes,No,1,1
CUST-002482,13,23.92,318.28,22.0,2,Month-to-month,Fiber optic,Electronic check,Yes,Yes,Yes,No,0,1
CUST-001358,7,25.65,173.5,61.0,1,Month-to-month,Fiber optic,Bank transfer,No,Yes,Yes,No,0,0
CUST-001329,24,53.33,1322.48,45.0,1,Month-to-month,DSL,Mailed check,Yes,Yes,Yes,No,1,1
CUST-005933,23,99.93,2359.14,46.0,0,Two year,No,Credit card,No,Yes,No,Yes,0,0
CUST-002150,23,59.48,1310.63,20.0,1,One year,No,Electronic check,Yes,No,Yes,No,0,0
CUST-004530,2,45.02,95.13,22.0,0,Month-to-month,DSL,Bank transfer,No,Yes,Yes,Yes,1,1
CUST-002122,42,64.55,3165.02,24.0,0,Month-to-month,No,Electronic check,Yes,No,No,No,0,0
CUST-004673,63,60.82,4100.36,56.0,2,Month-to-month,Fiber optic,Credit card,Yes,Yes,No,No,0,0
CUST-003981,6,24.26,134.59,66.0,2,Month-to-month,Fiber optic,Electronic check,Yes,No,Yes,No,0,0
CUST-001252,5,74.61,407.48,71.0,5,Two year,DSL,Credit card,Yes,No,No,No,0,0
CUST-003278,72,95.33,6841.09,79.0,1,One year,Fiber optic,Electronic check,No,Yes,Yes,Yes,0,0
CUST-003374,49,56.35,2712.04,46.0,3,Month-to-month,No,Electronic check,No internet service,Yes,No,No,1,0
CUST-002814,14,27.47,407.02,30.0,1,One year,Fiber optic,Bank transfer,No,No,No,No,0,1
CUST-004719,10,64.51,625.58,56.0,1,Month-to-month,Fiber optic,Electronic check,Yes,No,No,Yes,0,1
CUST-001848,38,95.68,3770.8,28.0,1,One year,Fiber optic,Electronic check,Yes,Yes,No,No,0,1
CUST-004858,19,26.25,475.36,30.0,1,Month-to-month,DSL,Credit card,No,No,Yes,Yes,0,1
CUST-003037,11,75.94,769.6,79.0,2,Month-to-month,Fiber optic,Bank transfer,No,No,No,Yes,0,0
CUST-000388,65,57.17,3911.19,18.0,2,Two year,Fiber optic,Electronic check,No,No,Yes,No,0,0
CUST-000235,52,42.06,2088.85,25.0,0,Month-to-month,DSL,Electronic check,No internet service,No,No,No,0,0
CUST-001077,12,74.04,872.62,77.0,0,Month-to-month,Fiber optic,Electronic check,No internet service,Yes,Yes,No,0,0
CUST-001984,46,63.72,2860.25,37.0,3,Month-to-month,Fiber optic,Electronic check,Yes,Yes,Yes,No,0,0
CUST-004363,70,59.38,3903.34,39.0,2,Month-to-month,No,Electronic check,Yes,Yes,No,Yes,1,0
CUST-003962,47,43.75,1987.34,48.0,1,Two year,Fiber optic,Mailed check,No,Yes,No,Yes,0,0
CUST-000770,47,45.47,2064.06,,2,One year,DSL,Bank transfer,Yes,No,No,Yes,0,0
CUST-002165,67,41.32,2541.51,63.0,3,Month-to-month,No,Credit card,Yes,Yes,Yes,No,0,0
CUST-004533,54,54.99,2771.51,27.0,0,One year,No,Bank transfer,Yes,No,No,No,0,0
CUST-000673,6,23.81,153.97,77.0,0,Two year,DSL,Credit card,Yes,No,Yes,Yes,0,0
CUST-000249,3,47.2,143.78,74.0,1,One year,Fiber optic,Mailed check,No,Yes,Yes,No,1,1
CUST-001574,10,39.8,413.88,67.0,1,Month-to-month,Fiber optic,Bank transfer,No internet service,No,No,No,0,1
CUST-003419,20,116.76,2418.57,62.0,2,Two year,Fiber optic,Bank transfer,No,No,Yes,No,0,0
CUST-002081,6,73.79,424.02,20.0,0,Month-to-month,Fiber optic,Electronic check,No,No,Yes,Yes,0,0
CUST-001823,63,69.21,4341.42,28.0,1,One year,DSL,Credit card,Yes,No,Yes,No,0,0
CUST-005570,55,28.8,1604.6,22.0,2,One year,No,Bank transfer,No internet service,Yes,Yes,No,0,0
CUST-005760,9,53.8,498.38,59.0,1,One year,Fiber optic,Bank transfer,No internet service,Yes,No,Yes,0,0
CUST-004544,32,69.52,2153.9,57.0,1,Month-to-month,Fiber optic,Electronic check,Yes,Yes,No,Yes,0,0
CUST-000716,37,66.29,2491.32,54.0,1,One year,DSL,Electronic check,Yes,No,No,No,1,0
CUST-005364,19,58.34,1057.41,72.0,0,Month-to-month,DSL,Electronic check,Yes,No,Yes,Yes,0,1
CUST-005619,12,57.36,676.71,79.0,1,Month-to-month,DSL,Electronic check,No internet service,Yes,No,No,0,1
CUST-002048,54,69.9,3854.83,72.0,0,Month-to-month,DSL,Credit card,No internet service,Yes,Yes,No,0,1
CUST-005264,60,32.67,2010.73,72.0,1,Month-to-month,DSL,Bank transfer,No,No,No,Yes,0,0
CUST-004178,33,89.76,2779.14,78.0,2,One year,DSL,Mailed check,Yes,Yes,Yes,No,0,0
CUST-004809,58,15.0,944.15,35.0,1,Month-to-month,No,Mailed check,No,Yes,Yes,Yes,0,0
CUST-002724,57,56.69,3004.43,39.0,0,One year,Fiber optic,Credit card,No,No,No,No,0,0
CUST-005440,37,99.6,3732.07,64.0,0,Month-to-month,DSL,Electronic check,No,Yes,No,Yes,0,1
CUST-001460,57,41.92,2536.51,62.0,2,Month-to-month,No,Electronic check,No,Yes,Yes,No,0,1
CUST-001668,38,66.1,2607.38,22.0,2,One year,No,Mailed check,Yes,No,Yes,No,0,0
CUST-002756,64,42.6,2605.07,28.0,4,Month-to-month,Fiber optic,Bank transfer,No,Yes,No,Yes,0,0
CUST-002000,64,78.41,5027.06,59.0,1,Month-to-month,DSL,Bank transfer,No internet service,Yes,Yes,No,0,0
CUST-004571,6,70.76,369.91,72.0,1,Month-to-month,No,Mailed check,Yes,Yes,Yes,Yes,0,1
CUST-004613,38,72.47,2922.97,69.0,0,Month-to-month,Fiber optic,Credit card,No internet service,Yes,No,Yes,1,0
CUST-000404,36,77.2,2833.38,18.0,0,One year,Fiber optic,Mailed check,Yes,Yes,No,No,0,0
CUST-000384,2,48.25,90.81,44.0,2,One year,DSL,Mailed check,,No,No,No,0,0
CUST-005405,28,26.16,,65.0,1,Two year,DSL,Mailed check,Yes,Yes,No,No,0,0
CUST-002152,62,97.62,5802.77,44.0,0,Month-to-month,Fiber optic,Credit card,Yes,Yes,Yes,No,0,0
CUST-001633,64,15.0,968.53,46.0,2,Two year,No,Bank transfer,Yes,Yes,No,No,0,0
CUST-005514,37,83.2,2954.31,61.0,1,Two year,No,Electronic check,Yes,Yes,Yes,Yes,1,0
CUST-004784,61,93.03,5990.38,50.0,2,Month-to-month,No,Bank transfer,No,No,Yes,No,0,0
CUST-003925,41,120.99,5175.89,67.0,2,Month-to-month,No,Mailed check,No,No,Yes,No,0,1
CUST-004158,14,22.88,305.55,65.0,4,One year,Fiber optic,Bank transfer,Yes,No,Yes,Yes,0,0
CUST-004948,19,86.29,1653.01,72.0,1,Month-to-month,DSL,Mailed check,No,Yes,Yes,No,0,1
CUST-000223,14,131.79,1976.34,30.0,1,One year,Fiber optic,Credit card,No,Yes,Yes,No,1,0
CUST-002193,15,77.0,,36.0,2,Month-to-month,No,Mailed check,No,No,No,No,0,1
CUST-003136,42,40.92,1757.22,46.0,0,Month-to-month,DSL,Electronic check,Yes,No,No,Yes,0,0
CUST-004469,54,27.97,1533.88,55.0,1,Two year,Fiber optic,Electronic check,No,Yes,No,Yes,0,0
CUST-001824,56,86.36,4817.38,58.0,4,One year,No,Electronic check,Yes,No,Yes,No,0,0
CUST-005529,5,31.42,,43.0,1,Month-to-month,Fiber optic,Credit card,No,No,No,No,0,0
CUST-005124,8,96.59,827.45,24.0,1,Two year,Fiber optic,Bank transfer,No,Yes,Yes,No,0,0
CUST-004972,61,83.53,4912.82,55.0,2,Month-to-month,Fiber optic,Mailed check,Yes,Yes,Yes,No,0,1
CUST-000797,33,46.61,1518.69,45.0,3,Two year,DSL,Credit card,Yes,No,No,Yes,1,0
CUST-002871,71,57.23,3896.48,23.0,2,Month-to-month,No,Credit card,No,No,No,No,0,0
CUST-000009,6,65.61,394.27,40.0,0,One year,Fiber optic,Bank transfer,Yes,Yes,No,Yes,0,0
CUST-001944,27,79.46,2217.65,58.0,1,Month-to-month,No,Electronic check,No internet service,Yes,No,No,0,0
CUST-001838,16,15.0,224.32,46.0,2,Month-to-month,No,Electronic check,No internet service,No,No,No,0,0
CUST-004804,50,54.09,2927.31,67.0,0,Two year,No,Mailed check,Yes,Yes,No,No,0,1
CUST-000255,10,56.07,542.51,64.0,2,One year,Fiber optic,Electronic check,No internet service,Yes,Yes,No,0,1
CUST-004485,26,57.65,1501.93,26.0,1,Month-to-month,Fiber optic,Credit card,Yes,No,No,Yes,0,1
CUST-005422,5,15.0,80.2,47.0,3,One year,Fiber optic,Electronic check,No internet service,No,No,No,0,1
CUST-001581,15,67.28,974.19,72.0,4,Month-to-month,DSL,Bank transfer,No,No,No,Yes,0,1
CUST-002956,7,59.13,398.49,54.0,2,Month-to-month,DSL,Credit card,No,No,No,No,0,1
CUST-000924,18,65.26,1098.86,45.0,2,Two year,Fiber optic,Bank transfer,No,Yes,No,No,0,0
CUST-005327,17,26.15,456.84,50.0,1,Two year,No,Credit card,Yes,No,No,No,0,1
CUST-002508,29,31.75,926.31,55.0,2,Month-to-month,No,Mailed check,Yes,Yes,No,Yes,1,1
CUST-005024,63,73.37,4661.14,72.0,1,Month-to-month,DSL,Electronic check,Yes,Yes,Yes,No,0,0
CUST-005320,22,97.79,2159.2,52.0,1,Month-to-month,No,Credit card,Yes,Yes,No,No,0,1
CUST-003775,13,85.03,1181.46,34.0,0,One year,Fiber optic,Electronic check,No,No,No,Yes,0,1
CUST-004835,38,71.14,2957.49,51.0,0,One year,DSL,Mailed check,Yes,No,No,Yes,0,0
CUST-004136,71,75.26,4845.87,63.0,0,One year,Fiber optic,Mailed check,No,No,No,No,0,0
CUST-004964,68,84.9,6671.1,45.0,0,One year,Fiber optic,Bank transfer,Yes,Yes,Yes,Yes,0,0
CUST-002779,3,74.57,232.23,62.0,0,Two year,Fiber optic,Credit card,No,No,No,Yes,0,0
CUST-000539,1,92.39,90.54,77.0,0,Month-to-month,Fiber optic,Electronic check,No,No,Yes,No,1,1
CUST-002745,29,70.79,2048.93,21.0,1,One year,No,Bank transfer,No internet service,Yes,Yes,No,0,0
CUST-005411,34,19.47,686.84,21.0,1,One year,No,Bank transfer,No,No,No,No,0,0
CUST-005854,30,107.16,3268.37,62.0,1,One year,Fiber optic,Credit card,Yes,No,Yes,No,1,1
CUST-001145,35,55.11,1829.44,34.0,2,Two year,DSL,Credit card,No internet service,Yes,Yes,No,0,0
CUST-005127,37,54.8,1907.52,22.0,1,Month-to-month,Fiber optic,Mailed check,Yes,Yes,Yes,No,0,1
CUST-004468,64,103.68,6419.97,,1,Month-to-month,Fiber optic,Mailed check,No,No,Yes,Yes,0,1
CUST-000667,62,89.21,5188.61,64.0,2,Two year,No,Bank transfer,No,Yes,Yes,No,1,1
CUST-003019,54,19.8,1211.16,26.0,0,Month-to-month,No,Bank transfer,Yes,No,No,No,0,0
CUST-000357,65,59.57,3732.14,26.0,2,One year,DSL,Bank transfer,No,Yes,No,No,1,0
CUST-005063,46,116.01,5152.72,31.0,2,Month-to-month,Fiber optic,Electronic check,No,No,Yes,No,0,0
CUST-002831,58,56.31,3193.07,70.0,3,One year,DSL,Electronic check,No,No,Yes,Yes,0,0
CUST-002783,61,64.8,3890.43,39.0,1,Month-to-month,DSL,Credit card,Yes,No,No,No,0,0
CUST-001353,66,47.15,2972.5,68.0,0,One year,Fiber optic,Electronic check,No internet service,Yes,Yes,Yes,0,0
CUST-005131,28,73.21,2209.2,58.0,0,Month-to-month,No,Electronic check,No,Yes,No,No,0,0
CUST-000470,53,91.3,4972.4,26.0,0,Month-to-month,Fiber optic,Credit card,No,Yes,No,No,0,0
CUST-002703,61,76.15,4665.75,71.0,1,One year,Fiber optic,Electronic check,No,No,Yes,No,0,1
CUST-003330,44,48.79,2269.06,57.0,3,One year,Fiber optic,Electronic check,Yes,Yes,Yes,No,0,0
CUST-003637,36,47.37,1640.23,77.0,1,Month-to-month,Fiber optic,Bank transfer,No,No,No,Yes,0,1
CUST-001396,45,20.72,951.32,74.0,0,Month-to-month,Fiber optic,Credit card,Yes,No,Yes,No,0,1
CUST-003584,54,42.93,2355.24,78.0,0,Month-to-month,Fiber optic,Electronic check,No internet service,Yes,No,Yes,0,0
CUST-005399,63,120.95,7817.52,51.0,3,Month-to-month,Fiber optic,Electronic check,Yes,No,No,No,0,1
CUST-005262,42,49.22,2119.59,53.0,3,Month-to-month,No,Electronic check,No internet service,No,Yes,No,0,0
CUST-003376,36,28.83,990.43,26.0,1,Month-to-month,Fiber optic,Electronic check,Yes,No,No,No,0,1
CUST-001256,16,118.04,2074.13,23.0,1,Month-to-month,DSL,Mailed check,Yes,Yes,No,No,0,0
CUST-003512,9,108.04,990.86,75.0,2,Month-to-month,Fiber optic,Credit card,No internet service,No,No,No,0,1
CUST-001250,17,123.9,1916.9,42.0,1,Month-to-month,Fiber optic,Electronic check,No internet service,No,Yes,No,0,0
CUST-005348,22,59.64,1380.75,74.0,2,Two year,DSL,Bank transfer,No,Yes,No,No,0,0
CUST-005785,45,100.09,4496.8,49.0,0,One year,Fiber optic,Credit card,No,Yes,No,Yes,1,0
CUST-004298,2,91.56,176.77,59.0,1,Month-to-month,DSL,Mailed check,No,No,No,No,0,0
CUST-003284,30,48.46,1484.14,62.0,0,Month-to-month,Fiber optic,Electronic check,No,Yes,No,Yes,0,1
CUST-002933,31,57.81,1678.75,30.0,1,One year,Fiber optic,Electronic check,Yes,No,Yes,No,0,0
CUST-004175,25,79.56,2054.59,79.0,0,Two year,DSL,Bank transfer,Yes,Yes,No,Yes,0,0
CUST-005268,51,22.44,1182.47,62.0,0,Month-to-month,DSL,Credit card,No,Yes,No,No,0,0
CUST-004910,69,46.17,3389.28,65.0,2,Month-to-month,Fiber optic,Electronic check,No,Yes,Yes,No,0,1
CUST-001852,33,26.08,733.28,57.0,1,Month-to-month,Fiber optic,Mailed check,No,Yes,Yes,Yes,0,0
CUST-005632,38,42.61,1523.24,20.0,3,Month-to-month,Fiber optic,Credit card,Yes,Yes,No,No,0,0
CUST-005865,41,76.42,3360.9,44.0,2,Month-to-month,Fiber optic,Electronic check,No,Yes,Yes,Yes,0,0
CUST-002105,20,23.71,469.59,24.0,2,Month-to-month,DSL,Electronic check,Yes,No,No,Yes,0,1
CUST-000133,40,71.41,3020.56,76.0,1,Month-to-month,DSL,Credit card,No,Yes,Yes,Yes,0,0
CUST-005236,40,54.71,2188.08,46.0,1,One year,DSL,Mailed check,No,No,Yes,No,0,0
CUST-005029,16,116.3,1724.32,27.0,1,Month-to-month,DSL,Electronic check,Yes,Yes,Yes,No,0,1
CUST-000928,30,82.85,2546.3,54.0,4,Two year,Fiber optic,Credit card,No internet service,Yes,Yes,Yes,1,0
CUST-000823,47,60.03,2784.93,19.0,1,One year,DSL,Credit card,No,Yes,Yes,No,0,0
CUST-005466,2,84.26,187.71,29.0,2,Month-to-month,Fiber optic,Credit card,No,Yes,No,No,0,0
CUST-001531,0,89.65,0.0,71.0,3,Two year,DSL,Bank transfer,No,Yes,Yes,Yes,0,0
CUST-001214,5,114.86,597.14,74.0,1,Month-to-month,Fiber optic,Bank transfer,No,No,Yes,No,0,1
CUST-000504,20,67.5,1464.82,39.0,0,One year,Fiber optic,Credit card,No,No,No,No,0,0
CUST-004285,55,62.87,3847.93,77.0,0,One year,DSL,Electronic check,No internet service,Yes,Yes,Yes,0,0
CUST-001996,40,91.42,3481.47,60.0,2,Month-to-month,DSL,Electronic check,No,No,No,Yes,0,1
CUST-003072,17,78.63,1423.08,59.0,2,Month-to-month,DSL,Electronic check,No,No,Yes,No,1,0
CUST-001958,48,28.32,1481.72,21.0,2,Month-to-month,DSL,Bank transfer,No internet service,Yes,No,No,1,0
CUST-001384,28,51.45,1366.1,53.0,2,One year,Fiber optic,Credit card,No,Yes,No,No,0,1
CUST-000894,54,70.78,4233.57,46.0,2,One year,Fiber optic,Electronic check,No internet service,No,Yes,No,0,0
CUST-004924,24,65.34,1643.21,38.0,0,One year,DSL,Credit card,No,No,Yes,No,1,0
CUST-000455,40,26.27,1201.53,23.0,0,One year,No,Mailed check,No,No,No,Yes,0,0
CUST-003447,41,55.24,2376.66,21.0,1,One year,Fiber optic,Bank transfer,Yes,No,No,No,1,0
CUST-003709,62,50.83,3145.56,51.0,3,One year,Fiber optic,Bank transfer,Yes,Yes,Yes,No,1,1
CUST-005553,47,62.06,2749.09,63.0,2,Month-to-month,DSL,Bank transfer,No internet service,Yes,Yes,Yes,0,1
CUST-004849,65,60.38,3885.37,45.0,3,Month-to-month,DSL,Credit card,Yes,No,No,No,0,0
CUST-004748,63,78.31,4637.83,43.0,1,One year,DSL,Credit card,No,Yes,Yes,No,0,0
CUST-004268,3,83.47,262.61,32.0,4,One year,Fiber optic,Electronic check,No internet service,No,No,Yes,0,0
CUST-003522,60,48.39,2758.73,31.0,0,Month-to-month,No,Mailed check,No internet service,No,No,No,0,0
CUST-004134,72,15.0,1108.96,68.0,3,One year,DSL,Credit card,No,No,No,No,0,0
CUST-003602,11,100.28,1159.89,35.0,1,One year,Fiber optic,Electronic check,No,Yes,Yes,No,0,0
CUST-000713,55,100.58,5348.8,60.0,1,Month-to-month,Fiber optic,Electronic check,No internet service,Yes,No,Yes,0,1
CUST-004186,19,29.77,497.1,20.0,1,Month-to-month,Fiber optic,Bank transfer,No internet service,No,Yes,No,1,0
CUST-002214,8,45.98,406.83,25.0,2,Month-to-month,Fiber optic,Bank transfer,Yes,Yes,No,Yes,0,1
CUST-005301,72,60.91,4543.02,59.0,0,One year,DSL,Mailed check,Yes,Yes,Yes,No,0,0
CUST-002923,39,84.49,3381.77,25.0,0,Two year,DSL,Electronic check,No,No,No,No,0,0
CUST-001810,17,63.04,1023.1,20.0,2,One year,DSL,Bank transfer,Yes,Yes,Yes,Yes,0,1
CUST-003486,24,62.62,1515.34,65.0,0,Two year,Fiber optic,Bank transfer,Yes,No,Yes,No,0,0
CUST-003141,29,66.99,1891.73,56.0,0,Month-to-month,DSL,Electronic check,No,Yes,Yes,Yes,0,1
CUST-001827,71,69.48,4970.5,42.0,1,One year,Fiber optic,Credit card,No,No,No,No,1,0
CUST-001155,42,53.97,2214.51,79.0,2,One year,Fiber optic,Bank transfer,No,Yes,No,No,0,0
CUST-001324,63,92.94,6107.11,49.0,2,Two year,DSL,Mailed check,No,No,No,No,0,0
CUST-004312,25,76.67,2020.38,32.0,2,Month-to-month,No,Electronic check,Yes,No,No,No,0,0
CUST-000510,72,55.66,4019.81,77.0,1,One year,DSL,Bank transfer,Yes,No,Yes,No,1,0
CUST-001680,68,48.35,3233.77,79.0,2,Month-to-month,Fiber optic,Mailed check,No,Yes,No,Yes,0,1
CUST-000499,31,56.48,1766.91,31.0,1,Month-to-month,DSL,Bank transfer,No,No,Yes,Yes,0,1
CUST-005457,28,56.0,1714.23,60.0,1,Month-to-month,Fiber optic,Electronic check,Yes,Yes,No,No,0,0
CUST-001856,27,79.48,1940.21,44.0,1,Month-to-month,DSL,Mailed check,No,No,Yes,No,1,1
CUST-001388,65,67.5,4298.48,22.0,1,Month-to-month,Fiber optic,Mailed check,No,Yes,No,No,1,1
CUST-003719,19,44.07,861.66,78.0,0,Month-to-month,No,Credit card,No,Yes,No,No,1,0
CUST-002386,69,71.33,4660.63,59.0,2,Two year,DSL,Bank transfer,Yes,Yes,Yes,No,0,0
CUST-003236,26,117.08,2968.44,41.0,1,Two year,No,Mailed check,No,No,Yes,No,0,0
CUST-001540,34,87.17,3178.22,79.0,1,One year,Fiber optic,Credit card,No internet service,Yes,Yes,No,1,0
CUST-001217,53,55.1,2924.57,37.0,0,Month-to-month,DSL,Bank transfer,No,Yes,Yes,No,0,0
CUST-002681,7,84.27,558.04,34.0,2,Month-to-month,Fiber optic,Credit card,Yes,Yes,Yes,No,0,0
CUST-002993,62,62.42,3763.95,61.0,0,One year,Fiber optic,Electronic check,Yes,No,No,No,1,1
CUST-001191,20,83.67,1683.43,58.0,1,Month-to-month,DSL,Electronic check,No internet service,Yes,No,No,1,0
CUST-005293,53,79.4,4082.08,62.0,1,Month-to-month,No,Bank transfer,No,Yes,No,No,0,0
CUST-001542,6,77.81,506.5,46.0,2,Month-to-month,No,Electronic check,No,Yes,Yes,No,0,1
CUST-003301,19,61.09,1144.19,27.0,1,Two year,No,Electronic check,No,No,Yes,Yes,0,0
CUST-003324,31,65.31,1983.42,19.0,1,One year,DSL,Mailed check,Yes,Yes,Yes,No,0,0
CUST-002539,36,76.84,2687.98,50.0,1,One year,Fiber optic,Mailed check,Yes,No,Yes,Yes,0,0
CUST-000953,31,40.47,1275.37,28.0,0,One year,DSL,Electronic check,Yes,Yes,Yes,No,0,0
CUST-004846,61,73.67,4484.88,62.0,1,Month-to-month,DSL,Credit card,No internet service,Yes,No,No,0,0
CUST-004330,13,54.49,749.11,29.0,1,Month-to-month,Fiber optic,Credit card,Yes,Yes,Yes,No,1,0
CUST-000732,67,25.45,1721.39,27.0,2,Month-to-month,No,Electronic check,No,No,Yes,Yes,0,1
CUST-001157,62,121.91,7382.11,47.0,2,Month-to-month,No,Electronic check,No internet service,Yes,No,No,1,0
CUST-001156,8,83.87,659.31,19.0,2,Two year,DSL,Mailed check,No,Yes,Yes,No,0,0
CUST-005577,68,35.68,2266.16,26.0,4,Month-to-month,DSL,Credit card,No,No,Yes,No,0,0
CUST-003294,14,87.35,1169.77,35.0,1,Two year,DSL,Credit card,No,Yes,No,No,0,0
CUST-002982,58,72.85,4443.78,45.0,1,One year,Fiber optic,Electronic check,Yes,No,No,No,0,0
CUST-005305,59,75.27,4496.93,48.0,1,Month-to-month,DSL,Mailed check,Yes,Yes,No,No,0,0
CUST-005161,1,32.55,33.36,20.0,2,Month-to-month,DSL,Electronic check,Yes,No,No,Yes,0,0
CUST-002156,32,115.76,3915.98,56.0,3,One year,Fiber optic,Electronic check,No,Yes,No,Yes,0,0
CUST-001062,10,48.03,451.45,52.0,2,Two year,Fiber optic,Bank transfer,No,Yes,No,No,0,0
CUST-002616,72,39.87,2730.94,38.0,3,Two year,No,Electronic check,No,Yes,No,No,1,0
CUST-001167,29,79.12,2539.79,33.0,3,Two year,Fiber optic,Electronic check,No internet service,No,No,No,1,0
CUST-003222,56,117.34,6043.18,49.0,0,Month-to-month,Fiber optic,Bank transfer,No internet service,No,No,No,0,1
CUST-003636,39,33.94,1277.46,74.0,3,Month-to-month,DSL,Bank transfer,No,Yes,No,Yes,1,1
CUST-002938,65,126.2,7913.19,25.0,0,One year,DSL,Credit card,Yes,Yes,Yes,Yes,0,0
CUST-004491,14,70.17,1012.79,36.0,0,Month-to-month,Fiber optic,Electronic check,Yes,Yes,No,No,0,1
CUST-003140,35,72.25,2662.17,39.0,1,Two year,Fiber optic,Electronic check,No,Yes,Yes,Yes,0,0
CUST-004980,65,22.71,1532.18,19.0,2,Two year,Fiber optic,Mailed check,Yes,Yes,Yes,Yes,0,1
CUST-000143,29,64.78,1891.4,64.0,1,Month-to-month,Fiber optic,Bank transfer,Yes,Yes,No,No,0,0
CUST-003577,62,48.7,,62.0,3,Month-to-month,DSL,Bank transfer,No,No,Yes,No,0,0
CUST-004946,27,83.98,2336.92,38.0,3,One year,DSL,Electronic check,Yes,No,Yes,No,0,0
CUST-002782,55,58.97,3106.75,77.0,2,Month-to-month,No,Credit card,Yes,No,No,Yes,0,0
CUST-000717,35,100.74,3322.87,57.0,2,Month-to-month,DSL,Credit card,No,No,No,No,0,1
CUST-001819,21,77.63,1682.43,43.0,2,Month-to-month,No,Credit card,No,No,No,No,0,1
CUST-002502,54,48.13,2310.48,54.0,3,Month-to-month,DSL,Electronic check,Yes,Yes,No,Yes,0,0
CUST-004360,0,74.72,0.0,58.0,1,One year,Fiber optic,Mailed check,Yes,Yes,Yes,No,0,0
CUST-004171,19,60.34,1166.52,64.0,1,Month-to-month,No,Electronic check,Yes,No,Yes,No,0,1
CUST-000395,63,48.15,3217.41,18.0,0,Month-to-month,DSL,Bank transfer,No,Yes,No,No,0,0
CUST-005821,51,86.59,4161.44,75.0,1,One year,DSL,Electronic check,No,No,Yes,Yes,0,0
CUST-004492,50,28.84,1443.95,65.0,2,Month-to-month,No,Credit card,Yes,No,No,Yes,1,1
CUST-001365,1,106.94,103.87,74.0,1,One year,Fiber optic,Bank transfer,No internet service,No,Yes,No,0,0
CUST-005483,61,88.41,5767.56,42.0,1,One year,Fiber optic,Credit card,No internet service,No,No,No,1,0
CUST-000595,58,26.49,1572.48,76.0,2,Month-to-month,Fiber optic,Electronic check,Yes,Yes,Yes,No,0,0
CUST-003952,53,69.06,3652.29,57.0,0,One year,Fiber optic,Electronic check,No,Yes,No,Yes,0,1
CUST-005392,58,78.6,,55.0,1,Month-to-month,Fiber optic,Mailed check,No internet service,Yes,Yes,No,0,1
CUST-004968,2,86.15,173.23,27.0,1,Month-to-month,DSL,Credit card,No,Yes,Yes,Yes,1,0
CUST-002914,29,101.15,3084.04,44.0,0,Two year,DSL,Credit card,,Yes,Yes,No,0,0
CUST-002326,24,70.98,1676.87,44.0,1,Two year,Fiber optic,Bank transfer,No internet service,Yes,No,Yes,0,1
CUST-003766,49,88.74,4593.76,77.0,1,Month-to-month,Fiber optic,Electronic check,No internet service,Yes,No,No,0,1
CUST-003440,69,68.16,4488.22,42.0,2,Two year,Fiber optic,Credit card,No,No,Yes,No,0,0
CUST-003851,3,55.85,181.49,41.0,0,Month-to-month,Fiber optic,Credit card,Yes,No,Yes,No,0,1
CUST-004132,53,75.97,4253.52,33.0,1,One year,DSL,Electronic check,No,Yes,No,Yes,0,0
CUST-005519,38,39.26,1489.41,35.0,1,Month-to-month,DSL,Mailed check,No,Yes,Yes,No,1,1
CUST-002143,44,75.39,3205.29,52.0,1,Month-to-month,No,Mailed check,No,Yes,Yes,No,0,1
CUST-005550,43,93.5,4094.47,53.0,0,One year,No,Bank transfer,No,Yes,No,No,0,0
CUST-005073,57,67.48,3710.11,43.0,2,One year,Fiber optic,Bank transfer,No,Yes,No,No,0,0
CUST-001571,26,47.47,1212.65,49.0,2,Month-to-month,DSL,Credit card,Yes,Yes,No,No,0,1
CUST-004079,55,54.97,2867.57,71.0,0,Two year,No,Mailed check,Yes,Yes,No,No,0,0
CUST-001122,19,74.39,1467.62,37.0,3,Month-to-month,Fiber optic,Bank transfer,Yes,No,No,No,0,0
CUST-002786,20,76.81,1601.21,31.0,1,Month-to-month,Fiber optic,Bank transfer,No,Yes,No,Yes,0,1
CUST-002967,16,66.28,,21.0,2,Month-to-month,DSL,Electronic check,Yes,No,Yes,No,0,0
CUST-002504,3,63.1,175.88,30.0,4,One year,Fiber optic,Electronic check,Yes,No,No,No,1,0
CUST-003465,54,39.3,2103.38,32.0,3,Two year,Fiber optic,Credit card,Yes,Yes,Yes,No,0,0
CUST-000675,52,84.66,4685.3,,0,Month-to-month,No,Electronic check,Yes,No,Yes,No,1,1
CUST-002808,57,93.31,5210.35,27.0,2,Month-to-month,Fiber optic,Electronic check,No,Yes,Yes,No,0,1
CUST-003348,8,129.3,1046.99,25.0,2,Month-to-month,Fiber optic,Bank transfer,No,No,Yes,No,0,1
CUST-000728,35,75.06,2557.07,46.0,1,Month-to-month,DSL,Credit card,,Yes,Yes,No,0,0
CUST-000412,20,59.19,1277.94,21.0,0,Month-to-month,DSL,Credit card,Yes,Yes,No,No,0,0
CUST-003146,46,28.77,1293.16,57.0,0,Two year,No,Mailed check,No,No,No,No,0,0
CUST-001516,35,65.17,2339.49,54.0,1,One year,Fiber optic,Credit card,Yes,No,No,No,0,0
CUST-000825,6,74.93,473.19,40.0,1,One year,Fiber optic,Electronic check,Yes,No,Yes,No,0,1
CUST-003267,50,102.26,5084.1,47.0,0,Month-to-month,No,Mailed check,No,No,Yes,Yes,0,1
CUST-003974,6,65.98,417.31,35.0,4,Month-to-month,No,Mailed check,No,No,No,Yes,1,0
CUST-000616,18,79.21,1447.56,55.0,0,One year,DSL,Bank transfer,Yes,No,Yes,No,0,0
CUST-000114,36,78.07,2897.31,51.0,2,One year,Fiber optic,Mailed check,No,Yes,No,Yes,0,0
CUST-000417,8,66.62,574.81,39.0,3,Two year,No,Bank transfer,No,Yes,No,Yes,1,0
CUST-003069,5,86.6,466.73,24.0,0,Month-to-month,No,Credit card,No,No,No,No,1,1
CUST-001625,72,84.79,5828.99,64.0,1,Month-to-month,DSL,Credit card,No internet service,Yes,Yes,No,0,0
CUST-005964,54,97.5,5527.9,79.0,0,Month-to-month,DSL,Electronic check,No,Yes,Yes,No,0,1
CUST-004185,41,56.0,2411.27,45.0,2,Month-to-month,No,Electronic check,Yes,No,Yes,No,0,0
CUST-002896,48,51.53,2392.55,46.0,1,Month-to-month,No,Electronic check,No,Yes,Yes,No,0,0
CUST-005622,14,39.12,543.88,64.0,2,Two year,DSL,Bank transfer,Yes,No,Yes,No,0,0
CUST-002082,23,54.52,1249.45,64.0,0,Two year,Fiber optic,Electronic check,Yes,Yes,Yes,No,0,0
CUST-000753,68,34.68,2308.11,74.0,1,Two year,DSL,Mailed check,No,Yes,Yes,Yes,0,0
CUST-002546,58,40.36,2234.24,59.0,1,Month-to-month,Fiber optic,Bank transfer,Yes,No,Yes,No,1,0
CUST-003969,45,46.67,2232.03,23.0,2,Month-to-month,No,Bank transfer,No,No,Yes,No,0,0
CUST-003373,36,20.95,772.59,65.0,1,Two year,Fiber optic,Electronic check,Yes,No,Yes,No,0,1
CUST-004107,61,68.18,4358.38,28.0,2,One year,DSL,Mailed check,Yes,Yes,Yes,No,0,1
CUST-002444,43,57.08,2510.66,73.0,3,Two year,Fiber optic,Electronic check,No internet service,Yes,Yes,No,0,0
CUST-004380,68,69.42,4795.28,28.0,5,Month-to-month,DSL,Electronic check,No internet service,Yes,Yes,No,1,0
CUST-001066,67,33.67,2451.96,33.0,3,Month-to-month,DSL,Bank transfer,,Yes,No,No,1,0
CUST-003913,40,57.52,2400.2,71.0,1,Month-to-month,No,Electronic check,No,Yes,No,No,0,1
CUST-005287,62,33.65,2097.12,37.0,1,One year,Fiber optic,Electronic check,No,Yes,Yes,Yes,1,0
CUST-005387,72,82.42,5908.14,75.0,1,Month-to-month,Fiber optic,Credit card,Yes,Yes,No,No,0,0
CUST-003498,8,69.93,586.77,23.0,0,Month-to-month,No,Electronic check,No,Yes,No,No,1,1
CUST-002738,35,74.65,2585.59,23.0,2,Month-to-month,Fiber optic,Electronic check,Yes,Yes,Yes,No,0,1
CUST-005052,70,68.66,4735.84,47.0,1,Month-to-month,Fiber optic,Bank transfer,No internet service,Yes,Yes,No,0,1
CUST-004000,23,69.75,1720.23,62.0,1,Month-to-month,No,Bank transfer,Yes,Yes,No,No,1,0
CUST-001568,66,92.14,6243.75,31.0,4,Month-to-month,Fiber optic,Bank transfer,No,Yes,No,No,0,1
CUST-002427,28,52.46,,58.0,1,Month-to-month,Fiber optic,Bank transfer,No,Yes,No,Yes,0,1
CUST-003746,32,109.32,3475.23,78.0,1,Month-to-month,DSL,Credit card,No,No,Yes,No,0,0
CUST-005898,47,62.06,3304.98,34.0,1,Month-to-month,No,Credit card,No internet service,Yes,Yes,No,0,0
CUST-001687,29,37.35,1060.77,68.0,0,Month-to-month,Fiber optic,Bank transfer,No,Yes,No,Yes,0,1
CUST-000851,58,110.62,6032.66,57.0,4,Two year,DSL,Credit card,Yes,Yes,No,No,0,0
CUST-003546,29,58.81,1662.35,55.0,0,One year,No,Mailed check,No,Yes,Yes,No,0,1
CUST-000895,44,70.88,2938.5,24.0,2,Month-to-month,Fiber optic,Bank transfer,No,Yes,No,No,0,1
CUST-004592,5,102.24,511.88,38.0,3,Month-to-month,DSL,Electronic check,No,No,Yes,No,0,1
CUST-000335,59,57.17,3305.46,52.0,3,One year,Fiber optic,Bank transfer,Yes,Yes,No,No,0,0
CUST-002839,70,63.64,4512.1,29.0,0,One year,Fiber optic,Electronic check,No internet service,No,Yes,Yes,0,0
CUST-003087,12,62.6,736.53,72.0,1,Month-to-month,DSL,Electronic check,No,Yes,Yes,No,0,0
CUST-004611,23,30.17,739.77,51.0,2,Two year,Fiber optic,Electronic check,Yes,No,No,No,0,0
CUST-001348,53,15.0,781.89,54.0,0,Month-to-month,Fiber optic,Electronic check,No,Yes,No,No,0,1
CUST-001015,61,63.61,3884.35,67.0,0,One year,DSL,Electronic check,Yes,Yes,Yes,No,0,0
CUST-002816,49,61.75,2928.6,31.0,1,Month-to-month,DSL,Credit card,No,No,No,No,1,0
CUST-001631,65,77.53,,38.0,0,Month-to-month,No,Electronic check,Yes,Yes,No,No,1,0
CUST-002489,26,60.54,1740.71,26.0,0,Month-to-month,No,Electronic check,Yes,No,No,No,1,1
CUST-003730,52,62.56,3056.96,20.0,0,Month-to-month,Fiber optic,Electronic check,No,Yes,No,No,1,0
CUST-003251,54,90.24,5112.72,67.0,2,Two year,Fiber optic,Credit card,No,Yes,No,No,0,0
CUST-005904,13,54.66,783.73,56.0,0,One year,No,Mailed check,Yes,Yes,Yes,No,0,0
CUST-002070,13,75.71,932.52,54.0,0,Two year,Fiber optic,Credit card,No internet service,Yes,Yes,No,0,0
CUST-004452,34,60.96,2170.28,31.0,2,One year,DSL,Electronic check,No,Yes,No,No,0,1
CUST-005882,60,53.77,3270.47,28.0,4,Month-to-month,No,Electronic check,Yes,No,No,No,0,1
CUST-005408,40,64.22,2654.76,31.0,2,One year,Fiber optic,Electronic check,Yes,No,Yes,Yes,0,1
CUST-001635,39,81.05,3029.77,45.0,1,Two year,Fiber optic,Bank transfer,No,Yes,Yes,No,0,1
CUST-004646,54,64.51,3848.84,65.0,1,Month-to-month,Fiber optic,Credit card,No internet service,Yes,No,Yes,0,1
CUST-002479,9,51.62,469.35,68.0,0,One year,Fiber optic,Mailed check,Yes,Yes,No,No,0,0
CUST-002265,6,50.0,313.45,64.0,0,One year,DSL,Mailed check,No,No,No,No,0,1
CUST-002959,34,114.96,3921.36,53.0,2,One year,DSL,Mailed check,No,No,Yes,Yes,0,0
CUST-005323,28,79.34,2268.19,59.0,6,Month-to-month,DSL,Bank transfer,No,No,Yes,No,0,0
CUST-005693,16,50.69,860.57,75.0,1,Month-to-month,DSL,Electronic check,Yes,No,Yes,No,1,0
CUST-003059,19,71.08,1373.17,64.0,1,One year,Fiber optic,Bank transfer,No internet service,Yes,Yes,No,0,0
CUST-005053,66,63.19,4375.91,45.0,1,Month-to-month,No,Bank transfer,No,Yes,No,No,0,0
CUST-002141,63,95.97,5980.67,61.0,2,Month-to-month,Fiber optic,Bank transfer,No,No,No,No,0,1
CUST-005104,7,30.4,196.37,79.0,0,Month-to-month,DSL,Bank transfer,No,Yes,No,No,0,0
CUST-003118,1,54.98,54.79,39.0,1,Month-to-month,Fiber optic,Bank transfer,No internet service,No,Yes,Yes,0,0
CUST-005188,59,88.06,5374.5,72.0,2,Month-to-month,DSL,Electronic check,Yes,No,Yes,No,0,0
CUST-005817,67,19.4,1301.74,23.0,0,Month-to-month,No,Credit card,No internet service,No,Yes,Yes,0,0
CUST-004045,1,114.23,109.95,18.0,2,One year,No,Electronic check,Yes,Yes,No,No,1,0
CUST-003356,4,43.56,163.18,28.0,2,Two year,DSL,Electronic check,Yes,Yes,Yes,Yes,0,0
CUST-002744,14,74.57,1140.24,61.0,0,Month-to-month,DSL,Bank transfer,No,Yes,Yes,No,0,0
CUST-005092,3,80.36,252.14,59.0,1,Two year,DSL,Bank transfer,No,No,No,No,0,0
CUST-003506,61,100.49,5742.73,37.0,4,Two year,Fiber optic,Bank transfer,No,No,Yes,No,1,0
CUST-001679,37,54.43,2196.12,55.0,0,Two year,Fiber optic,Electronic check,Yes,Yes,No,No,0,0
CUST-004249,27,53.97,1530.25,21.0,1,Two year,Fiber optic,Mailed check,No,No,No,No,0,0
CUST-003147,61,44.69,2538.19,65.0,2,One year,DSL,Electronic check,No,Yes,Yes,No,0,0
CUST-002294,52,58.12,2964.86,21.0,2,One year,Fiber optic,Mailed check,Yes,No,No,No,0,0
CUST-000580,6,91.89,502.64,75.0,0,Two year,DSL,Mailed check,Yes,Yes,Yes,Yes,0,0
CUST-001470,65,103.68,6610.82,35.0,1,One year,Fiber optic,Mailed check,No,Yes,Yes,No,1,1
CUST-004799,40,41.19,1662.42,70.0,1,Two year,Fiber optic,Credit card,No,Yes,Yes,Yes,0,1
CUST-004070,7,59.8,377.12,70.0,0,One year,No,Electronic check,No internet service,Yes,No,No,1,1
CUST-005308,4,40.03,160.37,60.0,3,One year,Fiber optic,Electronic check,No,Yes,Yes,Yes,0,0
CUST-003343,45,83.59,3762.51,22.0,2,One year,No,Bank transfer,Yes,No,Yes,No,0,1
CUST-004992,72,25.06,1741.85,41.0,2,One year,DSL,Electronic check,Yes,Yes,No,No,1,0
CUST-004583,51,84.78,4095.05,51.0,2,Month-to-month,Fiber optic,Electronic check,No internet service,Yes,No,No,1,1
CUST-003672,42,31.39,1273.01,22.0,0,Two year,Fiber optic,Electronic check,No,Yes,No,Yes,0,0
CUST-000559,62,57.95,3661.3,30.0,2,Two year,DSL,Mailed check,No internet service,No,No,Yes,0,1
CUST-005237,60,47.82,2997.37,22.0,1,Two year,DSL,Credit card,No,Yes,No,No,0,0
CUST-005215,16,76.1,1287.04,25.0,0,One year,DSL,Mailed check,Yes,No,Yes,No,0,0
CUST-002849,26,35.4,915.52,38.0,0,One year,No,Mailed check,Yes,Yes,No,No,0,0
CUST-000512,61,56.78,3285.5,29.0,1,Two year,Fiber optic,Mailed check,No,Yes,Yes,No,0,1
CUST-004729,48,49.47,2286.96,71.0,2,Month-to-month,Fiber optic,Electronic check,No internet service,Yes,Yes,No,0,0
CUST-001081,72,69.27,4864.72,26.0,2,Month-to-month,No,Credit card,No,Yes,No,No,0,0
CUST-001664,38,73.26,2727.92,49.0,2,Two year,Fiber optic,Bank transfer,No internet service,No,Yes,Yes,0,0
CUST-001012,17,63.74,1071.14,20.0,0,Month-to-month,DSL,Credit card,No,No,Yes,Yes,0,0
CUST-001931,35,43.24,1717.61,40.0,1,Month-to-month,DSL,Electronic check,No,Yes,No,No,0,1
CUST-001150,27,55.73,1578.49,23.0,0,Two year,DSL,Bank transfer,No,No,No,No,0,0
CUST-002838,15,79.63,1128.16,62.0,2,Month-to-month,DSL,Electronic check,Yes,Yes,No,No,1,0
CUST-000116,2,100.59,197.59,64.0,2,Month-to-month,Fiber optic,Credit card,No,Yes,Yes,No,0,0
CUST-000740,59,16.69,900.52,46.0,0,Month-to-month,No,Electronic check,No internet service,No,No,Yes,1,1
CUST-005784,41,100.5,3856.14,47.0,0,Month-to-month,Fiber optic,Mailed check,No,Yes,Yes,No,0,0
CUST-005177,32,62.24,1865.78,77.0,0,Month-to-month,DSL,Electronic check,No,Yes,No,No,0,0
CUST-003675,31,80.59,2710.72,34.0,2,Month-to-month,Fiber optic,Credit card,No,No,Yes,No,1,1
CUST-000830,17,79.76,1385.32,47.0,1,Two year,No,Credit card,No,No,No,Yes,0,0
CUST-000119,8,42.41,343.43,39.0,1,Two year,No,Electronic check,No internet service,No,Yes,Yes,0,0
CUST-004752,58,27.02,1519.61,23.0,2,Two year,Fiber optic,Electronic check,No,Yes,No,Yes,0,0
CUST-005750,64,64.34,4571.83,75.0,5,Month-to-month,DSL,Mailed check,No,Yes,Yes,No,0,1
CUST-005702,20,70.63,1441.37,41.0,0,One year,Fiber optic,Mailed check,Yes,No,Yes,Yes,0,0
CUST-005953,47,61.0,2843.97,42.0,2,One year,DSL,Electronic check,No,Yes,No,No,0,0
CUST-000635,50,77.27,3816.23,19.0,2,Two year,DSL,Electronic check,No internet service,No,Yes,No,0,0
CUST-004465,6,45.9,285.49,73.0,1,Month-to-month,No,Mailed check,No,Yes,No,No,1,1
CUST-004364,42,58.87,2466.25,24.0,0,Month-to-month,DSL,Credit card,Yes,Yes,Yes,No,0,1
CUST-004142,11,15.0,179.6,76.0,1,Month-to-month,Fiber optic,Mailed check,No,No,No,No,0,1
CUST-000991,40,65.31,2665.0,36.0,2,Two year,DSL,Credit card,No,Yes,Yes,No,0,0
CUST-000876,39,75.08,3128.74,77.0,1,Month-to-month,Fiber optic,Electronic check,No,Yes,Yes,No,0,1
CUST-004869,50,61.35,3468.43,59.0,3,Two year,Fiber optic,Electronic check,No,Yes,No,No,1,0
CUST-005315,41,97.72,4457.82,43.0,0,One year,Fiber optic,Bank transfer,Yes,No,Yes,Yes,1,0
CUST-005222,67,39.53,2462.55,65.0,4,Month-to-month,Fiber optic,Mailed check,Yes,No,No,No,1,0
CUST-000004,31,100.54,3129.44,46.0,0,Month-to-month,DSL,Mailed check,No internet service,Yes,No,No,0,0
CUST-003051,12,15.0,,24.0,0,One year,Fiber optic,Bank transfer,No internet service,Yes,No,Yes,0,0
CUST-003124,32,38.7,1212.21,54.0,3,Month-to-month,Fiber optic,Electronic check,No internet service,Yes,No,No,0,1
CUST-002660,31,74.83,2213.92,35.0,2,One year,Fiber optic,Bank transfer,Yes,No,No,No,0,0
CUST-002491,19,82.89,1544.68,29.0,2,Month-to-month,No,Bank transfer,No,No,Yes,Yes,0,1
CUST-005173,24,82.81,2022.78,71.0,0,Month-to-month,No,Electronic check,Yes,Yes,Yes,No,0,1
CUST-003854,35,48.85,1573.0,43.0,1,One year,Fiber optic,Electronic check,No internet service,Yes,No,Yes,0,0
CUST-004933,60,60.86,3453.28,22.0,1,Two year,DSL,Electronic check,Yes,Yes,Yes,Yes,0,0
CUST-004777,54,50.91,2896.55,21.0,0,One year,DSL,Electronic check,Yes,Yes,Yes,No,1,0
CUST-001715,64,69.25,4371.76,62.0,1,Two year,DSL,Bank transfer,No internet service,Yes,No,Yes,0,0
CUST-001148,50,86.52,4660.52,55.0,1,Month-to-month,No,Mailed check,Yes,Yes,No,No,1,1
CUST-003261,34,53.61,1754.74,27.0,2,Two year,No,Electronic check,No,Yes,Yes,No,0,0
CUST-000574,0,76.19,0.0,62.0,0,Two year,No,Electronic check,No,Yes,Yes,No,0,0
CUST-003769,24,31.87,747.78,48.0,0,One year,DSL,Electronic check,No,Yes,No,No,1,0
CUST-003736,27,42.23,1161.26,65.0,0,One year,Fiber optic,Electronic check,Yes,Yes,Yes,Yes,0,0
CUST-004146,30,73.41,2051.69,77.0,1,Month-to-month,Fiber optic,Bank transfer,No,No,No,No,0,0
CUST-000853,17,56.77,1012.48,25.0,1,Two year,No,Electronic check,No internet service,Yes,No,No,0,0
CUST-001982,3,67.56,209.71,34.0,0,Month-to-month,Fiber optic,Bank transfer,No internet service,Yes,No,No,1,1
CUST-002774,39,75.77,3230.39,76.0,0,Month-to-month,DSL,Electronic check,Yes,No,No,Yes,0,0
CUST-004929,16,39.39,609.53,23.0,2,Month-to-month,Fiber optic,Electronic check,No internet service,No,No,No,1,0
CUST-005211,10,32.82,323.43,65.0,2,One year,DSL,Bank transfer,No,No,Yes,No,0,0
CUST-001166,1,59.51,62.86,35.0,0,Month-to-month,No,Electronic check,No internet service,Yes,No,No,0,0
CUST-000971,30,24.54,742.89,58.0,1,Month-to-month,Fiber optic,Credit card,Yes,Yes,Yes,No,0,1
CUST-002701,58,64.78,3403.72,73.0,2,Two year,No,Bank transfer,No,Yes,Yes,Yes,0,0
CUST-004495,45,60.84,2840.64,46.0,0,Month-to-month,Fiber optic,Mailed check,No,Yes,Yes,No,0,0
CUST-003847,26,93.87,2430.89,44.0,4,Two year,DSL,Electronic check,No internet service,Yes,No,Yes,0,0
CUST-002368,11,44.76,476.38,46.0,1,Month-to-month,Fiber optic,Electronic check,No,No,No,No,0,1
CUST-004115,34,71.85,2433.47,25.0,0,Two year,DSL,Bank transfer,No,Yes,No,No,0,1
CUST-004780,62,47.48,2960.47,21.0,3,One year,DSL,Bank transfer,No,No,No,No,0,0
CUST-004131,67,104.48,7031.14,25.0,2,Month-to-month,No,Mailed check,Yes,Yes,No,No,1,0
CUST-002950,2,63.5,115.13,18.0,2,One year,No,Mailed check,Yes,Yes,No,No,0,1
CUST-005625,50,61.76,3014.21,64.0,0,Month-to-month,Fiber optic,Bank transfer,No,Yes,No,No,0,0
CUST-000524,23,41.42,911.88,64.0,1,Month-to-month,No,Bank transfer,Yes,Yes,Yes,Yes,0,1
CUST-002455,34,41.73,1382.72,19.0,2,Two year,Fiber optic,Electronic check,No,Yes,Yes,Yes,1,0
CUST-005016,4,96.94,416.75,76.0,0,One year,No,Mailed check,Yes,No,No,Yes,1,0
CUST-001841,7,59.07,429.12,53.0,2,One year,Fiber optic,Credit card,No internet service,Yes,No,No,0,0
CUST-000537,8,26.37,208.63,33.0,2,One year,Fiber optic,Mailed check,No,Yes,Yes,Yes,0,0
CUST-002806,21,93.36,1899.45,21.0,3,Two year,No,Electronic check,No,No,No,Yes,0,0
CUST-005596,38,78.9,2975.54,41.0,2,Month-to-month,Fiber optic,Bank transfer,No internet service,Yes,Yes,No,1,1
CUST-004341,30,39.58,1175.93,24.0,2,Two year,DSL,Mailed check,No internet service,No,No,No,1,0
CUST-003175,40,97.63,4121.27,20.0,4,Month-to-month,Fiber optic,Credit card,No,Yes,Yes,Yes,1,1
CUST-000784,34,76.12,2669.49,46.0,1,Month-to-month,Fiber optic,Bank transfer,Yes,No,No,No,1,0
CUST-004057,38,51.8,1903.17,67.0,2,Month-to-month,DSL,Electronic check,Yes,Yes,No,Yes,0,1
CUST-001409,20,62.97,1212.89,41.0,1,Month-to-month,Fiber optic,Credit card,Yes,Yes,No,No,0,1
CUST-002537,36,57.57,2178.79,26.0,2,Month-to-month,DSL,Electronic check,No internet service,Yes,Yes,No,0,0
CUST-000154,31,42.37,1339.06,72.0,2,One year,No,Mailed check,No internet service,No,Yes,No,0,0
CUST-003009,59,81.58,4843.69,34.0,2,One year,Fiber optic,Credit card,No internet service,Yes,Yes,No,0,0
CUST-001686,31,79.77,2373.92,49.0,2,Month-to-month,Fiber optic,Bank transfer,Yes,Yes,No,No,0,1
CUST-002901,58,60.63,3567.05,67.0,3,Month-to-month,Fiber optic,Electronic check,Yes,Yes,No,No,0,1
CUST-005963,20,87.25,1872.74,68.0,1,One year,Fiber optic,Mailed check,No,Yes,No,No,1,0
CUST-004721,60,80.83,4419.06,72.0,1,Month-to-month,DSL,Bank transfer,No,No,No,Yes,0,0
CUST-003863,44,56.29,2471.99,37.0,1,Month-to-month,Fiber optic,Electronic check,No,No,No,No,0,1
CUST-002733,15,72.94,1141.2,52.0,0,Month-to-month,DSL,Mailed check,No,Yes,Yes,No,0,0
CUST-001895,62,97.1,6033.65,24.0,0,One year,DSL,Electronic check,No internet service,Yes,No,No,1,0
CUST-005442,67,88.0,6302.42,63.0,2,Month-to-month,Fiber optic,Electronic check,Yes,No,No,Yes,0,1
CUST-000569,41,80.9,3219.38,60.0,1,Month-to-month,Fiber optic,Credit card,Yes,Yes,No,Yes,0,1
CUST-001816,17,21.29,367.95,37.0,2,Month-to-month,DSL,Credit card,No internet service,No,Yes,Yes,0,1
CUST-002065,37,66.24,2491.18,23.0,3,Two year,Fiber optic,Credit card,No,No,Yes,Yes,0,0
CUST-000127,55,94.46,5080.78,43.0,0,Month-to-month,No,Credit card,No internet service,Yes,Yes,Yes,0,0
CUST-003394,24,54.11,1262.91,44.0,2,Month-to-month,DSL,Electronic check,Yes,Yes,Yes,Yes,1,0
CUST-003327,15,50.92,760.73,36.0,0,Two year,Fiber optic,Mailed check,Yes,No,Yes,Yes,0,0
CUST-000943,34,36.92,1313.61,45.0,0,Month-to-month,Fiber optic,Mailed check,Yes,Yes,No,No,0,0
CUST-002975,34,82.92,3122.72,36.0,1,Month-to-month,DSL,Electronic check,Yes,No,Yes,No,0,0
CUST-000980,43,31.99,1333.34,38.0,0,Month-to-month,Fiber optic,Bank transfer,Yes,Yes,Yes,No,0,1
CUST-002300,19,116.12,2381.97,68.0,3,Month-to-month,DSL,Electronic check,No,Yes,Yes,No,0,0
CUST-000190,49,78.65,3838.9,58.0,2,Two year,Fiber optic,Mailed check,No internet service,Yes,No,No,0,0
CUST-001139,39,60.99,2590.65,67.0,4,Two year,No,Electronic check,No internet service,No,No,No,1,0
CUST-005088,10,28.36,287.31,36.0,0,One year,Fiber optic,Bank transfer,Yes,Yes,Yes,No,0,0
CUST-000699,6,48.68,,54.0,0,Month-to-month,Fiber optic,Credit card,Yes,No,Yes,Yes,0,1
CUST-005751,15,122.01,1781.18,31.0,1,Month-to-month,DSL,Mailed check,Yes,No,No,No,1,1
CUST-000606,23,44.65,1103.61,60.0,0,One year,DSL,Electronic check,No internet service,No,No,Yes,0,0
CUST-004276,4,66.0,252.1,47.0,1,One year,Fiber optic,Electronic check,Yes,No,No,No,0,1
CUST-000301,60,52.88,3408.62,27.0,1,Month-to-month,DSL,Electronic check,No internet service,No,Yes,No,1,0
CUST-003420,37,50.51,1652.95,50.0,2,Month-to-month,Fiber optic,Electronic check,Yes,Yes,No,No,0,0
CUST-005798,41,64.43,2709.25,37.0,2,Month-to-month,DSL,Electronic check,No,No,No,No,1,1
CUST-001060,56,47.74,2664.32,22.0,2,Month-to-month,Fiber optic,Credit card,No,Yes,No,No,0,0
CUST-002565,31,83.08,2713.5,24.0,4,Month-to-month,Fiber optic,Bank transfer,No,Yes,Yes,No,1,0
CUST-002142,70,65.98,4787.68,35.0,2,Two year,Fiber optic,Electronic check,Yes,No,Yes,No,0,0
CUST-001069,0,71.83,0.0,43.0,1,One year,Fiber optic,Mailed check,No,Yes,Yes,No,1,1
CUST-002524,4,96.86,398.06,23.0,0,Month-to-month,Fiber optic,Bank transfer,Yes,No,No,Yes,0,1
CUST-002205,58,50.47,2969.38,20.0,1,Month-to-month,Fiber optic,Bank transfer,Yes,No,No,No,0,0
CUST-001243,35,75.25,2578.54,50.0,0,Month-to-month,DSL,Bank transfer,No,Yes,No,No,0,1
CUST-000016,37,94.23,3358.08,60.0,3,Month-to-month,DSL,Electronic check,Yes,No,Yes,Yes,0,0
CUST-003120,45,114.73,5407.84,62.0,0,Two year,DSL,Bank transfer,Yes,No,No,No,0,0
CUST-005540,20,102.56,2066.08,39.0,3,One year,DSL,Bank transfer,Yes,No,Yes,No,0,1
CUST-004642,69,60.18,3741.88,21.0,2,Two year,Fiber optic,Electronic check,No internet service,Yes,No,No,0,0
CUST-004754,15,77.58,1306.06,57.0,4,Month-to-month,DSL,Electronic check,No internet service,Yes,No,No,0,0
CUST-000815,61,46.83,2762.2,25.0,1,Month-to-month,No,Electronic check,No,Yes,No,Yes,0,0
CUST-003067,51,70.63,3669.23,64.0,0,One year,DSL,Bank transfer,No,Yes,No,Yes,0,0
CUST-005756,24,79.8,1887.41,55.0,1,One year,DSL,Mailed check,No,No,No,Yes,0,0
CUST-005600,24,69.85,1628.86,36.0,1,One year,DSL,Credit card,Yes,No,Yes,No,0,0
CUST-000959,30,15.0,471.65,64.0,1,One year,DSL,Electronic check,Yes,Yes,No,No,0,0
CUST-004893,3,81.83,231.58,44.0,0,Month-to-month,No,Electronic check,No,Yes,No,No,0,1
CUST-000225,22,28.58,624.29,51.0,1,Month-to-month,Fiber optic,Electronic check,Yes,Yes,No,No,0,1
CUST-003354,71,41.1,2849.35,79.0,0,One year,No,Electronic check,No internet service,No,Yes,No,0,1
CUST-002485,26,58.53,1616.34,57.0,1,Month-to-month,No,Credit card,No internet service,No,Yes,No,0,1
CUST-000562,35,63.96,2292.97,76.0,0,Month-to-month,DSL,Bank transfer,Yes,Yes,Yes,Yes,0,1
CUST-003436,21,105.27,2233.85,69.0,0,Two year,DSL,Credit card,No,Yes,Yes,No,0,0
CUST-001693,28,51.51,1559.19,36.0,1,Month-to-month,DSL,Credit card,No internet service,Yes,Yes,Yes,0,0
CUST-001045,11,83.61,941.12,77.0,1,Month-to-month,Fiber optic,Credit card,No,Yes,Yes,Yes,1,1
CUST-003446,23,63.56,1528.18,23.0,3,Two year,No,Mailed check,Yes,Yes,Yes,No,0,0
CUST-004565,24,52.16,1263.95,69.0,1,Month-to-month,Fiber optic,Credit card,No,Yes,Yes,No,0,0
CUST-000954,57,54.66,2704.56,63.0,0,Two year,Fiber optic,Bank transfer,Yes,Yes,No,No,0,0
CUST-005534,6,35.79,226.53,28.0,1,Month-to-month,DSL,Electronic check,No,Yes,Yes,No,0,0
CUST-002735,10,48.83,460.93,66.0,2,One year,Fiber optic,Electronic check,No internet service,No,Yes,Yes,0,0
CUST-005908,58,39.09,2470.94,26.0,1,Two year,Fiber optic,Mailed check,No,No,No,No,0,0
CUST-004735,30,88.15,2633.84,79.0,1,Two year,DSL,Credit card,Yes,No,No,No,0,0
CUST-005801,28,58.73,1571.5,25.0,0,Month-to-month,Fiber optic,Bank transfer,No,Yes,Yes,No,0,1
CUST-001218,59,101.36,5880.33,67.0,0,Two year,No,Mailed check,Yes,Yes,No,No,0,1
CUST-005254,25,38.25,927.94,30.0,0,Month-to-month,Fiber optic,Bank transfer,No,Yes,Yes,No,0,1
CUST-005511,58,82.72,4901.81,77.0,2,Two year,Fiber optic,Bank transfer,No internet service,Yes,Yes,No,1,1
CUST-001527,10,74.54,760.38,66.0,2,Month-to-month,DSL,Bank transfer,No,Yes,No,No,0,0
CUST-003987,5,100.1,462.26,74.0,1,Month-to-month,Fiber optic,Electronic check,No,Yes,Yes,No,0,1
CUST-005944,18,31.26,538.04,24.0,2,Two year,DSL,Electronic check,No,No,No,No,1,0
CUST-001300,55,100.19,5346.46,51.0,1,Month-to-month,Fiber optic,Electronic check,Yes,No,Yes,Yes,0,0
CUST-005893,23,70.1,1462.23,49.0,0,Two year,No,Credit card,Yes,Yes,Yes,Yes,0,0
CUST-005699,27,46.28,1326.67,40.0,3,Month-to-month,DSL,Bank transfer,No,No,No,Yes,0,1
CUST-000160,72,45.4,3379.53,41.0,3,Month-to-month,Fiber optic,Credit card,No internet service,Yes,Yes,No,0,1
CUST-004067,30,28.48,907.82,61.0,3,Month-to-month,DSL,Electronic check,No internet service,No,No,Yes,0,1
CUST-000956,29,46.85,1427.91,42.0,2,Month-to-month,Fiber optic,Bank transfer,No,No,Yes,No,0,0
CUST-003791,12,76.5,924.69,70.0,0,Month-to-month,Fiber optic,Credit card,No internet service,Yes,No,No,0,0
CUST-003234,41,15.0,634.16,77.0,0,One year,Fiber optic,Electronic check,Yes,No,No,No,0,0
CUST-002869,15,82.53,1128.89,34.0,0,Two year,No,Mailed check,No,No,Yes,No,0,0
CUST-003777,62,94.76,5942.27,79.0,0,Two year,Fiber optic,Electronic check,Yes,Yes,No,No,0,0
CUST-004433,8,53.98,420.49,69.0,1,One year,DSL,Credit card,No internet service,No,Yes,Yes,0,0
CUST-004973,56,79.37,4347.83,60.0,2,Month-to-month,Fiber optic,Bank transfer,No,No,No,No,0,1
CUST-002961,30,65.64,1755.25,48.0,0,Month-to-month,Fiber optic,Bank transfer,No,No,Yes,Yes,0,0
CUST-002200,26,30.82,842.36,30.0,2,Month-to-month,DSL,Credit card,Yes,Yes,Yes,No,0,0
CUST-000098,46,79.3,3412.24,57.0,1,Month-to-month,DSL,Electronic check,Yes,Yes,Yes,No,0,0
CUST-005858,24,103.0,2679.66,69.0,2,Month-to-month,Fiber optic,Credit card,No,No,Yes,No,0,1
CUST-002557,63,58.64,3597.65,44.0,0,One year,No,Mailed check,No internet service,No,No,No,0,1
CUST-003183,4,32.16,133.42,46.0,1,Two year,Fiber optic,Bank transfer,No,Yes,Yes,No,0,0
CUST-000253,24,40.47,1025.13,21.0,2,Two year,Fiber optic,Credit card,No internet service,Yes,No,No,1,0
CUST-003923,30,39.82,1240.41,28.0,0,Two year,DSL,Electronic check,No,No,No,No,0,0
CUST-004199,17,60.23,1021.68,57.0,0,One year,Fiber optic,Electronic check,Yes,No,No,Yes,0,1
CUST-001445,2,53.19,111.97,18.0,1,One year,No,Mailed check,No,Yes,No,Yes,0,0
CUST-005539,72,72.45,5467.59,34.0,4,One year,DSL,Bank transfer,Yes,Yes,Yes,No,1,0
CUST-001648,71,85.03,5318.88,67.0,1,Month-to-month,No,Electronic check,Yes,Yes,No,Yes,0,0
CUST-004682,50,48.03,2147.05,65.0,1,Month-to-month,No,Mailed check,Yes,Yes,Yes,No,0,0
CUST-004723,3,37.3,109.71,36.0,1,Month-to-month,Fiber optic,Credit card,No internet service,Yes,No,Yes,0,0
CUST-003991,55,64.25,3121.41,28.0,0,One year,DSL,Bank transfer,Yes,Yes,No,Yes,0,1
CUST-001696,34,39.17,1368.74,56.0,1,One year,DSL,Electronic check,No,No,Yes,Yes,1,0
CUST-003191,49,57.84,2931.41,41.0,2,Month-to-month,No,Credit card,No internet service,Yes,No,No,0,0
CUST-004499,25,101.11,2559.12,44.0,2,Month-to-month,Fiber optic,Credit card,No,No,Yes,Yes,0,0
CUST-001154,22,22.09,,70.0,4,Month-to-month,Fiber optic,Bank transfer,No,Yes,Yes,No,0,1
CUST-002255,50,67.75,3550.12,70.0,4,Month-to-month,Fiber optic,Electronic check,No,Yes,Yes,No,0,0
CUST-001682,2,106.47,232.78,64.0,2,Two year,DSL,Electronic check,No internet service,No,Yes,Yes,0,0
CUST-003170,45,108.56,4739.13,25.0,0,One year,DSL,Credit card,No,Yes,Yes,No,0,0
CUST-002056,53,85.68,4169.81,69.0,0,Month-to-month,DSL,Electronic check,Yes,No,Yes,Yes,0,1
CUST-004090,53,84.18,4305.02,53.0,2,Two year,Fiber optic,Mailed check,No,Yes,Yes,No,0,0
CUST-005877,17,51.94,854.15,38.0,0,Month-to-month,Fiber optic,Mailed check,No internet service,Yes,No,No,0,0
CUST-003108,65,63.45,4071.18,42.0,1,One year,DSL,Bank transfer,No,No,No,No,0,0
CUST-004548,38,61.87,2304.73,65.0,0,Two year,DSL,Mailed check,Yes,No,Yes,Yes,0,0
CUST-003723,72,54.92,3938.38,25.0,0,Two year,Fiber optic,Electronic check,Yes,No,Yes,Yes,0,0
CUST-005423,18,15.0,281.06,37.0,0,Two year,No,Mailed check,No,Yes,Yes,Yes,0,0
CUST-002049,48,22.21,1065.92,73.0,0,One year,No,Electronic check,No,Yes,Yes,No,0,0
CUST-004976,41,15.0,564.18,31.0,0,Month-to-month,Fiber optic,Electronic check,Yes,Yes,Yes,No,0,1
CUST-003643,35,79.64,2761.5,26.0,1,Month-to-month,DSL,Credit card,No,Yes,Yes,Yes,0,0
CUST-005939,13,18.08,,28.0,5,Month-to-month,Fiber optic,Mailed check,Yes,No,Yes,No,1,1
CUST-000623,30,59.71,1760.72,26.0,3,One year,DSL,Credit card,No,No,No,No,0,0
CUST-000262,21,91.46,2039.52,19.0,2,Month-to-month,No,Mailed check,No,No,No,Yes,0,0
CUST-005730,60,80.06,4641.25,22.0,1,One year,Fiber optic,Electronic check,Yes,Yes,Yes,No,0,1
CUST-003369,8,59.05,456.94,55.0,4,One year,Fiber optic,Credit card,No,Yes,No,No,0,0
CUST-004061,1,82.41,79.14,53.0,1,One year,Fiber optic,Bank transfer,Yes,Yes,No,No,1,1
CUST-005534,6,35.79,226.53,28.0,1,Month-to-month,DSL,Electronic check,No,Yes,Yes,No,0,0
CUST-001802,33,64.91,2148.12,60.0,1,Month-to-month,Fiber optic,Credit card,No internet service,No,No,No,0,1
CUST-004736,4,118.57,465.96,75.0,1,One year,Fiber optic,Bank transfer,No,Yes,No,No,0,0
CUST-003368,30,47.06,1327.26,75.0,1,One year,DSL,Electronic check,No,No,No,No,0,1
CUST-002385,63,16.71,1003.64,55.0,2,Two year,Fiber optic,Credit card,Yes,Yes,No,Yes,1,0
CUST-005759,0,60.97,0.0,19.0,0,Month-to-month,Fiber optic,Electronic check,No,Yes,Yes,Yes,0,1
CUST-001959,13,37.45,448.34,25.0,2,Two year,DSL,Credit card,Yes,Yes,Yes,Yes,0,0
CUST-002976,36,99.17,3646.51,66.0,2,Month-to-month,DSL,Electronic check,Yes,No,No,No,0,0
CUST-000488,55,62.12,3615.75,33.0,2,Month-to-month,DSL,Bank transfer,Yes,Yes,No,No,0,0
CUST-001843,61,43.75,2592.61,75.0,3,Month-to-month,Fiber optic,Bank transfer,No,Yes,Yes,No,0,1
CUST-001734,62,84.88,5111.76,22.0,2,Two year,DSL,Mailed check,Yes,No,Yes,No,1,0
CUST-002911,6,100.98,557.24,73.0,0,Month-to-month,DSL,Electronic check,No,No,Yes,No,0,1
CUST-003219,31,35.5,1007.38,29.0,4,One year,Fiber optic,Bank transfer,No,No,No,No,0,1
CUST-000146,2,91.2,199.17,77.0,2,Month-to-month,Fiber optic,Electronic check,No,Yes,No,No,0,1
CUST-005630,34,70.31,2477.31,44.0,1,Month-to-month,Fiber optic,Electronic check,Yes,Yes,Yes,No,0,0
CUST-001986,60,89.32,4987.51,45.0,2,One year,DSL,Mailed check,No internet service,No,Yes,No,0,0
CUST-001369,46,46.94,2046.55,46.0,1,Month-to-month,DSL,Electronic check,No internet service,Yes,Yes,No,0,1
CUST-002811,20,78.02,1484.47,51.0,2,Month-to-month,No,Bank transfer,No,Yes,Yes,No,0,1
CUST-000659,21,110.02,2330.31,23.0,2,Two year,Fiber optic,Bank transfer,No,Yes,No,No,0,0
CUST-001794,34,38.56,1349.32,30.0,1,Month-to-month,Fiber optic,Bank transfer,No,Yes,No,No,0,1
CUST-002511,62,94.04,5859.6,67.0,1,One year,No,Electronic check,Yes,No,No,No,0,0
CUST-003397,70,100.98,7175.71,33.0,0,Month-to-month,DSL,Electronic check,Yes,No,No,Yes,0,0
CUST-004282,12,28.02,333.58,65.0,1,Two year,Fiber optic,Credit card,No,Yes,No,No,1,0
CUST-001147,56,92.69,5663.46,23.0,1,Month-to-month,Fiber optic,Electronic check,No,Yes,Yes,No,0,0
CUST-003272,47,24.23,1116.21,70.0,2,Month-to-month,Fiber optic,Electronic check,No,Yes,Yes,No,0,1
CUST-000608,70,73.8,5300.52,33.0,0,Month-to-month,DSL,Bank transfer,No,Yes,Yes,No,0,1
CUST-003582,15,28.61,412.08,73.0,2,Month-to-month,Fiber optic,Credit card,Yes,No,Yes,No,0,0
CUST-001930,6,77.71,513.99,,2,Month-to-month,No,Mailed check,No,Yes,No,No,0,1
CUST-000197,8,81.71,608.3,19.0,0,Two year,DSL,Mailed check,No internet service,Yes,No,Yes,0,0
CUST-002931,49,49.81,2216.71,65.0,1,One year,Fiber optic,Electronic check,No,Yes,Yes,No,1,1
CUST-002327,12,78.08,932.91,25.0,1,Month-to-month,Fiber optic,Credit card,No,Yes,Yes,Yes,0,1
CUST-004389,43,101.6,4674.84,49.0,0,Month-to-month,Fiber optic,Credit card,No,Yes,No,No,0,1
CUST-000766,44,34.33,1427.18,20.0,1,Month-to-month,Fiber optic,Credit card,No internet service,Yes,Yes,Yes,0,1
CUST-004496,24,91.21,1957.27,65.0,0,Month-to-month,Fiber optic,Electronic check,Yes,Yes,Yes,No,0,0
CUST-004218,38,80.28,2830.04,66.0,0,Month-to-month,DSL,Electronic check,No,Yes,Yes,Yes,0,1
CUST-003255,13,107.86,1437.87,36.0,0,Month-to-month,DSL,Mailed check,No internet service,No,No,No,0,0
CUST-000202,36,36.88,1301.11,29.0,3,Month-to-month,No,Mailed check,Yes,No,Yes,No,0,0
CUST-003510,70,62.73,4392.56,76.0,1,Month-to-month,Fiber optic,Credit card,No,Yes,Yes,Yes,0,0
CUST-004931,53,34.29,1792.14,18.0,3,One year,No,Bank transfer,No,No,Yes,No,0,0
CUST-005535,49,65.39,,70.0,2,One year,Fiber optic,Mailed check,Yes,No,Yes,No,0,0
CUST-001733,63,97.61,6732.12,62.0,1,One year,DSL,Mailed check,No,No,Yes,No,0,0
CUST-005791,6,88.9,,53.0,3,Month-to-month,No,Credit card,No internet service,No,Yes,No,0,1
CUST-002777,65,86.68,5515.78,39.0,1,Month-to-month,DSL,Electronic check,No,No,No,No,0,0
CUST-001707,66,102.99,6887.04,28.0,3,One year,Fiber optic,Bank transfer,No,No,No,Yes,1,1
CUST-005172,63,21.84,1445.78,48.0,0,Two year,Fiber optic,Electronic check,No internet service,Yes,Yes,No,0,0
CUST-005249,41,75.45,3184.76,18.0,0,Month-to-month,No,Mailed check,No,No,No,No,0,0
CUST-005757,38,41.32,1415.25,38.0,0,Month-to-month,DSL,Electronic check,No,Yes,Yes,No,0,1
CUST-003474,21,58.77,1242.5,32.0,0,Two year,No,Mailed check,Yes,Yes,No,No,0,1
CUST-000854,21,66.07,1389.73,19.0,1,Month-to-month,Fiber optic,Mailed check,No,No,Yes,No,0,0
CUST-005685,31,66.43,1963.45,24.0,0,One year,Fiber optic,Credit card,No,No,Yes,No,0,0
CUST-004737,26,70.24,1824.83,54.0,1,Month-to-month,Fiber optic,Credit card,No,Yes,No,No,0,1
CUST-004097,10,60.49,628.97,58.0,3,Month-to-month,Fiber optic,Electronic check,Yes,No,Yes,No,0,1
CUST-002160,59,64.97,3762.2,64.0,0,Month-to-month,DSL,Mailed check,No,No,No,No,1,1
CUST-000698,3,94.77,303.43,44.0,1,One year,Fiber optic,Mailed check,No,Yes,Yes,No,0,1
CUST-005961,44,79.58,3816.99,79.0,0,Two year,DSL,Electronic check,Yes,Yes,Yes,No,0,0
CUST-002999,48,58.9,2756.96,78.0,1,Month-to-month,No,Electronic check,No,Yes,Yes,Yes,0,0
CUST-003696,22,48.64,1086.29,55.0,0,Month-to-month,Fiber optic,Mailed check,No,No,Yes,No,0,1
CUST-001636,12,76.15,867.76,52.0,0,Two year,DSL,Electronic check,No internet service,Yes,Yes,No,0,1
CUST-003457,2,63.24,129.4,68.0,5,One year,No,Electronic check,Yes,No,No,Yes,0,0
CUST-003581,55,16.81,970.29,42.0,3,One year,Fiber optic,Credit card,Yes,No,Yes,No,0,0
CUST-001291,62,47.77,3141.7,73.0,0,Month-to-month,Fiber optic,Electronic check,Yes,Yes,No,No,0,0
CUST-004659,36,67.96,2576.74,23.0,1,Month-to-month,DSL,Electronic check,No,Yes,Yes,No,0,1
CUST-005616,58,110.58,6847.16,39.0,1,One year,Fiber optic,Mailed check,No,Yes,Yes,No,0,0
CUST-001853,11,32.02,344.63,50.0,1,Month-to-month,DSL,Credit card,No,No,Yes,No,0,1
CUST-005232,21,91.93,2046.26,63.0,0,Month-to-month,No,Mailed check,No internet service,No,No,No,0,1
CUST-003763,46,57.77,2773.19,62.0,0,Two year,No,Electronic check,No internet service,Yes,No,No,0,1
CUST-003304,8,32.08,245.61,66.0,0,Month-to-month,No,Credit card,Yes,Yes,No,No,0,0
CUST-005921,58,113.35,6706.56,55.0,3,Two year,DSL,Electronic check,No,Yes,No,No,0,0
CUST-005727,7,55.8,389.79,74.0,2,Month-to-month,Fiber optic,Mailed check,No,No,Yes,Yes,0,1
CUST-003743,32,61.57,1925.8,53.0,3,Month-to-month,DSL,Electronic check,No internet service,Yes,No,Yes,0,0
CUST-003445,51,73.09,3815.13,20.0,3,Month-to-month,Fiber optic,Bank transfer,No,Yes,No,No,0,1
CUST-001998,20,42.22,821.29,72.0,2,Month-to-month,Fiber optic,Electronic check,No,No,No,No,1,1
CUST-000663,14,54.31,714.26,78.0,1,Month-to-month,Fiber optic,Bank transfer,No,Yes,Yes,Yes,0,0
CUST-004779,5,101.95,532.47,63.0,1,Month-to-month,DSL,Credit card,Yes,No,Yes,No,0,0
CUST-005353,34,39.84,1287.21,66.0,1,Month-to-month,DSL,Electronic check,Yes,Yes,Yes,No,0,0
CUST-003748,67,27.04,1729.37,31.0,1,Two year,DSL,Credit card,No internet service,Yes,Yes,No,0,0
CUST-004413,52,97.17,4533.13,21.0,3,Month-to-month,Fiber optic,Bank transfer,Yes,No,No,No,0,0
CUST-004744,50,49.35,2644.65,48.0,2,One year,Fiber optic,Electronic check,No,Yes,No,Yes,0,1
CUST-005530,43,58.7,2583.26,18.0,1,Month-to-month,Fiber optic,Electronic check,No,Yes,Yes,No,1,1
CUST-005575,39,64.07,2345.76,54.0,2,Month-to-month,No,Mailed check,No,Yes,No,Yes,0,0
CUST-000709,34,62.74,2038.8,78.0,0,Month-to-month,Fiber optic,Electronic check,Yes,Yes,Yes,No,0,0
CUST-001282,28,99.5,2599.28,21.0,1,Month-to-month,No,Credit card,Yes,No,Yes,No,0,0
CUST-005068,2,95.91,201.63,33.0,3,Two year,No,Mailed check,No internet service,No,Yes,Yes,0,0
CUST-002675,43,70.74,2874.63,21.0,1,Month-to-month,Fiber optic,Bank transfer,No,Yes,No,No,0,0
CUST-004029,30,59.49,,29.0,0,Two year,Fiber optic,Bank transfer,No internet service,Yes,No,No,0,0
CUST-001306,18,81.02,1438.57,27.0,1,One year,DSL,Mailed check,No,Yes,Yes,No,0,0
CUST-005496,56,95.04,5151.49,39.0,2,One year,DSL,Mailed check,No internet service,Yes,Yes,Yes,0,0
CUST-005504,38,37.27,1413.87,40.0,2,Month-to-month,Fiber optic,Mailed check,Yes,Yes,Yes,No,0,1
CUST-002237,19,83.16,1636.47,22.0,1,Month-to-month,DSL,Bank transfer,Yes,Yes,Yes,Yes,0,1
CUST-003302,43,59.06,,40.0,1,Two year,No,Electronic check,Yes,Yes,Yes,No,0,0
CUST-005592,38,56.89,1977.59,31.0,0,Month-to-month,DSL,Credit card,Yes,Yes,Yes,No,0,0
CUST-002038,72,29.66,2228.63,49.0,0,Month-to-month,Fiber optic,Electronic check,Yes,Yes,No,No,0,0
CUST-001529,67,92.16,6243.42,37.0,0,Month-to-month,DSL,Mailed check,Yes,No,No,Yes,0,0
CUST-001663,40,56.01,2269.53,24.0,2,One year,DSL,Mailed check,No,No,No,No,1,0
CUST-005450,18,45.37,806.15,71.0,0,Month-to-month,Fiber optic,Electronic check,No,No,Yes,No,0,0
CUST-005946,19,45.04,906.89,38.0,1,One year,Fiber optic,Bank transfer,Yes,Yes,Yes,No,0,0
CUST-005968,14,26.83,365.82,71.0,1,One year,DSL,Mailed check,No,Yes,No,No,0,0
CUST-003627,17,64.81,1050.22,52.0,0,Month-to-month,DSL,Credit card,No,Yes,No,Yes,0,0
CUST-005739,2,102.7,198.84,21.0,0,Month-to-month,DSL,Electronic check,No,Yes,No,No,0,1
CUST-005147,60,46.68,2688.91,62.0,0,Two year,DSL,Credit card,No,Yes,Yes,No,0,0
CUST-004891,41,38.45,1583.93,30.0,1,Two year,DSL,Mailed check,No,No,Yes,No,0,0
CUST-002693,31,75.06,2179.84,33.0,0,Two year,DSL,Mailed check,No,No,No,No,0,0
CUST-003060,18,57.15,1026.53,45.0,2,Two year,DSL,Mailed check,No,No,Yes,No,0,0
CUST-001597,52,87.71,4700.45,66.0,2,One year,No,Bank transfer,No internet service,Yes,Yes,Yes,0,1
CUST-002729,33,58.39,1987.49,19.0,1,One year,Fiber optic,Mailed check,Yes,Yes,No,No,0,0
CUST-002625,42,50.52,2132.9,50.0,1,Month-to-month,Fiber optic,Bank transfer,Yes,No,No,No,0,0
CUST-003157,72,70.47,5281.42,20.0,3,One year,DSL,Electronic check,No internet service,Yes,Yes,No,0,0
CUST-003314,29,52.62,1482.99,67.0,3,Two year,DSL,Credit card,No,Yes,No,No,0,0
CUST-001722,47,62.9,3182.59,41.0,0,Month-to-month,Fiber optic,Mailed check,No,Yes,No,Yes,0,1
CUST-005279,14,79.8,1041.93,61.0,1,Two year,No,Bank transfer,No internet service,Yes,No,No,0,0
CUST-001059,22,57.38,1210.61,51.0,1,One year,Fiber optic,Bank transfer,No internet service,Yes,Yes,No,0,1
CUST-004636,60,78.86,4717.78,72.0,0,Month-to-month,Fiber optic,Electronic check,No internet service,Yes,No,No,0,0
CUST-003242,65,71.11,4565.61,25.0,0,Month-to-month,Fiber optic,Electronic check,No,Yes,No,No,0,0
CUST-001678,67,114.77,8329.04,40.0,1,Month-to-month,No,Bank transfer,Yes,Yes,No,No,0,0
CUST-001757,44,92.68,3853.96,37.0,2,Month-to-month,DSL,Credit card,No internet service,No,Yes,Yes,0,0
CUST-004191,25,63.59,1573.64,26.0,0,Month-to-month,DSL,Bank transfer,No,No,Yes,No,0,0
CUST-005116,18,90.07,1579.15,66.0,0,Two year,DSL,Credit card,No,Yes,No,No,0,0
CUST-000563,13,90.09,1136.41,66.0,1,Two year,DSL,Electronic check,Yes,No,No,Yes,0,0
CUST-002790,68,144.5,9465.0,42.0,0,Month-to-month,Fiber optic,Bank transfer,No,Yes,No,No,0,0
CUST-000863,56,23.51,1262.94,52.0,1,Month-to-month,Fiber optic,Electronic check,No internet service,No,No,Yes,0,1
CUST-001484,30,72.79,2151.01,32.0,1,Month-to-month,Fiber optic,Mailed check,Yes,Yes,No,No,0,1
CUST-005134,53,37.87,2069.3,73.0,1,Two year,Fiber optic,Mailed check,Yes,Yes,Yes,No,0,1
CUST-000206,55,114.3,5429.64,76.0,3,Month-to-month,Fiber optic,Electronic check,Yes,No,No,No,0,1
CUST-004488,48,61.27,3175.44,60.0,1,Two year,DSL,Mailed check,No,Yes,Yes,Yes,0,0
CUST-000870,33,72.53,2345.59,55.0,2,One year,Fiber optic,Electronic check,Yes,Yes,No,No,0,0
CUST-004493,19,77.31,1454.02,38.0,0,Month-to-month,Fiber optic,Credit card,No,Yes,No,Yes,0,0
CUST-000502,70,78.16,5602.02,30.0,2,Month-to-month,No,Electronic check,No,Yes,No,No,0,0
CUST-001028,41,98.51,4105.21,61.0,2,Two year,DSL,Credit card,No,No,Yes,Yes,0,0
CUST-003840,63,58.4,3779.47,40.0,1,One year,Fiber optic,Electronic check,No,No,No,No,0,1
CUST-002690,53,22.84,1193.91,32.0,2,Month-to-month,DSL,Credit card,No,Yes,Yes,No,0,1
CUST-005581,61,88.17,5631.24,72.0,2,One year,DSL,Credit card,Yes,No,No,No,0,0
CUST-005056,69,55.81,4087.82,25.0,3,Month-to-month,Fiber optic,Bank transfer,No,Yes,No,No,0,1
CUST-001570,5,84.92,442.58,46.0,2,Month-to-month,No,Mailed check,Yes,Yes,Yes,No,0,0
CUST-002773,51,90.32,4340.18,61.0,1,Two year,No,Electronic check,Yes,Yes,Yes,Yes,0,0
CUST-002731,38,90.05,3717.82,66.0,0,Month-to-month,Fiber optic,Mailed check,No internet service,No,No,No,0,0
CUST-000804,53,103.61,5928.02,36.0,0,Month-to-month,Fiber optic,Electronic check,No,Yes,Yes,No,0,0
CUST-005847,49,63.38,2925.74,77.0,4,Two year,Fiber optic,Electronic check,No,No,No,Yes,0,0
CUST-003645,38,24.92,959.18,49.0,0,Month-to-month,Fiber optic,Credit card,Yes,No,No,No,0,0
CUST-002454,60,58.4,3228.17,67.0,1,One year,Fiber optic,Mailed check,No internet service,Yes,Yes,No,0,0
CUST-004598,69,48.67,3235.45,63.0,3,Two year,Fiber optic,Electronic check,No,Yes,No,No,0,0
CUST-003104,51,78.6,3701.76,48.0,0,One year,DSL,Credit card,No,Yes,No,No,0,0
CUST-004875,48,67.86,3493.05,65.0,0,One year,Fiber optic,Mailed check,No internet service,No,Yes,Yes,0,1
CUST-000200,26,49.41,1238.8,77.0,1,Month-to-month,Fiber optic,Credit card,No,Yes,Yes,No,1,1
CUST-003099,19,101.0,1950.45,31.0,2,Two year,DSL,Bank transfer,No,No,No,No,1,0
CUST-002278,26,83.51,2276.16,61.0,1,Two year,Fiber optic,Credit card,No,Yes,Yes,No,0,0
CUST-003561,12,67.95,863.02,36.0,2,Month-to-month,DSL,Electronic check,Yes,Yes,No,Yes,0,1
CUST-005892,9,36.61,338.29,25.0,1,Month-to-month,Fiber optic,Electronic check,Yes,Yes,No,No,0,0
CUST-004474,62,50.44,2935.41,48.0,1,Month-to-month,DSL,Mailed check,No,Yes,Yes,Yes,0,1
CUST-004514,66,96.19,6661.51,79.0,3,Month-to-month,DSL,Electronic check,No,No,Yes,No,0,0
CUST-005794,29,48.44,1421.52,60.0,0,Month-to-month,No,Bank transfer,No internet service,Yes,No,No,0,0
CUST-000391,13,87.75,1055.54,37.0,0,One year,Fiber optic,Credit card,No,Yes,No,No,0,0
CUST-005618,65,71.15,4729.95,45.0,0,One year,DSL,Electronic check,No internet service,Yes,No,No,0,0
CUST-005258,48,107.67,5904.54,72.0,1,One year,Fiber optic,Credit card,No,Yes,Yes,No,0,0
CUST-001495,31,60.28,1893.77,49.0,1,Month-to-month,DSL,Mailed check,Yes,No,Yes,Yes,0,0
CUST-002695,27,81.85,2140.12,45.0,0,One year,No,Bank transfer,Yes,Yes,No,No,0,0
CUST-002027,69,48.42,3551.9,67.0,2,Month-to-month,Fiber optic,Mailed check,No internet service,No,Yes,No,0,1
CUST-005248,65,24.66,1603.2,59.0,1,Two year,No,Mailed check,No,No,Yes,No,0,0
CUST-005463,21,48.21,1033.26,41.0,0,Two year,Fiber optic,Credit card,Yes,Yes,Yes,No,0,0
CUST-002568,27,15.0,406.81,44.0,1,Two year,DSL,Mailed check,No,Yes,No,Yes,0,0
CUST-000064,29,123.28,3527.59,24.0,2,Two year,No,Electronic check,No,Yes,Yes,No,0,0
CUST-003884,11,63.62,744.49,28.0,1,One year,No,Mailed check,No,No,Yes,No,0,0
CUST-002062,10,91.94,951.52,63.0,0,Two year,DSL,Electronic check,No,Yes,No,No,0,0
CUST-005276,18,96.72,1738.51,77.0,1,Month-to-month,Fiber optic,Electronic check,No,Yes,Yes,No,0,0
CUST-000492,54,74.38,3967.27,39.0,1,Month-to-month,No,Credit card,No internet service,Yes,No,No,0,0
CUST-000379,19,60.65,1161.36,55.0,2,Two year,No,Credit card,Yes,No,No,No,0,0
CUST-004859,55,60.98,3388.87,73.0,1,Month-to-month,DSL,Electronic check,No,Yes,Yes,No,0,0
CUST-003993,20,31.28,689.28,38.0,3,One year,DSL,Electronic check,No internet service,Yes,Yes,No,0,0
CUST-004887,39,65.42,2638.01,31.0,1,Month-to-month,DSL,Mailed check,No internet service,Yes,Yes,No,0,1
CUST-001076,51,94.16,4452.71,75.0,3,Month-to-month,Fiber optic,Mailed check,Yes,Yes,No,No,0,1
CUST-000878,40,57.38,2420.06,49.0,2,Month-to-month,DSL,Electronic check,No internet service,No,No,No,0,0
CUST-000337,23,92.04,2088.84,33.0,2,Two year,DSL,Electronic check,Yes,Yes,No,No,0,0
CUST-001016,28,64.0,1704.41,36.0,0,One year,No,Bank transfer,No,Yes,Yes,Yes,0,0
CUST-001275,52,93.05,4643.29,50.0,2,Two year,No,Electronic check,No,Yes,No,No,0,0
CUST-003798,0,62.49,0.0,22.0,2,One year,No,Credit card,Yes,No,No,No,0,0
CUST-004551,2,55.19,112.09,76.0,1,Month-to-month,No,Credit card,,No,Yes,Yes,1,0
CUST-003342,7,62.02,459.32,56.0,3,Month-to-month,Fiber optic,Bank transfer,No,Yes,No,No,0,1
CUST-004911,39,87.95,3433.75,23.0,0,One year,Fiber optic,Mailed check,Yes,No,Yes,No,0,1
CUST-000995,45,29.14,1232.35,27.0,2,Two year,Fiber optic,Electronic check,No internet service,Yes,No,Yes,0,0
CUST-001981,45,94.92,4105.52,52.0,6,Month-to-month,Fiber optic,Credit card,No,Yes,Yes,No,0,1
CUST-004297,56,56.54,3296.68,28.0,1,Two year,Fiber optic,Bank transfer,No,Yes,No,No,0,0
CUST-000161,48,110.66,5499.51,21.0,0,Month-to-month,DSL,Bank transfer,Yes,No,No,No,0,0
CUST-005675,19,56.37,1034.47,32.0,3,Month-to-month,No,Credit card,No,No,No,No,0,0
CUST-004798,28,61.78,1870.19,62.0,2,Month-to-month,DSL,Credit card,No internet service,Yes,No,No,0,0
CUST-001500,38,74.45,3077.69,39.0,0,Month-to-month,DSL,Bank transfer,Yes,No,Yes,No,0,1
CUST-003843,21,45.75,928.69,39.0,0,Month-to-month,Fiber optic,Mailed check,Yes,No,Yes,No,0,0
CUST-005225,35,65.88,2311.38,77.0,1,One year,Fiber optic,Mailed check,Yes,No,No,No,0,0
CUST-002613,43,107.86,4398.51,47.0,1,One year,Fiber optic,Electronic check,No,No,No,No,0,0
CUST-003461,68,112.86,7900.85,79.0,2,Month-to-month,No,Bank transfer,No,Yes,Yes,No,0,0
CUST-001021,5,65.65,320.79,71.0,2,Month-to-month,No,Mailed check,No internet service,No,No,No,0,0
CUST-003073,57,39.91,2303.0,48.0,0,One year,DSL,Mailed check,No,Yes,No,No,0,0
CUST-003943,70,43.1,2907.49,48.0,3,Month-to-month,Fiber optic,Credit card,Yes,Yes,No,No,0,1
CUST-001585,23,57.78,1310.36,35.0,1,One year,DSL,Mailed check,Yes,Yes,No,No,0,0
CUST-001955,29,60.7,1941.89,31.0,1,Month-to-month,Fiber optic,Credit card,Yes,No,Yes,No,0,0
CUST-003152,14,30.69,402.36,18.0,0,Month-to-month,DSL,Electronic check,No internet service,Yes,Yes,Yes,0,1
CUST-000034,64,47.96,3005.76,72.0,3,Month-to-month,No,Electronic check,Yes,Yes,No,No,0,1
CUST-004014,20,83.98,1851.55,39.0,1,Month-to-month,No,Bank transfer,No internet service,Yes,Yes,No,0,1
CUST-000775,69,61.45,4307.29,57.0,2,Two year,DSL,Electronic check,No,Yes,No,No,0,0
CUST-002556,58,46.95,2943.78,21.0,1,Two year,Fiber optic,Bank transfer,No,No,Yes,No,0,0
CUST-001478,16,61.62,1034.61,44.0,4,One year,Fiber optic,Bank transfer,No,No,Yes,No,0,0
CUST-005486,15,75.58,1043.66,68.0,0,Month-to-month,No,Credit card,No,Yes,Yes,Yes,0,0
CUST-001363,14,58.46,790.02,20.0,0,Month-to-month,DSL,Electronic check,Yes,No,No,No,0,1
CUST-002612,13,106.76,1349.09,50.0,3,Month-to-month,DSL,Bank transfer,No internet service,Yes,No,No,1,0
CUST-002824,45,60.29,2838.32,30.0,0,Month-to-month,No,Bank transfer,Yes,No,Yes,Yes,0,1
CUST-002041,65,53.84,3447.62,24.0,1,Month-to-month,Fiber optic,Credit card,No internet service,Yes,No,Yes,0,0
CUST-000241,42,84.42,3159.7,27.0,0,Month-to-month,DSL,Mailed check,Yes,Yes,No,No,0,0
CUST-002061,41,75.72,3248.14,31.0,0,One year,Fiber optic,Bank transfer,No,No,No,Yes,0,1
CUST-002363,8,46.49,399.48,18.0,3,One year,DSL,Credit card,No,Yes,No,No,0,0
CUST-000600,44,73.8,3138.64,48.0,2,Month-to-month,Fiber optic,Electronic check,No,No,Yes,No,0,1
CUST-002435,41,65.13,2534.42,51.0,1,One year,Fiber optic,Credit card,No,Yes,Yes,No,0,0
CUST-005393,59,59.53,3574.15,74.0,0,Month-to-month,Fiber optic,Credit card,Yes,No,Yes,No,1,1
CUST-002888,10,31.77,310.58,57.0,1,Two year,Fiber optic,Electronic check,No,Yes,Yes,No,0,0
CUST-000646,33,31.56,1048.81,69.0,4,Month-to-month,DSL,Credit card,No,Yes,Yes,No,0,0
CUST-003890,41,91.48,3742.11,45.0,1,One year,DSL,Electronic check,Yes,Yes,No,No,0,0
CUST-003556,51,45.77,2413.5,26.0,0,Month-to-month,No,Mailed check,No,Yes,Yes,Yes,0,1
CUST-003202,56,64.49,3538.14,79.0,2,Month-to-month,No,Mailed check,No,No,No,No,1,1
CUST-001528,1,63.67,64.32,49.0,2,One year,No,Bank transfer,No internet service,No,No,No,0,1
CUST-001267,27,44.77,1154.69,58.0,1,Month-to-month,Fiber optic,Electronic check,No internet service,No,Yes,No,0,1
CUST-001899,24,37.81,928.14,57.0,1,Month-to-month,Fiber optic,Mailed check,No internet service,Yes,Yes,No,0,0
CUST-004658,30,93.65,2547.58,18.0,0,One year,Fiber optic,Credit card,Yes,Yes,Yes,Yes,0,0
CUST-003005,27,71.13,1904.01,48.0,1,Two year,No,Mailed check,No internet service,No,No,No,1,0
CUST-002734,32,60.35,1920.17,43.0,3,Month-to-month,DSL,Bank transfer,No internet service,Yes,No,No,0,0
CUST-000189,22,82.19,1779.23,66.0,1,One year,Fiber optic,Credit card,No,Yes,Yes,No,0,0
CUST-001806,0,63.81,0.0,38.0,0,One year,No,Mailed check,No,Yes,Yes,No,0,0
CUST-000975,16,38.98,596.04,78.0,2,Month-to-month,DSL,Mailed check,No,No,Yes,No,0,0
CUST-002747,59,51.71,2927.25,58.0,2,Month-to-month,Fiber optic,Mailed check,Yes,Yes,No,No,0,0
CUST-002047,38,79.66,2945.83,69.0,4,One year,DSL,Electronic check,Yes,Yes,No,No,0,0
CUST-002558,2,15.0,30.27,53.0,0,Month-to-month,No,Mailed check,Yes,Yes,Yes,No,0,0
CUST-001082,69,62.17,4286.46,74.0,3,Month-to-month,Fiber optic,Electronic check,No internet service,Yes,Yes,No,0,1
CUST-000474,46,106.78,4841.46,40.0,1,Month-to-month,No,Electronic check,No,No,Yes,Yes,0,0
CUST-002904,47,45.73,2096.24,70.0,2,One year,No,Electronic check,No,Yes,Yes,Yes,0,0
CUST-004843,14,128.79,1764.36,44.0,4,Month-to-month,DSL,Credit card,No,Yes,No,Yes,0,0
CUST-004117,9,77.98,690.14,59.0,3,One year,No,Mailed check,Yes,No,Yes,No,0,0
CUST-003385,18,42.0,737.79,39.0,2,Month-to-month,Fiber optic,Mailed check,No,No,Yes,No,0,0
CUST-004555,15,59.74,918.61,24.0,1,Two year,Fiber optic,Bank transfer,No,No,Yes,Yes,0,0
CUST-001184,30,89.37,2831.4,57.0,3,Month-to-month,Fiber optic,Bank transfer,No internet service,Yes,Yes,No,0,0
CUST-005051,11,73.95,806.32,59.0,1,One year,Fiber optic,Electronic check,No,No,No,No,1,0
CUST-005311,67,68.81,4447.11,35.0,3,One year,Fiber optic,Bank transfer,Yes,Yes,Yes,No,0,0
CUST-002433,22,51.25,1112.86,69.0,1,Month-to-month,Fiber optic,Electronic check,No internet service,Yes,Yes,Yes,0,0
CUST-005611,17,102.18,1592.86,45.0,0,Two year,DSL,Bank transfer,No,No,No,No,0,0
CUST-002391,14,65.54,1007.04,62.0,0,Month-to-month,DSL,Credit card,Yes,Yes,Yes,No,0,0
CUST-000769,27,46.47,1189.34,68.0,1,One year,DSL,Credit card,Yes,Yes,Yes,No,1,0
CUST-001685,37,133.28,4957.25,69.0,3,One year,Fiber optic,Mailed check,No internet service,No,No,Yes,0,0
CUST-000130,41,69.26,2834.77,32.0,0,Month-to-month,DSL,Bank transfer,Yes,Yes,No,No,0,0
CUST-002919,27,81.21,2092.41,67.0,1,Month-to-month,DSL,Bank transfer,No,No,No,No,0,0
CUST-003171,68,72.69,4737.04,73.0,2,Month-to-month,DSL,Credit card,No,No,No,Yes,1,0
CUST-003444,67,82.12,4878.38,31.0,1,One year,No,Electronic check,,Yes,No,No,0,0
CUST-005578,33,55.75,1916.24,47.0,3,Month-to-month,DSL,Bank transfer,No,Yes,Yes,No,0,1
CUST-004426,18,81.79,1446.85,47.0,0,Month-to-month,DSL,Electronic check,No,Yes,No,No,1,1
CUST-005334,44,35.51,1359.61,71.0,2,Month-to-month,DSL,Mailed check,No,No,No,No,0,0
CUST-000466,12,52.64,621.9,19.0,0,Month-to-month,Fiber optic,Mailed check,No,No,Yes,No,0,0
CUST-005734,47,77.95,3333.47,33.0,0,Month-to-month,DSL,Electronic check,No,Yes,No,No,0,0
CUST-003092,52,77.47,4585.18,63.0,1,Two year,DSL,Bank transfer,No,No,Yes,No,0,0
CUST-003772,38,64.97,2502.92,32.0,2,Month-to-month,Fiber optic,Electronic check,No internet service,No,No,Yes,1,1
CUST-005191,66,99.02,6191.34,62.0,2,Two year,No,Electronic check,Yes,Yes,Yes,No,0,0
CUST-005226,22,60.04,1314.06,36.0,1,One year,DSL,Electronic check,No,Yes,No,No,0,0
CUST-005390,13,81.87,1130.45,65.0,2,One year,DSL,Bank transfer,No,Yes,Yes,No,0,1
CUST-000860,70,83.06,5674.77,64.0,0,Month-to-month,Fiber optic,Bank transfer,Yes,Yes,Yes,No,0,1
